/*
Navicat MySQL Data Transfer

Source Server         : localhost_3306
Source Server Version : 50634
Source Host           : localhost:3306
Source Database       : db_employessleave

Target Server Type    : MYSQL
Target Server Version : 50634
File Encoding         : 65001

Date: 2019-08-26 17:48:55
*/

SET FOREIGN_KEY_CHECKS=0;

-- ----------------------------
-- Table structure for act_evt_log
-- ----------------------------
DROP TABLE IF EXISTS `act_evt_log`;
CREATE TABLE `act_evt_log` (
  `LOG_NR_` bigint(20) NOT NULL AUTO_INCREMENT,
  `TYPE_` varchar(64) COLLATE utf8_bin DEFAULT NULL,
  `PROC_DEF_ID_` varchar(64) COLLATE utf8_bin DEFAULT NULL,
  `PROC_INST_ID_` varchar(64) COLLATE utf8_bin DEFAULT NULL,
  `EXECUTION_ID_` varchar(64) COLLATE utf8_bin DEFAULT NULL,
  `TASK_ID_` varchar(64) COLLATE utf8_bin DEFAULT NULL,
  `TIME_STAMP_` timestamp NOT NULL DEFAULT CURRENT_TIMESTAMP ON UPDATE CURRENT_TIMESTAMP,
  `USER_ID_` varchar(255) COLLATE utf8_bin DEFAULT NULL,
  `DATA_` longblob,
  `LOCK_OWNER_` varchar(255) COLLATE utf8_bin DEFAULT NULL,
  `LOCK_TIME_` timestamp NULL DEFAULT NULL,
  `IS_PROCESSED_` tinyint(4) DEFAULT '0',
  PRIMARY KEY (`LOG_NR_`)
) ENGINE=InnoDB DEFAULT CHARSET=utf8 COLLATE=utf8_bin;

-- ----------------------------
-- Records of act_evt_log
-- ----------------------------

-- ----------------------------
-- Table structure for act_ge_bytearray
-- ----------------------------
DROP TABLE IF EXISTS `act_ge_bytearray`;
CREATE TABLE `act_ge_bytearray` (
  `ID_` varchar(64) COLLATE utf8_bin NOT NULL DEFAULT '',
  `REV_` int(11) DEFAULT NULL,
  `NAME_` varchar(255) COLLATE utf8_bin DEFAULT NULL,
  `DEPLOYMENT_ID_` varchar(64) COLLATE utf8_bin DEFAULT NULL,
  `BYTES_` longblob,
  `GENERATED_` tinyint(4) DEFAULT NULL,
  PRIMARY KEY (`ID_`),
  KEY `ACT_FK_BYTEARR_DEPL` (`DEPLOYMENT_ID_`),
  CONSTRAINT `ACT_FK_BYTEARR_DEPL` FOREIGN KEY (`DEPLOYMENT_ID_`) REFERENCES `act_re_deployment` (`ID_`)
) ENGINE=InnoDB DEFAULT CHARSET=utf8 COLLATE=utf8_bin;

-- ----------------------------
-- Records of act_ge_bytearray
-- ----------------------------
INSERT INTO `act_ge_bytearray` VALUES ('102514', '3', 'source', null, 0x7B227265736F757263654964223A22313032353133222C2270726F70657274696573223A7B2261737369676E65726E756C6C223A22222C2270726F636573735F6964223A224D4C222C226E616D65223A22E5A99AE58187E794B3E8AFB7222C22646F63756D656E746174696F6E223A22222C2270726F636573735F617574686F72223A22777162222C2270726F636573735F76657273696F6E223A22222C2270726F636573735F6E616D657370616365223A22687474703A2F2F7777772E61637469766974692E6F72672F70726F63657373646566222C22657865637574696F6E6C697374656E657273223A22222C226576656E746C697374656E657273223A22222C227369676E616C646566696E6974696F6E73223A22222C226D657373616765646566696E6974696F6E73223A22222C226465736372697074696F6E223A22E58F91E8B5B7E5A99AE58187E794B3E8AFB7227D2C227374656E63696C223A7B226964223A2242504D4E4469616772616D227D2C226368696C64536861706573223A5B7B227265736F757263654964223A227369642D42303843443430392D383635452D344146382D393432302D353833314244433139413736222C2270726F70657274696573223A7B226F766572726964656964223A22222C226E616D65223A22222C22646F63756D656E746174696F6E223A22222C22657865637574696F6E6C697374656E657273223A22222C22696E69746961746F72223A22222C22666F726D6B6579646566696E6974696F6E223A22222C22666F726D70726F70657274696573223A22227D2C227374656E63696C223A7B226964223A2253746172744E6F6E654576656E74227D2C226368696C64536861706573223A5B5D2C226F7574676F696E67223A5B7B227265736F757263654964223A227369642D46364537383743352D423934332D343738462D424233342D303138434437353838443546227D5D2C22626F756E6473223A7B226C6F7765725269676874223A7B2278223A3133332E33393939393939393939393939382C2279223A3133317D2C2275707065724C656674223A7B2278223A3130332E33393939393939393939393939382C2279223A3130317D7D2C22646F636B657273223A5B5D7D2C7B227265736F757263654964223A227369642D43323234364231392D463333322D343039362D394338332D443046374641384231453235222C2270726F70657274696573223A7B2261737369676E65726E756C6C223A22222C226F766572726964656964223A22222C226E616D65223A22E5A99AE58187E794B3E8AFB7222C22646F63756D656E746174696F6E223A22222C226173796E6368726F6E6F7573646566696E6974696F6E223A2266616C7365222C226578636C7573697665646566696E6974696F6E223A2266616C7365222C22657865637574696F6E6C697374656E657273223A22222C226D756C7469696E7374616E63655F74797065223A224E6F6E65222C226D756C7469696E7374616E63655F63617264696E616C697479223A22222C226D756C7469696E7374616E63655F636F6C6C656374696F6E223A22222C226D756C7469696E7374616E63655F7661726961626C65223A22222C226D756C7469696E7374616E63655F636F6E646974696F6E223A22222C226973666F72636F6D70656E736174696F6E223A2266616C7365222C22757365727461736B61737369676E6D656E74223A22222C22666F726D6B6579646566696E6974696F6E223A22222C2264756564617465646566696E6974696F6E223A22222C227072696F72697479646566696E6974696F6E223A22222C22666F726D70726F70657274696573223A22222C227461736B6C697374656E657273223A22227D2C227374656E63696C223A7B226964223A22557365725461736B227D2C226368696C64536861706573223A5B5D2C226F7574676F696E67223A5B7B227265736F757263654964223A227369642D32333835364242462D434132442D343332462D413434332D384331383845423643324136227D5D2C22626F756E6473223A7B226C6F7765725269676874223A7B2278223A3237382E342C2279223A3135367D2C2275707065724C656674223A7B2278223A3137382E33393939393939393939393939382C2279223A37367D7D2C22646F636B657273223A5B5D7D2C7B227265736F757263654964223A227369642D46364537383743352D423934332D343738462D424233342D303138434437353838443546222C2270726F70657274696573223A7B226F766572726964656964223A22222C226E616D65223A22222C22646F63756D656E746174696F6E223A22222C22636F6E646974696F6E73657175656E6365666C6F77223A22222C22657865637574696F6E6C697374656E657273223A22222C2264656661756C74666C6F77223A2266616C7365227D2C227374656E63696C223A7B226964223A2253657175656E6365466C6F77227D2C226368696C64536861706573223A5B5D2C226F7574676F696E67223A5B7B227265736F757263654964223A227369642D43323234364231392D463333322D343039362D394338332D443046374641384231453235227D5D2C22626F756E6473223A7B226C6F7765725269676874223A7B2278223A3137372E35353632343939393939393939382C2279223A3131367D2C2275707065724C656674223A7B2278223A3133342E30303933373439393939393939382C2279223A3131367D7D2C22646F636B657273223A5B7B2278223A31352C2279223A31357D2C7B2278223A35302C2279223A34307D5D2C22746172676574223A7B227265736F757263654964223A227369642D43323234364231392D463333322D343039362D394338332D443046374641384231453235227D7D2C7B227265736F757263654964223A227369642D43353639363245362D413145382D344446432D393230332D333538464544434545393244222C2270726F70657274696573223A7B2261737369676E65726E756C6C223A22222C226F766572726964656964223A22222C226E616D65223A22E7BB8FE79086E7BB84E5AEA1E689B9222C22646F63756D656E746174696F6E223A22222C226173796E6368726F6E6F7573646566696E6974696F6E223A2266616C7365222C226578636C7573697665646566696E6974696F6E223A2266616C7365222C22657865637574696F6E6C697374656E657273223A22222C226D756C7469696E7374616E63655F74797065223A224E6F6E65222C226D756C7469696E7374616E63655F63617264696E616C697479223A22222C226D756C7469696E7374616E63655F636F6C6C656374696F6E223A22222C226D756C7469696E7374616E63655F7661726961626C65223A22222C226D756C7469696E7374616E63655F636F6E646974696F6E223A22222C226973666F72636F6D70656E736174696F6E223A2266616C7365222C22757365727461736B61737369676E6D656E74223A7B2261737369676E6D656E74223A7B2263616E6469646174655573657273223A5B7B2276616C7565223A226B656269222C222424686173684B6579223A22305958227D2C7B2276616C7565223A226B6C6179222C222424686173684B6579223A22305A30227D5D7D7D2C22666F726D6B6579646566696E6974696F6E223A22222C2264756564617465646566696E6974696F6E223A22222C227072696F72697479646566696E6974696F6E223A22222C22666F726D70726F70657274696573223A22222C227461736B6C697374656E657273223A22227D2C227374656E63696C223A7B226964223A22557365725461736B227D2C226368696C64536861706573223A5B5D2C226F7574676F696E67223A5B7B227265736F757263654964223A227369642D45384431373930372D363135352D344232412D414233432D314433303539373532384139227D5D2C22626F756E6473223A7B226C6F7765725269676874223A7B2278223A3431352C2279223A3135357D2C2275707065724C656674223A7B2278223A3331352C2279223A37357D7D2C22646F636B657273223A5B5D7D2C7B227265736F757263654964223A227369642D32333835364242462D434132442D343332462D413434332D384331383845423643324136222C2270726F70657274696573223A7B226F766572726964656964223A22222C226E616D65223A22222C22646F63756D656E746174696F6E223A22222C22636F6E646974696F6E73657175656E6365666C6F77223A22222C22657865637574696F6E6C697374656E657273223A22222C2264656661756C74666C6F77223A2266616C7365227D2C227374656E63696C223A7B226964223A2253657175656E6365466C6F77227D2C226368696C64536861706573223A5B5D2C226F7574676F696E67223A5B7B227265736F757263654964223A227369642D43353639363245362D413145382D344446432D393230332D333538464544434545393244227D5D2C22626F756E6473223A7B226C6F7765725269676874223A7B2278223A3331342E39303934303137393438333838362C2279223A3131352E36333333303435353139333837397D2C2275707065724C656674223A7B2278223A3237382E343930353938323035313631312C2279223A3131352E33363636393534343830363132317D7D2C22646F636B657273223A5B7B2278223A35302C2279223A34307D2C7B2278223A35302C2279223A34307D5D2C22746172676574223A7B227265736F757263654964223A227369642D43353639363245362D413145382D344446432D393230332D333538464544434545393244227D7D2C7B227265736F757263654964223A227369642D30423338333646452D364541352D344231372D393246392D393645453039413136453931222C2270726F70657274696573223A7B226F766572726964656964223A22222C226E616D65223A22222C22646F63756D656E746174696F6E223A22222C22657865637574696F6E6C697374656E657273223A22227D2C227374656E63696C223A7B226964223A22456E644E6F6E654576656E74227D2C226368696C64536861706573223A5B5D2C226F7574676F696E67223A5B5D2C22626F756E6473223A7B226C6F7765725269676874223A7B2278223A3530382C2279223A3132397D2C2275707065724C656674223A7B2278223A3438302C2279223A3130317D7D2C22646F636B657273223A5B5D7D2C7B227265736F757263654964223A227369642D45384431373930372D363135352D344232412D414233432D314433303539373532384139222C2270726F70657274696573223A7B226F766572726964656964223A22222C226E616D65223A22222C22646F63756D656E746174696F6E223A22222C22636F6E646974696F6E73657175656E6365666C6F77223A22222C22657865637574696F6E6C697374656E657273223A22222C2264656661756C74666C6F77223A2266616C7365227D2C227374656E63696C223A7B226964223A2253657175656E6365466C6F77227D2C226368696C64536861706573223A5B5D2C226F7574676F696E67223A5B7B227265736F757263654964223A227369642D30423338333646452D364541352D344231372D393246392D393645453039413136453931227D5D2C22626F756E6473223A7B226C6F7765725269676874223A7B2278223A3437392E383938343337352C2279223A3131357D2C2275707065724C656674223A7B2278223A3431352E333832383132352C2279223A3131357D7D2C22646F636B657273223A5B7B2278223A35302C2279223A34307D2C7B2278223A31342C2279223A31347D5D2C22746172676574223A7B227265736F757263654964223A227369642D30423338333646452D364541352D344231372D393246392D393645453039413136453931227D7D5D2C22626F756E6473223A7B226C6F7765725269676874223A7B2278223A313230302C2279223A313035307D2C2275707065724C656674223A7B2278223A302C2279223A307D7D2C227374656E63696C736574223A7B2275726C223A227374656E63696C736574732F62706D6E322E302F62706D6E322E302E6A736F6E222C226E616D657370616365223A22687474703A2F2F62336D6E2E6F72672F7374656E63696C7365742F62706D6E322E3023227D2C227373657874656E73696F6E73223A5B5D7D, null);
INSERT INTO `act_ge_bytearray` VALUES ('102515', '2', 'source-extra', null, 0x89504E470D0A1A0A0000000D494844520000022E000000CE080600000019918974000000206348524D00007A26000080840000FA00000080E8000075300000EA6000003A98000017709CBA513C0000000467414D410000B18E7CFB5193000000017352474200AECE1CE900000006624B474400FF00FF00FFA0BDA793000000097048597300000EC400000EC401952B0E1B00001D444944415478DAEDDD09741455A2C6F14A279044F6558288E0C000323E19E58CA80CA220288AB8E010569711507C2E3CC6751C041D7719F538A80CE2024104444050411441D041144C5844F61D9210421212D22149F7BB5F49E5344D1296A49724FFDF39753A9DF452A9BA7DEF57B76EDDB62C0000000000000000000000000000000000000000000000000000000000000000000000000000000000000000000000000000000000000000000000000000000000000000000000000000000000000000000000000000000000000000000000000000000000000000000000000000000000000000000000000000000000000000000000000000000000000000000000000000000000000000000000000000000000000000000000000000000000000000000000000000000000000000000000000000000000000000000000000000000000000000000000000000000000000000000000000000000000000000000000000000009C44049B004055E5F57A63B66FDFFEBFD9D9D9838E1C39D226272727C6E3F1B061CADAB0444478A3A3A30F56AF5E7D657E7EFE2B9D3B77FE86AD02820B700A366EDC38D83448C3DC6EF7FF98DBDA344AE5D22859B1B1B1593131316BCCCFAF5F7CF1C51F57C4FFC304967BD2D2D2C699B2715693264DAC3A75EA58B56AD5B25C2E173BB98CF4393361D0CACACAB29293938F1616166EC8CDCD1DD4B367CF756C1D105C8062242525753315658239DA6B42A314B846292525C56BEEEF30DB35FEF2CB2F5F5951FE875DBB76CDD9B66D5B9FE6CD9B5B4D9B36B5C3180267DFBE7DD68E1D3B72BD5E6FFFABAFBE7A2E5B046511C9264065B37EFDFA51070F1E9C621AA45A6DDBB6B5EAD6AD6BC5C4C4D03895D7D18ED98ED1D1D156EDDAB5D5E89BBB11F5D2D3D3EF1A3162C4FE891327AEAE08A1C52C7DDAB56B67356AD4887211043A68A85FBF7EB5D4D4D4EB070D1AB476F2E4C99BD82A20B800C742CBA143875E328D928B4629A88D92CB1C555F376CD8B0DD93264D4A0CD775D5E92173E43F4AA145C1CB5F5E768A95FCCB6C2B79C35C2B6DFB37D69143DBADE81A8DADA8E8DAECE832AA5EBDBACA4974727272AF8103077E96909090CA5601C10555DAB265CB2ECACECE9E691AA5C8E21A254FE151BB314AFEE5132B75D3E756E6FE44CBEBC9B762EB9C4BC0298746A95EBD7AAEBD7BF75E3B60C080B9E1D8286920EE962D5BBE8E8B8BABA6505B5C68D9BDFA5DCB7D78BF796CA17982C7CACF3D646525AFB16A3468457829A772E272B98E6466665E3C79F2E40FD82238139CF047E529CC2ED7ACE6CD9B171B5A644FD254EBE0F62556BE3BC3BE9F9F9B6E1DD8F2A5BDA0EC6AD4A861B568D122263A3A7A4A38AE9FAE1ED2405C8D69294EFACE6556C1D19C1202EF1276703969D6AC59FDA8A8A8D68B162DEAC4D600C10555D6E2C58B2FF1783C2D4B6A948EA46FB597E21CDAF57DB10D164E9FB67F646464AB706C9474C9B3066A97D4BB969BB5B7C4E7AA3706E5A771E3C6C9E6E656B604082EA8B26262621E348D92EB4C1A25AFD7631D3D92C6462C27717171312E97AB5FB8AD97E669D1D565259683C2FC929FECE532FAF2D4B061C373CC4D57B604082EA8B20A0B0BAF2CB551F21494FE02344CE5C6EC8728135CAE0BB7F5D2E4721A488CD033FB21CEDC74604B80E0822A2B2F2FEF1C1AA5F050B3664DABA0A0A075B8AD97E69F611E9F3069787EDB0F516C09105C506579BDDE481AA5B06A942ADCCEA8165BAFC4BF4545138A01820B10CC4629A66EE91F84C8EA6CA42AAE7EF3CBADA8EA354EF87D64B558ABFE799DD94000C105089E1A0DDBD8F3B514A756E3F656B47DCA1D5559CD46EDEC7252DCEF554600105C80A0D19174A3563D8AFD5BE3DF5F674544F051806515E6E79EF0BB82BCC36C1880E00284A2513A52ECEF69987034E780B56BD5242BFBC08613FE967370B3B5EBA789F66300105C8080D33C2D07B67E65ED5F3FABD8BFEF5EFD9E7570C7B76CA82A2A73DF6A135ADEB1BF97A8244732765A3B56BE654F56E8E5D27920A4B81C0D959A663C4DF9F553BBE12989A674D7B4FFB9E6314DDAF5E13B69AA08F5A0A46CFADCEE5139152A277AFCE1031BACC6BFEF65C5302E0A08097A5C502969C2B9B46D8BAD9D3F4E2835B4F8CA4EDB686D5FF18695B1E707366015A01E94530D2DBED433A372052034E87141A594B2E98B330A201A9C99FCEB3CCB15156BD56EF23F6CC84A4C3D286509C600082E40B9F17AF2CBF87C1AA6CAAE6DF77FB21100820B101EE22EB8C55E0000950B635C000000C105000080E0020000AA2CC6B8000010A6060E1CD8ACA0A0E0A68888882BCDDD0E666962969A66719B25D9EBF5269ABF7D171919F9D1D4A953F7105C50212C5DBAB4D7AFBFFE3A3C2D2DEDB2E4E4E4BA5959595179797911515151DE3A75EA14366AD428AD7EFDFA2B5BB66CF972EFDEBD97B3C50020BCF5EFDFFF2673739FC7E3E9628249715F5F1F639616E66F2DCCED4D8585852FC7C7C72F31F7274D9B362D81E082B0F4EF7FFFFBC9D4D4D44766CF9E5DAB5DBB7656B76EDDAC73CF3DD73221C58A8989B1DC6E77C4E1C387A376EFDEDD64DDBA75377EFDF5D7373EFEF8E387A2A3A35F1A3366CC0B6C4100082F267C288CBCEDF57A7B9EC1D3BB9AE77535AF31DC04993B67CE9CB985E082B0F0DE7BEF75DAB66DDBFC9D3B77363005D4BAE8A28BACC8C8C813E3B8092F5A1A356A645D7CF1C5D6902143ACA4A4A47A3366CC787EE4C8910FC4C6C65EFBDC73CFAD618B0240E8F5EBD72FDEE572BDE9F178EA39BF53DDFE873FFCC1BAF4D24BAD56AD5A5975EBD6B56AD5AA651D3972C4CAC8C8B076ECD861AD5CB9D25ABD7AB5959F5F347F5567F3BC9FFBF7EF7F6F65EC7D21B85430E3C78F7F65C58A15236FB8E106D775D75D576C60298D428E96850B17C67DF2C927ABC78C19F324BD2F0010F2D07283092D0926B4443A8145757C8F1E3DEC834F7F679D7596BD346DDAD4BAFCF2CBED10F3D9679F595F7CF185555858A887D4F47ABD534C788931E1E59DCAB4ADB8AAA802F9F0C30F5FDDB061C3FF8D1A35CA6582CB6987165F3D7BF6B49E78E289C8B4B4B467C78E1DCB14A20010BAD0A29E96392668D895BAC2C8F3CF3FAF81B9C58696E2A827468FD7F33464C0615E73A2092F83082E08BA71E3C63DFDFDF7DF3F387AF4E888D6AD5B97CB6B9E77DE7996793D576A6AEA630F3DF4D07D6C6500082E8D693107A16F3AA1A54D9B36D69831638E0B1FA743CFD3F32FBCF042DFF0F296092F6D092E081A53082FD8B871E3130F3CF040C4A9A6EF53A5D77BF8E18723B3B3B3C70D1D3AB43D5B1B0082D808BB5CEF38635AD4D3326AD4287B0C4B59E814923918F50D3F3A6D3491E082A0C9C9C959D0BB77EFC8F2EA69F1A79E97BE7DFB464745457DC2D60680E0D025CF26B474D3CF3AF5AFB051D6D0E21B5EEEBFFF7EDF21059D2BCB2923824B98FBC73FFE31CC24E5661A9312487AFD1A356AB4183264C8ED6C7584ABF8F8F8AE061715205CCAE3930A1F65289345A7E83510F74C4F0F9544AFA7F1900ED3960C27B820E08E1E3D3ADA7C3022AA55AB16F0F732A1A57ACD9A359FACA01500AA866FE2E2E2369AF2F296593A86C30A2527275B3FFDF4D309BF2F2828B00E1C3870269FF9E3EEEBB5939292EC9F7509ACAFD4D4D4525FEB830F3EB0D7A334EFBCF38EB561C306FB67E77D64D7AE5D94B6937BC68481D9679F7D7656BF7EFDE6983AECDADB6EBBADE6A93C5133E29A9BABF4B3730551205C7BEDB5964FFBD159636A082E0898871E7AA8454E4E4E9C2E5F0E866383B99A86A8603B1540A6A900A69D4E05102AF3E7CFB7E74EF0B762C50A6BF8F0E1D6BE7DFB8EFBBDEE7FFEF9E77643E734786EB7FB941A0ABDE69C39734A6D3CB3B3B34FF8FDA38F3E5AE93E17A69C9C6F6EEE31CB8FA6AC261F0B3121EB89494848B076EEDC69793C1E6BCA9429F63E5EB060813D6FD2ECD9B38B1E77F0E0416BF1E2C5F6A2B2A350F1E0830FDA8F7DE38D37AC4F3FFDD49A3A75AAF5AF7FFDEBB8D79F3E7DBA55BB766DFBE7BFFFFDEFD6E6CD9BEDB2A2E5FAEBAF3FEEB17BF61C3FE3BBE671FAFEFBEF4B7DCCDAB56B8B8EF4478E1C59149CB4FEFA9F7072111111B166E963CAE6172684A84CCE541D76C71D77C494F41C4DE3EF0CC8551DAF89430341571B691E2F1F7D2BFAF6E6E8368CD5AC5973448B162D5C65B9ECF97475EAD4A9DA575F7D156F7E7C214415C059EA80311FE878F37F67990A60BEF9DD94E8E8E825EFBFFFBE3B9CF68F1AA5975E7AC9FE59A3F86FBCF146BBE1D12CC6E3C78FB7A2A28EFF782D5CB8D06E20EEBCF34EBBC15AB4689175F3CD375B2929293A4D67BDF9E69B76E3551CCDD1E033B9D4091A366C681FB1E935972F5F5E146256AD5A65378C3AEAFEEEBBEFEC4B252B99B38F85987B9A3469B2CF84DECF4DD9999E9A9ABAC42808F49BAB91DFBF7FBFF5B7BFFDCD329F1B8D59B0F7BB4285F6C9B061C38A1EDBA04103AB6DDBB67668B9F5D65BEDB10C0AA43A2256A8B9E28A2BECC7697F39D4C3A2019B2D5BB6B466CE9C6907098D49AB5EFDB719E0F57ABE3EFAE823EB820B2ED080CFA240ABF7715E73E9D2A5F67A687D5526149C75BB75EB567B1DCE39E79CA2D75659755E07A7A586C28129877DCDF63D6AEAB04F4D1D36D59493F9BE65F2D8770FD9FEF4A73F057485F4FA3FFCF0837357EFFB0AC10581AA147B6AC6C4606ADFBE7DB565CB96F50A5570F1A3C3CC01A60218602A00B78E62CC87FD13FF0A205454C1AB115077BDC2878E6A7434AB864B8B8E7435319443B35B2AB44C9B36CD6EACD4E075E8D04101D5FEFBDCB9738F7BFDDB6FBFDD6E0845A70B7273738B06EEBDFAEAABF6D17DE3C68D7FFB209BF7338DB6FD73C78E1DED236D5190D27B29CC3CF3CC3395FD23D3D4948FBBB5A8E7CE9497796A3002197ACDEB5A4F3EF9A475E8D021EB3FFFF98FF5C73FFED132EFA7B16956AF5EBDEC50E01B601542D46DAFC7A8FC28F82854AC59B3A62830F8F7B60C1D3AD47E8C7A754E46C146EFEBDBBBA200E25C1AAB4B6D158244A145E556CFA957AF9EFDFBF7DE7BCFFE5F7C4F4DDF72CB2DD6A44993ECC7E0F4AB0927C498609D633ECF4BCDFD375426CDF6EFE03CE8FCF3CF0FE84A980360DFBB1DE87141C0980AA4998EAE8249959CF940B50BC3CDA19678B0A900069B46E9B069941699466962287A6274CA474142E317D4A0BCFEFAEB56B366CD8A8E6A3566C03952CDCACAB2BBF9F5D82D5B7EFBDA909C9C1CFB885CBF53CF881A2D3DDFBF5B5EF7153A1C870F1F2EBAAF40E2841687BEFEC1316BD62CBB1747E1C859AFB4B434CB549E01DF3E7A1F9D4233EB33265485C5948D3AE66690292F83D4409B50B7E54CC69B9446BD25DAB66AD04DD8D7778759797979766FDB6BAFBD66EFBFFBEEBBCFBAFAEAABED50A9FB0A32EA39D37ED9BE7DBB1D569C1E173DCEB7C7456543FB599F490524F5A6A8A7EECB2FBF2C0A43FEBD708F3CF288F5DC73CF159D1AD0D815F5FCECDDBBD79E1A5EE5518F1105662D5A079DA6D063145AF4BF38F58E5EEB89279E28F7D0120E6524143D31A63C2A55F63A768AD8EBFC41A77302C9EFF51B125C1030A670D70A7481F6A7237A53B9D60DE70AC5344AEA76B8C55402B7A80230EBBAB5BC1BA5520FEBCD51B37A343406403D2AAA8077EFDE6D5D72C9257685ACCBD6D510A8B257E3A3E03263C68CA2D0A040D1BC79736BC4881176C3E1FC5E47E9BED493E33462FE3D2ECE38195137FFC68D1BADA79E7ACA9A376F9E7DBAC899EFC7777CD48B2FBE68F70EA8972890D4F0FDFCF3CFFAF1A9302A33ADD4E3A55334E5A553A74E7698D09895010306D84154FB7FF4E8D1458F99306182E649B2838BC2AC4287F69782AA3EDBA5F5B8A86CE86FEAA1F3ED2DD314F0CE63156CFCE9F515364401A97BF7EEF66BA9D7CDBFD746654C8FFFF0C30FAD418306D96556A73C9DE76AFD75596D552823A12896BEF56E20F9EDC318820B02C61C4D5573BAFC83D6AD61DECF0482A80A56A1FCAEBC1BA593D1FB69CE856FBFFDD63EDDA35E14354A9A72FBD9679FB52791D2A0C7C99327DB0D9ABAE89D81BC7AAC82868E70156CD408E9685C8143A7801CEA5129ADC7A5E89FFFDDEFEC450D9C42D0E0C183ADB7DF7EDBEE1EBEE69A6BECC7A86154831A8CEEFE3FFFF9CF7603691AA6B10178F9332A97A64C6F31FBA95579AF4C6262A2BDFFB45D1542144A3538573FEBB3F4CD37DFD8E3981CBA3455E5A14B972E7698D0D825DF1E173560BE570AAD5FBFDEFE9D16058C53A15E1D27F0AE5BB7CE5E37AD8B7E8E8B8B2B7A9C828C8289FEAEE0E51F50F4D8408496209491603AD5F2A8EE54975F98F69872E9723EDB810C2F7E57A3B92BF83627B884F5CE898A3AEA76BBAB0733BCA807C37CA0F2CD07EAB930AC00F441F798F58BF2AB00B675ECD8F1FC60AE6C6666A6DDF0E8C871ECD8B1766F881A2DA7C1D0B7B86A409CC632A85B5F47BD0A164E8F8B828C161DADABC1D280CDABAEBAAADCD64F03F1EEBAEBAEA2FB1A2B11AC310A3A35A153158F3EFA68B9F7DAC5C7C79F524361CA4986CBE5D2CEF8C0399D78F7DD777BCB735D143675DA45FBF6B6DB6E3B6E8A7585478D41F20D9EFECF552F9A9EAB90E39C4252CF9D428C7A64E49E7BEEB1AF1C5230755E7FC99225259E2A3A566F14BDAF6F8F8B16DF1E97CE9D3BDB8B4E3F954641ABBC67EC0E641909A6D2CAA3298385A66E72AEAC70A94C9AFB5F1D1B77B5C0D4B56B5555E88F0AB0810C2E7A7D1F69041704B2F723CB14B886C11897E07B541F191979282121614C9854003A52D1579D6AB4A0CB7CE84FA800D4289946DA1BCCF5D500588D65D198011D71EB5693F839036DB51D754AA6B80A5F032215707404AD064E57A3E81B5D7549AC2FDFF129FEA78A4A9ABF430DA27A7AF4FEEA157268EC4215705097D49BC0322B3939F9AB400FE0D6A91F054FDD2A78E88A9D2BAFBCB2C4C73BA785D4D3A1E768E0B5F6AB8E86376DDA64074B951FDFD3C3FFFDEF7FED5BF5D069BF4AD7AE5D8B4E156930AD3F5DD5565C8F8BC6D4282C9F8CCA96C6C3387EFCF1C7E306FCA254BA96BCFAB1032A85165DDEA79D313D3636F62B535765F8D479894E70D9B66D5BB94F3EE7CB777F1A890417048C091049E608A95B30838B793FB769FC7E0AF1BFAEA0A243497535B98E2D255600A1A0310BBA3C5547C73A35200A204EEF984E2174EBD6ADD8E79E7DF6D9C71D892BB468AC8CFFA5A73ACDA4F134BEA1D2799EC639F8D329280DA67CECB1C7EC86D4775E97934D42568169B08F26B8996EB6FD8A600ED4D67C2A2FBCF0827D7AEEB2CB2E2BB177458143BD25DA7F0A2813274E2CDAD7CE55670AB3BA1C5A61D709280AB64F3FFDB47DCA5021C76F2E8E223A5DA9DE3DA7ECE95267DFF0EBF4B8F85398559971E61252E855B9D5C0EE7BEFBDD75E5FD195493ACD59D2FBE338D58FD5551F9BE533B34FE69754264DC85E6AC28D3DA78A0E324A0BBD65E57B10632C25B82090BD1F9F26252575BEF4D24BA383F59EE60830C55460DF843AB31D5B4EA90208496B999C6C9F2ED2E04C4D2426BE0D8453E9FBF786F8D34CA53A75A44BA7FBF4E9735C03E31B5A8A3BDAF7A7A3725DCDA253056A007D1B5285AC4A44833D16996592D90F89A1BA345E83B035D8D9B9BC5873F068DB6BDF68BC95D3EBA170A0B0AA00E2840A27F03A3D72EA4953CF86A85CD5A953C73E3DA45351EDDBB7B7C3854EF7E974A27A791C7A1F851E0514673D7CE95492C65215D7D3E25C0DA500E6943B0DE0767A57749A4A3D3A3ADD19C8DE80CA40BDC0E66689D9F7CEA9C9931E5899B232A7B0B05083DAA2540FA4A7A70764123A9D265AB56A957AA49DC1C01F135C10309AB3C404897FFEF5AF7F8D0ED62474A6F28C0D65C13E930A2014A1455DFC77DF7DB77D5FF3AD6850AD6F8F8B06553A5767F8F77AA861D3B8013554EAF2D751B52E5BD500C9975F7EB9D84646A1E764B398EAF5FC0753AADB5F976B07F3AAAB00BBCA6CFFE5E1308F8FF88605FFFD5D1A054B9D263C19851651B972E6E9391D77DC7147B1F3C3F8AEB3EF7AFB9E122AA90709C7F987A9A77798FDF3F1E91E584D9D3A754FFFFEFD97983AAFBB093076CFAB06F797B76313503AA165B939D8DA417041C0A8609B8A674D626262A74B2EB924E0C9E5E79F7F4EC9CDCDDD1AA2827DC61540B0E9D480EF179789E6EBF06D208AABF4D51B22BA92C37FA2308D4B2869D65CA737A7B406487C438BDE437494AFAB9C2A0B53369750339CBA93951994B93CFEB38C2F315E1F6FFDA0E0A2ABCDCAB3774B83BDE7CD9B57D4DB62EAD8099561BB339F7398CBCBCB7BE5DD77DFCD50220FB4B7DF7E5BD7CCBD15AA0A60DAB46909E11E5ACAD24038F3A7A8C7C5FFEB00CABB013ADDD707107CA6CED3F82C3B8CAB8ED7C14D71A799CF84067DBFFEFAEB85E620A9A8B765FFFEFD1F115C1094829D9999F98B391A0FE865213366CC58979595B5AFB2146C00A820EEB48E5DA2AC59B9C78D1B57E6F0A2D062429077EFDEBD4E4F7D764444C4D07039C54A70A9024C121F327BF66CEFE6CD9B03D2EDB27DFBF68373E7CE6DACEF78A92C051B002A029D9AF77ABDF79B1FEDBA5783ECF5A5AD3ACD7326F4BCD1A34717AE5DBBB668665E53B7DF6B0E827FAD2CDB8CE052410AF6D1A347EF7BFEF9E70F1D3870A05CC34B6A6A6AD6534F3D75D47C704655A6820D0015C5F4E9D3D5D33DD4092FEA7979FCF1C7ED19B2FD268F2B911EA7AB1C1F7BEC31DF9E165DF0F0B84EC357A6EDC589F00A54B0E3E3E3631E7EF8E1174D813EAB4D9B3635CBFA9A5BB76EDD6D927D647E7EFE1BE6F513D8CA0010B203D4F7FBF5EBA7317E6F454444D4D59817CDA8AD41BBFACE31CDD5A36F91D60485BA7C5EA783145634B9DCAA55ABB478F2F2F2D419E1F4B4683A89FB4DDDFE7E65DB5604970A58B0C78E1D3BBE77EFDE9BFFF297BFB43ED3CBA4A74C99B27CC18205BFF7783C8F56C6820D0015F4007585092E137599B47EA700A309009DEF3A2B85EF1994E51AD352597BD1092E15B460CF9B376FE2A2458BAA69922893C45B9CEAF37FF8E187A4091326B8347DBC29D8579A30C4E92100089F03D41DE6E61A53CFF73575F4701360BA9E465BBDDCFA6D62C684CA3C5E91E052C10BF66BAFBD363C2A2A2ABA75EBD67BBA74E912DBAA55AB7A0D8C18C3ED76676664641CDEB265CBDE65CB96B9376CD8D0323F3FFF705528D80050C1EB794D04FAF1C081039B793C9EBE26C05C61EE77348BBE0346335DEAB492AE46D2770F691AFF8F2BC3E47204972A54B04D28E9FBCB2FBF3805DBA1AF0A50503950D50A360054069A88D4DCBC766C01C185820D004045C2E5D0000080E002000040700100000417000000820B000000C1050000105C000000082E00000004170000407001000020B8000000105C000000C105000080E0020041ABEC5C2EAFC7E361438401B31F769A9B02B604082EA8B22222220A6894C2A651D24D61B8AD574C4C4CEAE1C387D94161E0D0A143EBCC4D225B02041754595151511B6894C2437676F651132493C26DBDAA55ABB63C3333931D1406929393B3CCCD12B604082EA8B20A0A0AE6656464B8D912A177F0E0C19D5EAF7771B8AD97DBED7E69FFFEFDF966DDD849A1B5233D3DFD22733B8B4D01820BAA2C8FC73373DFBE7D6E1AA5D033E1A07A38364A5DBA745969CAC71A534ED84921B46EDDBA45663FECBBE69A6B56B03540704195D5A3478FC4FCFCFC957BF6ECC9606B84F0507AC78E350505059BC3B55172BBDD83CC3A1EC9CACA626785404646C6DCF4F4F4DEE64063245B0304175479A6327CD0344A1ED3281D656B045F767676CAAE5DBBE2C2B951EAD9B3E7AF66FDFAAC5FBF3E93F012FCD0B276EDDA0B232222869AFDB08E2D823315C9264065919090903664C890D5070E1CE859B76EDDA8E8E8E86A6C95A085965D898989BA9268788F1E3D9687F3BA4E9E3C79DBA041837E4A4949B9C934A239B56BD78E35B7ECC4C0D9B16EDDBA99E6A0E26AB39D4774EFDE7D3E9B040417C0A7511A3C78F01AD328DD6C8EAC379900D3844629A00AB66CD9F2F5A64D9BCE313FDF53511A259593810307CEC9CCCCBC68DFBE7DB5DD6EF72697CB1561C26E4DCA4BD9699E96F4F4F4EFB66FDFBE6AE3C68D0D727373A3CCEF06867BA845C5C0271495D2C2850BDB9A86E8D5C8C8C88BEAD7AFBFB171E3C60DEAD5ABD7DAFC2E86AD53E64629DB34F81B4C384C4F4B4B6B69EEEFD2E9A18ADAFDFFE5975F763061E556F36357B374340B65A41C02ADF5DB3C2D4BCC328B81B820B800344A344A00000000000000000000000000000000000000000000000000000000000000000000000000000000000000000000000000000000000000000000000000000000000000000000000000000000000000000000000000000000000000000000000000000000000000000000000000000000000000000000000000000000000000000000000000000000000000000000000000000000000000000000000000000000E0EBFF0155BAF03F86C0151B0000000049454E44AE426082, null);
INSERT INTO `act_ge_bytearray` VALUES ('102517', '1', 'ML.bpmn20.xml', '102516', 0x3C3F786D6C2076657273696F6E3D27312E302720656E636F64696E673D275554462D38273F3E0A3C646566696E6974696F6E7320786D6C6E733D22687474703A2F2F7777772E6F6D672E6F72672F737065632F42504D4E2F32303130303532342F4D4F44454C2220786D6C6E733A7873693D22687474703A2F2F7777772E77332E6F72672F323030312F584D4C536368656D612D696E7374616E63652220786D6C6E733A7873643D22687474703A2F2F7777772E77332E6F72672F323030312F584D4C536368656D612220786D6C6E733A61637469766974693D22687474703A2F2F61637469766974692E6F72672F62706D6E2220786D6C6E733A62706D6E64693D22687474703A2F2F7777772E6F6D672E6F72672F737065632F42504D4E2F32303130303532342F44492220786D6C6E733A6F6D6764633D22687474703A2F2F7777772E6F6D672E6F72672F737065632F44442F32303130303532342F44432220786D6C6E733A6F6D6764693D22687474703A2F2F7777772E6F6D672E6F72672F737065632F44442F32303130303532342F44492220747970654C616E67756167653D22687474703A2F2F7777772E77332E6F72672F323030312F584D4C536368656D61222065787072657373696F6E4C616E67756167653D22687474703A2F2F7777772E77332E6F72672F313939392F585061746822207461726765744E616D6573706163653D22687474703A2F2F7777772E61637469766974692E6F72672F70726F63657373646566223E0A20203C70726F636573732069643D224D4C22206E616D653D22E5A99AE58187E794B3E8AFB72220697345786563757461626C653D2274727565223E0A202020203C657874656E73696F6E456C656D656E74733E0A2020202020203C61637469766974693A61737369676E65726E756C6C3E3C215B43444154415B5D5D3E3C2F61637469766974693A61737369676E65726E756C6C3E0A202020203C2F657874656E73696F6E456C656D656E74733E0A202020203C73746172744576656E742069643D227369642D42303843443430392D383635452D344146382D393432302D353833314244433139413736222F3E0A202020203C757365725461736B2069643D227369642D43323234364231392D463333322D343039362D394338332D44304637464138423145323522206E616D653D22E5A99AE58187E794B3E8AFB7222F3E0A202020203C73657175656E6365466C6F772069643D227369642D46364537383743352D423934332D343738462D424233342D3031384344373538384435462220736F757263655265663D227369642D42303843443430392D383635452D344146382D393432302D35383331424443313941373622207461726765745265663D227369642D43323234364231392D463333322D343039362D394338332D443046374641384231453235222F3E0A202020203C757365725461736B2069643D227369642D43353639363245362D413145382D344446432D393230332D33353846454443454539324422206E616D653D22E7BB8FE79086E7BB84E5AEA1E689B9222061637469766974693A63616E64696461746555736572733D226B6562692C6B6C6179222F3E0A202020203C73657175656E6365466C6F772069643D227369642D32333835364242462D434132442D343332462D413434332D3843313838454236433241362220736F757263655265663D227369642D43323234364231392D463333322D343039362D394338332D44304637464138423145323522207461726765745265663D227369642D43353639363245362D413145382D344446432D393230332D333538464544434545393244222F3E0A202020203C656E644576656E742069643D227369642D30423338333646452D364541352D344231372D393246392D393645453039413136453931222F3E0A202020203C73657175656E6365466C6F772069643D227369642D45384431373930372D363135352D344232412D414233432D3144333035393735323841392220736F757263655265663D227369642D43353639363245362D413145382D344446432D393230332D33353846454443454539324422207461726765745265663D227369642D30423338333646452D364541352D344231372D393246392D393645453039413136453931222F3E0A20203C2F70726F636573733E0A20203C62706D6E64693A42504D4E4469616772616D2069643D2242504D4E4469616772616D5F4D4C223E0A202020203C62706D6E64693A42504D4E506C616E652062706D6E456C656D656E743D224D4C222069643D2242504D4E506C616E655F4D4C223E0A2020202020203C62706D6E64693A42504D4E53686170652062706D6E456C656D656E743D227369642D42303843443430392D383635452D344146382D393432302D353833314244433139413736222069643D2242504D4E53686170655F7369642D42303843443430392D383635452D344146382D393432302D353833314244433139413736223E0A20202020202020203C6F6D6764633A426F756E6473206865696768743D2233302E30222077696474683D2233302E302220783D223130332E33393939393939393939393939382220793D223130312E30222F3E0A2020202020203C2F62706D6E64693A42504D4E53686170653E0A2020202020203C62706D6E64693A42504D4E53686170652062706D6E456C656D656E743D227369642D43323234364231392D463333322D343039362D394338332D443046374641384231453235222069643D2242504D4E53686170655F7369642D43323234364231392D463333322D343039362D394338332D443046374641384231453235223E0A20202020202020203C6F6D6764633A426F756E6473206865696768743D2238302E30222077696474683D223130302E302220783D223137382E33393939393939393939393939382220793D2237362E30222F3E0A2020202020203C2F62706D6E64693A42504D4E53686170653E0A2020202020203C62706D6E64693A42504D4E53686170652062706D6E456C656D656E743D227369642D43353639363245362D413145382D344446432D393230332D333538464544434545393244222069643D2242504D4E53686170655F7369642D43353639363245362D413145382D344446432D393230332D333538464544434545393244223E0A20202020202020203C6F6D6764633A426F756E6473206865696768743D2238302E30222077696474683D223130302E302220783D223331352E302220793D2237352E30222F3E0A2020202020203C2F62706D6E64693A42504D4E53686170653E0A2020202020203C62706D6E64693A42504D4E53686170652062706D6E456C656D656E743D227369642D30423338333646452D364541352D344231372D393246392D393645453039413136453931222069643D2242504D4E53686170655F7369642D30423338333646452D364541352D344231372D393246392D393645453039413136453931223E0A20202020202020203C6F6D6764633A426F756E6473206865696768743D2232382E30222077696474683D2232382E302220783D223436382E342220793D223130322E30222F3E0A2020202020203C2F62706D6E64693A42504D4E53686170653E0A2020202020203C62706D6E64693A42504D4E456467652062706D6E456C656D656E743D227369642D45384431373930372D363135352D344232412D414233432D314433303539373532384139222069643D2242504D4E456467655F7369642D45384431373930372D363135352D344232412D414233432D314433303539373532384139223E0A20202020202020203C6F6D6764693A776179706F696E7420783D223431352E302220793D223131352E30222F3E0A20202020202020203C6F6D6764693A776179706F696E7420783D223434312E372220793D223131352E30222F3E0A20202020202020203C6F6D6764693A776179706F696E7420783D223434312E372220793D223131362E30222F3E0A20202020202020203C6F6D6764693A776179706F696E7420783D223436382E342220793D223131362E30222F3E0A2020202020203C2F62706D6E64693A42504D4E456467653E0A2020202020203C62706D6E64693A42504D4E456467652062706D6E456C656D656E743D227369642D32333835364242462D434132442D343332462D413434332D384331383845423643324136222069643D2242504D4E456467655F7369642D32333835364242462D434132442D343332462D413434332D384331383845423643324136223E0A20202020202020203C6F6D6764693A776179706F696E7420783D223237382E342220793D223131352E3633333936373738393136353434222F3E0A20202020202020203C6F6D6764693A776179706F696E7420783D223331352E302220793D223131352E3336363033323231303833343536222F3E0A2020202020203C2F62706D6E64693A42504D4E456467653E0A2020202020203C62706D6E64693A42504D4E456467652062706D6E456C656D656E743D227369642D46364537383743352D423934332D343738462D424233342D303138434437353838443546222069643D2242504D4E456467655F7369642D46364537383743352D423934332D343738462D424233342D303138434437353838443546223E0A20202020202020203C6F6D6764693A776179706F696E7420783D223133332E33393939393939393939393939382220793D223131362E30222F3E0A20202020202020203C6F6D6764693A776179706F696E7420783D223137382E33393939393939393939393939382220793D223131362E30222F3E0A2020202020203C2F62706D6E64693A42504D4E456467653E0A202020203C2F62706D6E64693A42504D4E506C616E653E0A20203C2F62706D6E64693A42504D4E4469616772616D3E0A3C2F646566696E6974696F6E733E, '0');
INSERT INTO `act_ge_bytearray` VALUES ('102518', '1', 'ML.ML.png', '102516', 0x89504E470D0A1A0A0000000D49484452000001FA000000A60806000000322E4D71000010B84944415478DAEDDD09885C759A00F080232222222822AEA8B0C8E0CA228238E2282288B88E2878748ECE253930D1A19568266A34918DBAE281598346C423485C11956C10DDCD9D9E8CD16870346A36D144739A6E331E59272646DFBEAF36FFE2A55295B49DEEEAAACEEF071F55DD555DE9F4FBFAFBFEC7ABD7030600000000000000000000000000000000000000000000000000000000000000000000000000000000000000000000000000000000000000000000000000000000000000000000000000000000000000000000000000000000000000000000000000000000000000000000000000000000000000000000000000000000000000000000000000000000000000000000000000000000D048B22CFBCDBA75EB5E59BE7CF9CF0B162CC8E6CD9B27EA1CF3E7CFCF962E5DFA751EAD321250C415F11E15F9D1DEDE9E75747464BB76ED127D149D9D9DD992254BBECBF3E53A950B50C415F11E138340F9D13079B22B1F1C7EAA72018AB822DE6362A5C7F1699CC873E427950B50C415F11E13DB0B8E4D43E548A672018AB8225EF71CF9DF6FB766EB563C977D3CFFBE52C4FDF89CE3AAD1038AB868F246BFE39BCDD9AAFF9A9CFDF58DDBF789F85C3CE6D86AF480222E9AB8D16FFCF83FF7CB8F149B3E9EEBD86AF480222E9AB9D17FBAE8DF6AE6483CE6D86AF480222E9AB8D1AF9A37A5668EC4638EAD460F28E242A3171A3DA0882BE28D9823718266AD1C89C71C5B8D1E50C4451337FAB5CB9EA89923F19863ABD1038AB868E246BF7DF387D9AAFFBE77FF159FFC73F19863ABD1038AB868F20BE6AC7F6FD67E39129F735C357A401117CDDEE87FFC315BFB9727F75FF1C93F178F39B61A3DA0888B266DF471D1A435CBFEBDE6F64E3CE6C24A1A3DA0888B666BF4F9206FEBDA85D9476FDD59333F52C473E2B906861A3DA0882BE24D9023071B001A186AF480222E9AB8D177650078A081A163ADD1038AB822DEC039D2DDFC48E1586BF48022AE8837FAF68E90234073367AA188CB11390268F442A3177204D0E885462F347A4011171ABDD0E8A1A72D59B2E45F66CE9C3967DAB4691DB7DC72CBEEE1C387FF3270E0C0ACB5B5F597F1E3C7FF3465CA94ADD3A74F9F3377EEDCDF6BF442A31772A4EF0C1932E41F5A5A5A6ECE6BF42B79ACCD6347D4EB3C76E6B13E7FECF5FC76423C4F7763C0134F3C71F73DF7DCF37D5B5B5B9637FA6CF9F2E5D9E6CD9BB39D3B7766216E3B3A3AB2F7DF7F3F7BE18517B278DEA44993FE9637FE3F69F442A31772A47E060D1A744D1EF3F226FEE3DEC6DE9558947F4DAB6E77187AEEB9E77E3779F2E4AF6FBFFDF65213DFB3674FD6551F7CF04176E79D7766B7DE7AEB96FCF69F357AA1D10B39D27BF2667D7A1E6FFE8AE65E2DDAAFBFFEFA7FD4FD0E133366CC7878ECD8B13FCF9D3BF75735F84A6FBDF5563666CC983DFD6576AF882BE272448E349A96969681F98CFCEB62D31E326448F6C0030F640B172ECC366CD8907DFFFDF7A59AFCC30F3F945664972D5B963DF6D863D9D0A1432B9BFD0EB3FBC3C0ECD9B31FBBF9E69B7F59B3664DD613BEF8E28B2C7FBD9FA74E9DFAAF1ABDD0E88546DFA34DFE0F7973FEA9D8E05F7CF1C5D2766A577CF3CD37A5E7C7D7151B7EDEEC47E986FDD4238F3C725F34F9AE264957C5EB8D1F3F7E4F5B5BDB788D5E68F442A3EF99997CB1C9DF76DB6DA5D97B77C4D7C5366D45B337B3EF6FA64C9972562CB3F7D44CBEDACC7ED4A8513F8E1E3DFA9F347AA1D10B8DFE90F7E43B5353BEF7DE7BCBCBF3DD15CBFAD3A64DAB5CC6FFADEED88FE4A3B90DB127DF9B62CFFEA69B6EFA1F8D5E68F442A3EFBEBD67D69767F287DAE48BCDBE6266DFAE3BF61393274F1E3361C2845F76EFDE9DF5B6FCDFD9356CD8B0E11ABDD0E88546DFAD267F4D714FBEBBCBF5075AC62FEED95BC2EF27264E9CB829DE42570F1F7EF861366EDCB8B51ABDD0E885467F68B3F93891AE37BCF4D24B66F5FD495B5BDBE97156FCA1BC8DEED7CA1BFD0FB1C7D448BF3879FC5E1157C4E5881C69E43A1457B24B27E0C5AC7BFBF6EDBD52A3E36CFC8AB7DE9DAE5B36B1BBEFBEFBA1679E7926ABA759B366ED1E366C58C3BCB7BEB04435AFA5A5E5778AB8222E47E44823D6A1BD97B52D3DEFA1871EEAD53A1DEFB32F34FA09BA6513BBE38E3BFE1A97B5ADA7D826183D7AF4D246FB052BC49BD546D68AB8462F47E4485FE6D8DE6BD7971E5FBC7871AFD6E9B8A84EE17B99AB5B36B1BCE16EDFBA756B5D1B7DBCAF7EE8D0A19D0DFC0B561E59177FD114718D5E8EC891BECCB1BD7FA0A6F4F99E3E09AF525C41AFF07D6CD42D9B58DE7077A73F50532FF1EF0D1E3C7877A3FF821547D6B194A6886BF472A4B9E210AFFDFEABA21E3996C7DFD3C73DF596BA03BDD5AEF06FEFD42D9B581CC4BE50CF5FC09E0A45FCF02DE27D9D232B57AE8C46522ABE7102568A4F3EF9247BFBEDB70FF8B5EBD7AFDFE7E338D16AF5EAD5FB7C6ECE9C39E5EFFDBDF7DECB76ECD8518E78EC40AF1FDFD7E38F3F7ED0E74C9830A17C3FAED991EEBFFBEEBB4D3F18EC8B5CAB779DD62D9B586B6BEBAEBE98D10F1A34685713CCE857C4B5A42FB9E492DFF4C5B26C14C11B6EB8A174BFB3B3B3F4736B6F6FCF1E7DF4D1D263B187567C7E14E88B2EBA28BBECB2CBB237DF7C333BEFBCF34A0D62F0E0C1A58F4F3DF5D49AFFD6EBAFBF9E9D7CF2C9351F8F86127F95B0DAF7186FF1398C67F475C991F8394F9A34A9743F8E7BE44334FA628E446CD9B2A5743C2EB8E08238E9357BFAE9A74BCF89E31BB7A3468DCA5E79E595F2A0A1F8FAF1FC74FFAAABAECA162C58508AF8386ED373972C59526AFEC3860D2BDD9E72CA29D9F9E79F5FBA1FF1EAABAF66679C71C67EDF7F9CF49BEECF9E3D7BBFFB96EE0F9E6385BF2B6F464FD7E5BFF89D7DB1479F0F30B635F02FD83EC5BBAFF65F2B0B6214D033CF3CB374B9CB5ACF8FD95DDCC62C2E7D7D3484F47814F9F4FCB56BD7EE33A33BEDB4D3CA1FC780A2DAEBC7ECEB8D37DE2817F9F8DCB3CF3E5BFADEE2FE575F7D75B834FABAE5489ACD57CE9E4F3CF1C4ECC20B2FAC990B69261EF7639016B7CF3FFF7CF6E5975F96EEC7A020BD7E1CD34D9B36953E1F1133F9E26B15F3A6B2391F75D451D9830F3E58FEF8C8238F2C0F4A3EFFFCF3729EE43FABECE5975F2EDD8F81637AADB8B6460C5235FA83E7983D7ABA65ECD8B1F3EB7DD6FD8A152B76E6B3CC371AF017ECEDB8EA5465F1AE77A3DFB87163B93846617EF8E187CB8D3E9AFC49279D547E3C6657C5021C053415CF34932B3E5EF9F1B9E79E5B7AADC9932767C71F7F7C76D75D77955FBB72A69E0606B1B270F6D967EFD3E8FB6266DF478DBEAE39128D3235D6B3CE3A2BBBF4D24B4B9F8FD977DC8FDB638E39A69433D51A7D34EC746C8A33FAB47A13CDBEF87834DCB88D55A338DE11F1F1A2458BCAAFFDDD77DF950607F1B5E9EB63B61EF7634BA0DACA50E58C3E722D0D0E63B529E5B7467FE01C73D63DDD9237DC3FCE9C39F3C77A36FA279F7CF28B467A5F66ADD9595F35FA8855AB56958A5FECA746714EB3AC68B2A991C7D25A9A95A5621985366E9F7AEAA972038886909A7265F18D1956B5197DF1B1183CA4AF8FFBC5FDDBB4E49BEEF7D6CCAC011A7D9FE448CCBE63869C1A6E34FEE38E3BAED4888B5B36F158FCDB711CD2D27C2CDBC7EC3FEEA765FE1830A4E69C0607471C714469A5263E97F22B1DFB6A33FAE2527F3AEEF178DC8FBDF7C8BB6A8D3E56A3D2F79ACE2B88FBE79C738EA5FB2EE698F7D1D32D71A5A5D1A3477F5FCF2BE3DD78E38DDB9AF14A4BF56CF4A969C68C3D8A737C1CFBA05120D3F27C2CDDA665F9B46F1F0383B4C41E3176ECD852C41E6BCC082BFF8D03CDE8D32C2E8A7F7109389679A311A43DDC8898D5C76DE5CCD225700F3D623B247EF6B12F1F4D3A0678C5C1561C8F18101C68E93E35FFD87289FBC5197A7AFD185C560EF20ED4E863DB20E54AFE3B5DBA1FB3F9ABAFBE7A9F2DA03847240D442A5FAFF2DF7209DC83D76B57C6A35B468C18F1E7BCA9D4A5D3AF5CB9F2AB4183062D6BC69F53BD1B7D9A9DC73269CCD8D3095811E924A958DA4FB3FBE2D2FDE5975F5E6AF4D1C8A3194461AFDC43EFEA8CBE5AC14F038FE25E7D715B40A3EF994833ECD8078FE5F5C88989132796B766E2F847F38FC25C79AC62F61F0380E2402D068D9147696090F2E6E8A38F2E1DC7746E47ECB9D75ABAAF960B695011791A2B0EE979E95D0295E79B14BF36FE2FE97BD4E80FCEB5EEE96EE25C336EDCB8AFEB31AB1F3366CCBA66FD6B48F56EF4C513DCE276C68C19E5461F67D0C7D9F5955F9396FCA3C9C792683486B40250AD587765465F7C7E14E5B46F7CC51557ECD3E8AB9DC0A7D11F7A44634EF76345A5D8B8ABCD86D3F18E33E763E017CBE9E918C5F18ABC2A1EAB3448883C4B4BF8C5B7ECD59AD117B784D28CFE84134EC8DADADA0EBA471FFF4EEC01C7FD7472605A51D0E80F5EAFFDF53ABABB24B4F4B5D75EFB5B6F36F9BC287D9427CE9F0FB6CFA9D1FF7F44611CB0F73DC7D190AFBDF6DAF25B980614DE6E55ADD1C7FE5DDABF8F8F8F3DF6D8FD5EBF78225FE58C3ECEC0AE56AC63669966687116B546DFBB399266D831B08BD95BB1E9171B7DDC8F63165B27032ADE0E57EB5D1CC5E70FD87B525CADA5FB28F8C5B7E3D5DA26A83648498D3C060B69856240E15D04E95D05E97DF61A7D97F6F317D5EBEFD1376BBDA67AE29C3E74E8D0ED6BD6ACE99569FDBA75EBBE1E3C78F0B67C74F8DB66FD19D5B3D1A7E2184D35CEB28F269CF6E323622FF4CA2BAFAC3AE32ECEC0E2E358EA1D50783B55B5A86CF4B50A7AECB716571C0E34EBD3E87BAED9A7FB31E04BEF598F9F7F1AF8C5F5132A2F9C1333F458D5899597784E14EE11234694EEC7FBEC53634FD74788B3E9E3DA0BF158F17DF2F1EFA4D97BADBC4817C0A916F1587195A0F83AF158AC4CC5F7586D70A9D1D7AED77974A6861CEFC639D4661F4D7EDAB469C526BFA399EB3535B4B4B40C1C397264674747478F36FB6DDBB67D970F22B634FB1250BD1A7D34F93813BAB2985E7CF1C5FBCCE8E304B85A8D3E96DDE3A4A871E3C6ED73167FF1FDCEC588625E79B25E6514F781D3F90031239C3A756A794F58A33FFCAE9ED85BFBEB1AFDC1EB753A312FCDECBBBB8C1F5F573193B764DFCF67F623860F1FBE6DF5EAD53B7AA2C97FF6D9671B5A5B5B37E749F9A766FFD9F46511EF4A31ADB5B4EA5AF71ABDBF87D07FEB75B1D9C7DE7A6CF1C4A0BCAB67D7C78977C53DF988FE50AFE9C248311FCD6D9F3D7BF69A4339416FD6AC59EDB15C1FC9D81F7E2E8AB8222E47E44823D6EB3CBE2936EA68DC719E4E5C542766EB69593F260371C5BB381172FAF4E9A5AD9C8AABF1EDE82FF59A2EEE01C5DB38468E1CB9FE9D77DE59FF6B1AFCF2E5CB3FC8BFEEC33891A33FEDF128E28AB81C91238D5CAF0FF10FE5B4DB933F7C1BFE759140B1C77EDF7DF7BD9B8F103FDA94DBB9F72FE1E437DF6EDDBA75637B7BFBF2FBEFBF7F71FEBC2F23616254D8DFCED654C415713922479AA15E1797F3BBD2E0FB63BDA61BE28A4C7902B5EDBDD6F2FAF86B46E9AF1AC51F3C886B21C76512FBF315941471455C8EC811F51AFA31455C1197237204D0E885462FE408A0D10B8D5E68F480222E347AA1D1038AB8222E4784460F28E28AB81C9123008AB8222E47E408A0D10B455C8EC81140A3171ABD902380462F347AA1D1038AB8D0E885460F28E28AB81C111A3DA0882BE272448E0028E28AB81C912380462F1471392247008D5E68F442A307347AA1D10B8D1E50C415713922347A401157C4E5881C0150C41571392247008D5EF154C46B5BB0608163D338B133CF919F542E401157C47BCCD2A54BB7767474383E0D109B376FFE8F3C473E55B900455C11EF310B172EBC7AF1E2C5DF6EDBB6EDEF8E53DF0D02233FE6CF9FFF651ED7A95C8022AE88F7A8FCFBFA433E0859112B0EB1BD20EA1EF173FF5493071471451C000000000000000000000000000000000080C3C9FF01FBB509C53D2D70360000000049454E44AE426082, '1');
INSERT INTO `act_ge_bytearray` VALUES ('107502', '1', 'ML.bpmn20.xml', '107501', 0x3C3F786D6C2076657273696F6E3D27312E302720656E636F64696E673D275554462D38273F3E0A3C646566696E6974696F6E7320786D6C6E733D22687474703A2F2F7777772E6F6D672E6F72672F737065632F42504D4E2F32303130303532342F4D4F44454C2220786D6C6E733A7873693D22687474703A2F2F7777772E77332E6F72672F323030312F584D4C536368656D612D696E7374616E63652220786D6C6E733A7873643D22687474703A2F2F7777772E77332E6F72672F323030312F584D4C536368656D612220786D6C6E733A61637469766974693D22687474703A2F2F61637469766974692E6F72672F62706D6E2220786D6C6E733A62706D6E64693D22687474703A2F2F7777772E6F6D672E6F72672F737065632F42504D4E2F32303130303532342F44492220786D6C6E733A6F6D6764633D22687474703A2F2F7777772E6F6D672E6F72672F737065632F44442F32303130303532342F44432220786D6C6E733A6F6D6764693D22687474703A2F2F7777772E6F6D672E6F72672F737065632F44442F32303130303532342F44492220747970654C616E67756167653D22687474703A2F2F7777772E77332E6F72672F323030312F584D4C536368656D61222065787072657373696F6E4C616E67756167653D22687474703A2F2F7777772E77332E6F72672F313939392F585061746822207461726765744E616D6573706163653D22687474703A2F2F7777772E61637469766974692E6F72672F70726F63657373646566223E0A20203C70726F636573732069643D224D4C22206E616D653D22E5A99AE58187E794B3E8AFB72220697345786563757461626C653D2274727565223E0A202020203C657874656E73696F6E456C656D656E74733E0A2020202020203C61637469766974693A61737369676E65726E756C6C3E3C215B43444154415B5D5D3E3C2F61637469766974693A61737369676E65726E756C6C3E0A202020203C2F657874656E73696F6E456C656D656E74733E0A202020203C73746172744576656E742069643D227369642D42303843443430392D383635452D344146382D393432302D353833314244433139413736222F3E0A202020203C757365725461736B2069643D227369642D43323234364231392D463333322D343039362D394338332D44304637464138423145323522206E616D653D22E5A99AE58187E794B3E8AFB7222F3E0A202020203C73657175656E6365466C6F772069643D227369642D46364537383743352D423934332D343738462D424233342D3031384344373538384435462220736F757263655265663D227369642D42303843443430392D383635452D344146382D393432302D35383331424443313941373622207461726765745265663D227369642D43323234364231392D463333322D343039362D394338332D443046374641384231453235222F3E0A202020203C757365725461736B2069643D227369642D43353639363245362D413145382D344446432D393230332D33353846454443454539324422206E616D653D22E7BB8FE79086E7BB84E5AEA1E689B9222061637469766974693A63616E64696461746555736572733D226B6562692C6B6C6179222F3E0A202020203C73657175656E6365466C6F772069643D227369642D32333835364242462D434132442D343332462D413434332D3843313838454236433241362220736F757263655265663D227369642D43323234364231392D463333322D343039362D394338332D44304637464138423145323522207461726765745265663D227369642D43353639363245362D413145382D344446432D393230332D333538464544434545393244222F3E0A202020203C656E644576656E742069643D227369642D30423338333646452D364541352D344231372D393246392D393645453039413136453931222F3E0A202020203C73657175656E6365466C6F772069643D227369642D45384431373930372D363135352D344232412D414233432D3144333035393735323841392220736F757263655265663D227369642D43353639363245362D413145382D344446432D393230332D33353846454443454539324422207461726765745265663D227369642D30423338333646452D364541352D344231372D393246392D393645453039413136453931222F3E0A20203C2F70726F636573733E0A20203C62706D6E64693A42504D4E4469616772616D2069643D2242504D4E4469616772616D5F4D4C223E0A202020203C62706D6E64693A42504D4E506C616E652062706D6E456C656D656E743D224D4C222069643D2242504D4E506C616E655F4D4C223E0A2020202020203C62706D6E64693A42504D4E53686170652062706D6E456C656D656E743D227369642D42303843443430392D383635452D344146382D393432302D353833314244433139413736222069643D2242504D4E53686170655F7369642D42303843443430392D383635452D344146382D393432302D353833314244433139413736223E0A20202020202020203C6F6D6764633A426F756E6473206865696768743D2233302E30222077696474683D2233302E302220783D223130332E33393939393939393939393939382220793D223130312E30222F3E0A2020202020203C2F62706D6E64693A42504D4E53686170653E0A2020202020203C62706D6E64693A42504D4E53686170652062706D6E456C656D656E743D227369642D43323234364231392D463333322D343039362D394338332D443046374641384231453235222069643D2242504D4E53686170655F7369642D43323234364231392D463333322D343039362D394338332D443046374641384231453235223E0A20202020202020203C6F6D6764633A426F756E6473206865696768743D2238302E30222077696474683D223130302E302220783D223137382E33393939393939393939393939382220793D2237362E30222F3E0A2020202020203C2F62706D6E64693A42504D4E53686170653E0A2020202020203C62706D6E64693A42504D4E53686170652062706D6E456C656D656E743D227369642D43353639363245362D413145382D344446432D393230332D333538464544434545393244222069643D2242504D4E53686170655F7369642D43353639363245362D413145382D344446432D393230332D333538464544434545393244223E0A20202020202020203C6F6D6764633A426F756E6473206865696768743D2238302E30222077696474683D223130302E302220783D223331352E302220793D2237352E30222F3E0A2020202020203C2F62706D6E64693A42504D4E53686170653E0A2020202020203C62706D6E64693A42504D4E53686170652062706D6E456C656D656E743D227369642D30423338333646452D364541352D344231372D393246392D393645453039413136453931222069643D2242504D4E53686170655F7369642D30423338333646452D364541352D344231372D393246392D393645453039413136453931223E0A20202020202020203C6F6D6764633A426F756E6473206865696768743D2232382E30222077696474683D2232382E302220783D223436382E342220793D223130322E30222F3E0A2020202020203C2F62706D6E64693A42504D4E53686170653E0A2020202020203C62706D6E64693A42504D4E456467652062706D6E456C656D656E743D227369642D45384431373930372D363135352D344232412D414233432D314433303539373532384139222069643D2242504D4E456467655F7369642D45384431373930372D363135352D344232412D414233432D314433303539373532384139223E0A20202020202020203C6F6D6764693A776179706F696E7420783D223431352E302220793D223131352E30222F3E0A20202020202020203C6F6D6764693A776179706F696E7420783D223434312E372220793D223131352E30222F3E0A20202020202020203C6F6D6764693A776179706F696E7420783D223434312E372220793D223131362E30222F3E0A20202020202020203C6F6D6764693A776179706F696E7420783D223436382E342220793D223131362E30222F3E0A2020202020203C2F62706D6E64693A42504D4E456467653E0A2020202020203C62706D6E64693A42504D4E456467652062706D6E456C656D656E743D227369642D32333835364242462D434132442D343332462D413434332D384331383845423643324136222069643D2242504D4E456467655F7369642D32333835364242462D434132442D343332462D413434332D384331383845423643324136223E0A20202020202020203C6F6D6764693A776179706F696E7420783D223237382E342220793D223131352E3633333936373738393136353434222F3E0A20202020202020203C6F6D6764693A776179706F696E7420783D223331352E302220793D223131352E3336363033323231303833343536222F3E0A2020202020203C2F62706D6E64693A42504D4E456467653E0A2020202020203C62706D6E64693A42504D4E456467652062706D6E456C656D656E743D227369642D46364537383743352D423934332D343738462D424233342D303138434437353838443546222069643D2242504D4E456467655F7369642D46364537383743352D423934332D343738462D424233342D303138434437353838443546223E0A20202020202020203C6F6D6764693A776179706F696E7420783D223133332E33393939393939393939393939382220793D223131362E30222F3E0A20202020202020203C6F6D6764693A776179706F696E7420783D223137382E33393939393939393939393939382220793D223131362E30222F3E0A2020202020203C2F62706D6E64693A42504D4E456467653E0A202020203C2F62706D6E64693A42504D4E506C616E653E0A20203C2F62706D6E64693A42504D4E4469616772616D3E0A3C2F646566696E6974696F6E733E, '0');
INSERT INTO `act_ge_bytearray` VALUES ('107503', '1', 'ML.ML.png', '107501', 0x89504E470D0A1A0A0000000D49484452000001FA000000A60806000000322E4D71000010B84944415478DAEDDD09885C759A00F080232222222822AEA8B0C8E0CA228238E2282288B88E2878748ECE253930D1A19568266A34918DBAE281598346C423485C11956C10DDCD9D9E8CD16870346A36D144739A6E331E59272646DFBEAF36FFE2A55295B49DEEEAAACEEF071F55DD555DE9F4FBFAFBFEC7ABD7030600000000000000000000000000000000000000000000000000000000000000000000000000000000000000000000000000000000000000000000000000000000000000000000000000000000000000000000000000000000000000000000000000000000000000000000000000000000000000000000000000000000000000000000000000000000000000000000000000000000D048B22CFBCDBA75EB5E59BE7CF9CF0B162CC8E6CD9B27EA1CF3E7CFCF962E5DFA751EAD321250C415F11E15F9D1DEDE9E75747464BB76ED127D149D9D9DD992254BBECBF3E53A950B50C415F11E138340F9D13079B22B1F1C7EAA72018AB822DE6362A5C7F1699CC873E427950B50C415F11E13DB0B8E4D43E548A672018AB8225EF71CF9DF6FB766EB563C977D3CFFBE52C4FDF89CE3AAD1038AB868F246BFE39BCDD9AAFF9A9CFDF58DDBF789F85C3CE6D86AF480222E9AB8D16FFCF83FF7CB8F149B3E9EEBD86AF480222E9AB9D17FBAE8DF6AE6483CE6D86AF480222E9AB8D1AF9A37A5668EC4638EAD460F28E242A3171A3DA0882BE28D9823718266AD1C89C71C5B8D1E50C4451337FAB5CB9EA89923F19863ABD1038AB868E246BF7DF387D9AAFFBE77FF159FFC73F19863ABD1038AB868F20BE6AC7F6FD67E39129F735C357A401117CDDEE87FFC315BFB9727F75FF1C93F178F39B61A3DA0888B266DF471D1A435CBFEBDE6F64E3CE6C24A1A3DA0888B666BF4F9206FEBDA85D9476FDD59333F52C473E2B906861A3DA0882BE24D9023071B001A186AF480222E9AB8D177650078A081A163ADD1038AB822DEC039D2DDFC48E1586BF48022AE8837FAF68E90234073367AA188CB11390268F442A3177204D0E885462F347A4011171ABDD0E8A1A72D59B2E45F66CE9C3967DAB4691DB7DC72CBEEE1C387FF3270E0C0ACB5B5F597F1E3C7FF3465CA94ADD3A74F9F3377EEDCDF6BF442A31772A4EF0C1932E41F5A5A5A6ECE6BF42B79ACCD6347D4EB3C76E6B13E7FECF5FC76423C4F7763C0134F3C71F73DF7DCF37D5B5B5B9637FA6CF9F2E5D9E6CD9BB39D3B7766216E3B3A3AB2F7DF7F3F7BE18517B278DEA44993FE9637FE3F69F442A31772A47E060D1A744D1EF3F226FEE3DEC6DE9558947F4DAB6E77187AEEB9E77E3779F2E4AF6FBFFDF65213DFB3674FD6551F7CF04176E79D7766B7DE7AEB96FCF69F357AA1D10B39D27BF2667D7A1E6FFE8AE65E2DDAAFBFFEFA7FD4FD0E133366CC7878ECD8B13FCF9D3BF75735F84A6FBDF5563666CC983DFD6576AF882BE272448E349A96969681F98CFCEB62D31E326448F6C0030F640B172ECC366CD8907DFFFDF7A59AFCC30F3F945664972D5B963DF6D863D9D0A1432B9BFD0EB3FBC3C0ECD9B31FBBF9E69B7F59B3664DD613BEF8E28B2C7FBD9FA74E9DFAAF1ABDD0E88546DFA34DFE0F7973FEA9D8E05F7CF1C5D2766A577CF3CD37A5E7C7D7151B7EDEEC47E986FDD4238F3C725F34F9AE264957C5EB8D1F3F7E4F5B5BDB788D5E68F442A3EF99997CB1C9DF76DB6DA5D97B77C4D7C5366D45B337B3EF6FA64C9972562CB3F7D44CBEDACC7ED4A8513F8E1E3DFA9F347AA1D10B8DFE90F7E43B5353BEF7DE7BCBCBF3DD15CBFAD3A64DAB5CC6FFADEED88FE4A3B90DB127DF9B62CFFEA69B6EFA1F8D5E68F442A3EFBEBD67D69767F287DAE48BCDBE6266DFAE3BF61393274F1E3361C2845F76EFDE9DF5B6FCDFD9356CD8B0E11ABDD0E88546DFAD267F4D714FBEBBCBF5075AC62FEED95BC2EF27264E9CB829DE42570F1F7EF861366EDCB8B51ABDD0E885467F68B3F93891AE37BCF4D24B66F5FD495B5BDBE97156FCA1BC8DEED7CA1BFD0FB1C7D448BF3879FC5E1157C4E5881C69E43A1457B24B27E0C5AC7BFBF6EDBD52A3E36CFC8AB7DE9DAE5B36B1BBEFBEFBA1679E7926ABA759B366ED1E366C58C3BCB7BEB04435AFA5A5E5778AB8222E47E44823D6A1BD97B52D3DEFA1871EEAD53A1DEFB32F34FA09BA6513BBE38E3BFE1A97B5ADA7D826183D7AF4D246FB052BC49BD546D68AB8462F47E4485FE6D8DE6BD7971E5FBC7871AFD6E9B8A84EE17B99AB5B36B1BCE16EDFBA756B5D1B7DBCAF7EE8D0A19D0DFC0B561E59177FD114718D5E8EC891BECCB1BD7FA0A6F4F99E3E09AF525C41AFF07D6CD42D9B58DE7077A73F50532FF1EF0D1E3C7877A3FF821547D6B194A6886BF472A4B9E210AFFDFEABA21E3996C7DFD3C73DF596BA03BDD5AEF06FEFD42D9B581CC4BE50CF5FC09E0A45FCF02DE27D9D232B57AE8C46522ABE7102568A4F3EF9247BFBEDB70FF8B5EBD7AFDFE7E338D16AF5EAD5FB7C6ECE9C39E5EFFDBDF7DECB76ECD8518E78EC40AF1FDFD7E38F3F7ED0E74C9830A17C3FAED991EEBFFBEEBB4D3F18EC8B5CAB779DD62D9B586B6BEBAEBE98D10F1A34685713CCE857C4B5A42FB9E492DFF4C5B26C14C11B6EB8A174BFB3B3B3F4736B6F6FCF1E7DF4D1D263B187567C7E14E88B2EBA28BBECB2CBB237DF7C333BEFBCF34A0D62F0E0C1A58F4F3DF5D49AFFD6EBAFBF9E9D7CF2C9351F8F86127F95B0DAF7186FF1398C67F475C991F8394F9A34A9743F8E7BE44334FA628E446CD9B2A5743C2EB8E08238E9357BFAE9A74BCF89E31BB7A3468DCA5E79E595F2A0A1F8FAF1FC74FFAAABAECA162C58508AF8386ED373972C59526AFEC3860D2BDD9E72CA29D9F9E79F5FBA1FF1EAABAF66679C71C67EDF7F9CF49BEECF9E3D7BBFFB96EE0F9E6385BF2B6F464FD7E5BFF89D7DB1479F0F30B635F02FD83EC5BBAFF65F2B0B6214D033CF3CB374B9CB5ACF8FD95DDCC62C2E7D7D3484F47814F9F4FCB56BD7EE33A33BEDB4D3CA1FC780A2DAEBC7ECEB8D37DE2817F9F8DCB3CF3E5BFADEE2FE575F7D75B834FABAE5489ACD57CE9E4F3CF1C4ECC20B2FAC990B69261EF7639016B7CF3FFF7CF6E5975F96EEC7A020BD7E1CD34D9B36953E1F1133F9E26B15F3A6B2391F75D451D9830F3E58FEF8C8238F2C0F4A3EFFFCF3729EE43FABECE5975F2EDD8F81637AADB8B6460C5235FA83E7983D7ABA65ECD8B1F3EB7DD6FD8A152B76E6B3CC371AF017ECEDB8EA5465F1AE77A3DFB87163B93846617EF8E187CB8D3E9AFC49279D547E3C6657C5021C053415CF34932B3E5EF9F1B9E79E5B7AADC9932767C71F7F7C76D75D77955FBB72A69E0606B1B270F6D967EFD3E8FB6266DF478DBEAE39128D3235D6B3CE3A2BBBF4D24B4B9F8FD977DC8FDB638E39A69433D51A7D34EC746C8A33FAB47A13CDBEF87834DCB88D55A338DE11F1F1A2458BCAAFFDDD77DF950607F1B5E9EB63B61EF7634BA0DACA50E58C3E722D0D0E63B529E5B7467FE01C73D63DDD9237DC3FCE9C39F3C77A36FA279F7CF28B467A5F66ADD9595F35FA8855AB56958A5FECA746714EB3AC68B2A991C7D25A9A95A5621985366E9F7AEAA972038886909A7265F18D1956B5197DF1B1183CA4AF8FFBC5FDDBB4E49BEEF7D6CCAC011A7D9FE448CCBE63869C1A6E34FEE38E3BAED4888B5B36F158FCDB711CD2D27C2CDBC7EC3FEEA765FE1830A4E69C0607471C714469A5263E97F22B1DFB6A33FAE2527F3AEEF178DC8FBDF7C8BB6A8D3E56A3D2F79ACE2B88FBE79C738EA5FB2EE698F7D1D32D71A5A5D1A3477F5FCF2BE3DD78E38DDB9AF14A4BF56CF4A969C68C3D8A737C1CFBA05120D3F27C2CDDA665F9B46F1F0383B4C41E3176ECD852C41E6BCC082BFF8D03CDE8D32C2E8A7F7109389679A311A43DDC8898D5C76DE5CCD225700F3D623B247EF6B12F1F4D3A0678C5C1561C8F18101C68E93E35FFD87289FBC5197A7AFD185C560EF20ED4E863DB20E54AFE3B5DBA1FB3F9ABAFBE7A9F2DA03847240D442A5FAFF2DF7209DC83D76B57C6A35B468C18F1E7BCA9D4A5D3AF5CB9F2AB4183062D6BC69F53BD1B7D9A9DC73269CCD8D3095811E924A958DA4FB3FBE2D2FDE5975F5E6AF4D1C8A3194461AFDC43EFEA8CBE5AC14F038FE25E7D715B40A3EF994833ECD8078FE5F5C88989132796B766E2F847F38FC25C79AC62F61F0380E2402D068D9147696090F2E6E8A38F2E1DC7746E47ECB9D75ABAAF960B695011791A2B0EE979E95D0295E79B14BF36FE2FE97BD4E80FCEB5EEE96EE25C336EDCB8AFEB31AB1F3366CCBA66FD6B48F56EF4C513DCE276C68C19E5461F67D0C7D9F5955F9396FCA3C9C792683486B40250AD587765465F7C7E14E5B46F7CC51557ECD3E8AB9DC0A7D11F7A44634EF76345A5D8B8ABCD86D3F18E33E763E017CBE9E918C5F18ABC2A1EAB3448883C4B4BF8C5B7ECD59AD117B784D28CFE84134EC8DADADA0EBA471FFF4EEC01C7FD7472605A51D0E80F5EAFFDF53ABABB24B4F4B5D75EFB5B6F36F9BC287D9427CE9F0FB6CFA9D1FF7F44611CB0F73DC7D190AFBDF6DAF25B980614DE6E55ADD1C7FE5DDABF8F8F8F3DF6D8FD5EBF78225FE58C3ECEC0AE56AC63669966687116B546DFBB399266D831B08BD95BB1E9171B7DDC8F63165B27032ADE0E57EB5D1CC5E70FD87B525CADA5FB28F8C5B7E3D5DA26A83648498D3C060B69856240E15D04E95D05E97DF61A7D97F6F317D5EBEFD1376BBDA67AE29C3E74E8D0ED6BD6ACE99569FDBA75EBBE1E3C78F0B67C74F8DB66FD19D5B3D1A7E2184D35CEB28F269CF6E323622FF4CA2BAFAC3AE32ECEC0E2E358EA1D50783B55B5A86CF4B50A7AECB716571C0E34EBD3E87BAED9A7FB31E04BEF598F9F7F1AF8C5F5132A2F9C1333F458D5899597784E14EE11234694EEC7FBEC53634FD74788B3E9E3DA0BF158F17DF2F1EFA4D97BADBC4817C0A916F1587195A0F83AF158AC4CC5F7586D70A9D1D7AED77974A6861CEFC639D4661F4D7EDAB469C526BFA399EB3535B4B4B40C1C397264674747478F36FB6DDBB67D970F22B634FB1250BD1A7D34F93813BAB2985E7CF1C5FBCCE8E304B85A8D3E96DDE3A4A871E3C6ED73167FF1FDCEC588625E79B25E6514F781D3F90031239C3A756A794F58A33FFCAE9ED85BFBEB1AFDC1EB753A312FCDECBBBB8C1F5F573193B764DFCF67F623860F1FBE6DF5EAD53B7AA2C97FF6D9671B5A5B5B37E749F9A766FFD9F46511EF4A31ADB5B4EA5AF71ABDBF87D07FEB75B1D9C7DE7A6CF1C4A0BCAB67D7C78977C53DF988FE50AFE9C248311FCD6D9F3D7BF69A4339416FD6AC59EDB15C1FC9D81F7E2E8AB8222E47E44823D6EB3CBE2936EA68DC719E4E5C542766EB69593F260371C5BB381172FAF4E9A5AD9C8AABF1EDE82FF59A2EEE01C5DB38468E1CB9FE9D77DE59FF6B1AFCF2E5CB3FC8BFEEC33891A33FEDF128E28AB81C91238D5CAF0FF10FE5B4DB933F7C1BFE759140B1C77EDF7DF7BD9B8F103FDA94DBB9F72FE1E437DF6EDDBA75637B7BFBF2FBEFBF7F71FEBC2F23616254D8DFCED654C415713922479AA15E1797F3BBD2E0FB63BDA61BE28A4C7902B5EDBDD6F2FAF86B46E9AF1AC51F3C886B21C76512FBF315941471455C8EC811F51AFA31455C1197237204D0E885462FE408A0D10B8D5E68F480222E347AA1D1038AB8222E4784460F28E28AB81C9123008AB8222E47E408A0D10B455C8EC81140A3171ABD902380462F347AA1D1038AB8D0E885460F28E28AB81C111A3DA0882BE272448E0028E28AB81C912380462F1471392247008D5E68F442A307347AA1D10B8D1E50C415713922347A401157C4E5881C0150C41571392247008D5EF154C46B5BB0608163D338B133CF919F542E401157C47BCCD2A54BB7767474383E0D109B376FFE8F3C473E55B900455C11EF310B172EBC7AF1E2C5DF6EDBB6EDEF8E53DF0D02233FE6CF9FFF651ED7A95C8022AE88F7A8FCFBFA433E0859112B0EB1BD20EA1EF173FF5493071471451C000000000000000000000000000000000080C3C9FF01FBB509C53D2D70360000000049454E44AE426082, '1');
INSERT INTO `act_ge_bytearray` VALUES ('110002', '1', 'ML.bpmn20.xml', '110001', 0x3C3F786D6C2076657273696F6E3D27312E302720656E636F64696E673D275554462D38273F3E0A3C646566696E6974696F6E7320786D6C6E733D22687474703A2F2F7777772E6F6D672E6F72672F737065632F42504D4E2F32303130303532342F4D4F44454C2220786D6C6E733A7873693D22687474703A2F2F7777772E77332E6F72672F323030312F584D4C536368656D612D696E7374616E63652220786D6C6E733A7873643D22687474703A2F2F7777772E77332E6F72672F323030312F584D4C536368656D612220786D6C6E733A61637469766974693D22687474703A2F2F61637469766974692E6F72672F62706D6E2220786D6C6E733A62706D6E64693D22687474703A2F2F7777772E6F6D672E6F72672F737065632F42504D4E2F32303130303532342F44492220786D6C6E733A6F6D6764633D22687474703A2F2F7777772E6F6D672E6F72672F737065632F44442F32303130303532342F44432220786D6C6E733A6F6D6764693D22687474703A2F2F7777772E6F6D672E6F72672F737065632F44442F32303130303532342F44492220747970654C616E67756167653D22687474703A2F2F7777772E77332E6F72672F323030312F584D4C536368656D61222065787072657373696F6E4C616E67756167653D22687474703A2F2F7777772E77332E6F72672F313939392F585061746822207461726765744E616D6573706163653D22687474703A2F2F7777772E61637469766974692E6F72672F70726F63657373646566223E0A20203C70726F636573732069643D224D4C22206E616D653D22E5A99AE58187E794B3E8AFB72220697345786563757461626C653D2274727565223E0A202020203C657874656E73696F6E456C656D656E74733E0A2020202020203C61637469766974693A61737369676E65726E756C6C3E3C215B43444154415B5D5D3E3C2F61637469766974693A61737369676E65726E756C6C3E0A202020203C2F657874656E73696F6E456C656D656E74733E0A202020203C73746172744576656E742069643D227369642D42303843443430392D383635452D344146382D393432302D353833314244433139413736222F3E0A202020203C757365725461736B2069643D227369642D43323234364231392D463333322D343039362D394338332D44304637464138423145323522206E616D653D22E5A99AE58187E794B3E8AFB7222F3E0A202020203C73657175656E6365466C6F772069643D227369642D46364537383743352D423934332D343738462D424233342D3031384344373538384435462220736F757263655265663D227369642D42303843443430392D383635452D344146382D393432302D35383331424443313941373622207461726765745265663D227369642D43323234364231392D463333322D343039362D394338332D443046374641384231453235222F3E0A202020203C757365725461736B2069643D227369642D43353639363245362D413145382D344446432D393230332D33353846454443454539324422206E616D653D22E7BB8FE79086E7BB84E5AEA1E689B9222061637469766974693A63616E64696461746555736572733D226B6562692C6B6C6179222F3E0A202020203C73657175656E6365466C6F772069643D227369642D32333835364242462D434132442D343332462D413434332D3843313838454236433241362220736F757263655265663D227369642D43323234364231392D463333322D343039362D394338332D44304637464138423145323522207461726765745265663D227369642D43353639363245362D413145382D344446432D393230332D333538464544434545393244222F3E0A202020203C656E644576656E742069643D227369642D30423338333646452D364541352D344231372D393246392D393645453039413136453931222F3E0A202020203C73657175656E6365466C6F772069643D227369642D45384431373930372D363135352D344232412D414233432D3144333035393735323841392220736F757263655265663D227369642D43353639363245362D413145382D344446432D393230332D33353846454443454539324422207461726765745265663D227369642D30423338333646452D364541352D344231372D393246392D393645453039413136453931222F3E0A20203C2F70726F636573733E0A20203C62706D6E64693A42504D4E4469616772616D2069643D2242504D4E4469616772616D5F4D4C223E0A202020203C62706D6E64693A42504D4E506C616E652062706D6E456C656D656E743D224D4C222069643D2242504D4E506C616E655F4D4C223E0A2020202020203C62706D6E64693A42504D4E53686170652062706D6E456C656D656E743D227369642D42303843443430392D383635452D344146382D393432302D353833314244433139413736222069643D2242504D4E53686170655F7369642D42303843443430392D383635452D344146382D393432302D353833314244433139413736223E0A20202020202020203C6F6D6764633A426F756E6473206865696768743D2233302E30222077696474683D2233302E302220783D223130332E33393939393939393939393939382220793D223130312E30222F3E0A2020202020203C2F62706D6E64693A42504D4E53686170653E0A2020202020203C62706D6E64693A42504D4E53686170652062706D6E456C656D656E743D227369642D43323234364231392D463333322D343039362D394338332D443046374641384231453235222069643D2242504D4E53686170655F7369642D43323234364231392D463333322D343039362D394338332D443046374641384231453235223E0A20202020202020203C6F6D6764633A426F756E6473206865696768743D2238302E30222077696474683D223130302E302220783D223137382E33393939393939393939393939382220793D2237362E30222F3E0A2020202020203C2F62706D6E64693A42504D4E53686170653E0A2020202020203C62706D6E64693A42504D4E53686170652062706D6E456C656D656E743D227369642D43353639363245362D413145382D344446432D393230332D333538464544434545393244222069643D2242504D4E53686170655F7369642D43353639363245362D413145382D344446432D393230332D333538464544434545393244223E0A20202020202020203C6F6D6764633A426F756E6473206865696768743D2238302E30222077696474683D223130302E302220783D223331352E302220793D2237352E30222F3E0A2020202020203C2F62706D6E64693A42504D4E53686170653E0A2020202020203C62706D6E64693A42504D4E53686170652062706D6E456C656D656E743D227369642D30423338333646452D364541352D344231372D393246392D393645453039413136453931222069643D2242504D4E53686170655F7369642D30423338333646452D364541352D344231372D393246392D393645453039413136453931223E0A20202020202020203C6F6D6764633A426F756E6473206865696768743D2232382E30222077696474683D2232382E302220783D223436382E342220793D223130322E30222F3E0A2020202020203C2F62706D6E64693A42504D4E53686170653E0A2020202020203C62706D6E64693A42504D4E456467652062706D6E456C656D656E743D227369642D45384431373930372D363135352D344232412D414233432D314433303539373532384139222069643D2242504D4E456467655F7369642D45384431373930372D363135352D344232412D414233432D314433303539373532384139223E0A20202020202020203C6F6D6764693A776179706F696E7420783D223431352E302220793D223131352E30222F3E0A20202020202020203C6F6D6764693A776179706F696E7420783D223434312E372220793D223131352E30222F3E0A20202020202020203C6F6D6764693A776179706F696E7420783D223434312E372220793D223131362E30222F3E0A20202020202020203C6F6D6764693A776179706F696E7420783D223436382E342220793D223131362E30222F3E0A2020202020203C2F62706D6E64693A42504D4E456467653E0A2020202020203C62706D6E64693A42504D4E456467652062706D6E456C656D656E743D227369642D32333835364242462D434132442D343332462D413434332D384331383845423643324136222069643D2242504D4E456467655F7369642D32333835364242462D434132442D343332462D413434332D384331383845423643324136223E0A20202020202020203C6F6D6764693A776179706F696E7420783D223237382E342220793D223131352E3633333936373738393136353434222F3E0A20202020202020203C6F6D6764693A776179706F696E7420783D223331352E302220793D223131352E3336363033323231303833343536222F3E0A2020202020203C2F62706D6E64693A42504D4E456467653E0A2020202020203C62706D6E64693A42504D4E456467652062706D6E456C656D656E743D227369642D46364537383743352D423934332D343738462D424233342D303138434437353838443546222069643D2242504D4E456467655F7369642D46364537383743352D423934332D343738462D424233342D303138434437353838443546223E0A20202020202020203C6F6D6764693A776179706F696E7420783D223133332E33393939393939393939393939382220793D223131362E30222F3E0A20202020202020203C6F6D6764693A776179706F696E7420783D223137382E33393939393939393939393939382220793D223131362E30222F3E0A2020202020203C2F62706D6E64693A42504D4E456467653E0A202020203C2F62706D6E64693A42504D4E506C616E653E0A20203C2F62706D6E64693A42504D4E4469616772616D3E0A3C2F646566696E6974696F6E733E, '0');
INSERT INTO `act_ge_bytearray` VALUES ('110006', '1', 'ML.ML.png', '110001', 0x89504E470D0A1A0A0000000D49484452000001FA000000A60806000000322E4D71000010B84944415478DAEDDD09885C759A00F080232222222822AEA8B0C8E0CA228238E2282288B88E2878748ECE253930D1A19568266A34918DBAE281598346C423485C11956C10DDCD9D9E8CD16870346A36D144739A6E331E59272646DFBEAF36FFE2A55295B49DEEEAAACEEF071F55DD555DE9F4FBFAFBFEC7ABD7030600000000000000000000000000000000000000000000000000000000000000000000000000000000000000000000000000000000000000000000000000000000000000000000000000000000000000000000000000000000000000000000000000000000000000000000000000000000000000000000000000000000000000000000000000000000000000000000000000000000D048B22CFBCDBA75EB5E59BE7CF9CF0B162CC8E6CD9B27EA1CF3E7CFCF962E5DFA751EAD321250C415F11E15F9D1DEDE9E75747464BB76ED127D149D9D9DD992254BBECBF3E53A950B50C415F11E138340F9D13079B22B1F1C7EAA72018AB822DE6362A5C7F1699CC873E427950B50C415F11E13DB0B8E4D43E548A672018AB8225EF71CF9DF6FB766EB563C977D3CFFBE52C4FDF89CE3AAD1038AB868F246BFE39BCDD9AAFF9A9CFDF58DDBF789F85C3CE6D86AF480222E9AB8D16FFCF83FF7CB8F149B3E9EEBD86AF480222E9AB9D17FBAE8DF6AE6483CE6D86AF480222E9AB8D1AF9A37A5668EC4638EAD460F28E242A3171A3DA0882BE28D9823718266AD1C89C71C5B8D1E50C4451337FAB5CB9EA89923F19863ABD1038AB868E246BF7DF387D9AAFFBE77FF159FFC73F19863ABD1038AB868F20BE6AC7F6FD67E39129F735C357A401117CDDEE87FFC315BFB9727F75FF1C93F178F39B61A3DA0888B266DF471D1A435CBFEBDE6F64E3CE6C24A1A3DA0888B666BF4F9206FEBDA85D9476FDD59333F52C473E2B906861A3DA0882BE24D9023071B001A186AF480222E9AB8D177650078A081A163ADD1038AB822DEC039D2DDFC48E1586BF48022AE8837FAF68E90234073367AA188CB11390268F442A3177204D0E885462F347A4011171ABDD0E8A1A72D59B2E45F66CE9C3967DAB4691DB7DC72CBEEE1C387FF3270E0C0ACB5B5F597F1E3C7FF3465CA94ADD3A74F9F3377EEDCDF6BF442A31772A4EF0C1932E41F5A5A5A6ECE6BF42B79ACCD6347D4EB3C76E6B13E7FECF5FC76423C4F7763C0134F3C71F73DF7DCF37D5B5B5B9637FA6CF9F2E5D9E6CD9BB39D3B7766216E3B3A3AB2F7DF7F3F7BE18517B278DEA44993FE9637FE3F69F442A31772A47E060D1A744D1EF3F226FEE3DEC6DE9558947F4DAB6E77187AEEB9E77E3779F2E4AF6FBFFDF65213DFB3674FD6551F7CF04176E79D7766B7DE7AEB96FCF69F357AA1D10B39D27BF2667D7A1E6FFE8AE65E2DDAAFBFFEFA7FD4FD0E133366CC7878ECD8B13FCF9D3BF75735F84A6FBDF5563666CC983DFD6576AF882BE272448E349A96969681F98CFCEB62D31E326448F6C0030F640B172ECC366CD8907DFFFDF7A59AFCC30F3F945664972D5B963DF6D863D9D0A1432B9BFD0EB3FBC3C0ECD9B31FBBF9E69B7F59B3664DD613BEF8E28B2C7FBD9FA74E9DFAAF1ABDD0E88546DFA34DFE0F7973FEA9D8E05F7CF1C5D2766A577CF3CD37A5E7C7D7151B7EDEEC47E986FDD4238F3C725F34F9AE264957C5EB8D1F3F7E4F5B5BDB788D5E68F442A3EF99997CB1C9DF76DB6DA5D97B77C4D7C5366D45B337B3EF6FA64C9972562CB3F7D44CBEDACC7ED4A8513F8E1E3DFA9F347AA1D10B8DFE90F7E43B5353BEF7DE7BCBCBF3DD15CBFAD3A64DAB5CC6FFADEED88FE4A3B90DB127DF9B62CFFEA69B6EFA1F8D5E68F442A3EFBEBD67D69767F287DAE48BCDBE6266DFAE3BF61393274F1E3361C2845F76EFDE9DF5B6FCDFD9356CD8B0E11ABDD0E88546DFAD267F4D714FBEBBCBF5075AC62FEED95BC2EF27264E9CB829DE42570F1F7EF861366EDCB8B51ABDD0E885467F68B3F93891AE37BCF4D24B66F5FD495B5BDBE97156FCA1BC8DEED7CA1BFD0FB1C7D448BF3879FC5E1157C4E5881C69E43A1457B24B27E0C5AC7BFBF6EDBD52A3E36CFC8AB7DE9DAE5B36B1BBEFBEFBA1679E7926ABA759B366ED1E366C58C3BCB7BEB04435AFA5A5E5778AB8222E47E44823D6A1BD97B52D3DEFA1871EEAD53A1DEFB32F34FA09BA6513BBE38E3BFE1A97B5ADA7D826183D7AF4D246FB052BC49BD546D68AB8462F47E4485FE6D8DE6BD7971E5FBC7871AFD6E9B8A84EE17B99AB5B36B1BCE16EDFBA756B5D1B7DBCAF7EE8D0A19D0DFC0B561E59177FD114718D5E8EC891BECCB1BD7FA0A6F4F99E3E09AF525C41AFF07D6CD42D9B58DE7077A73F50532FF1EF0D1E3C7877A3FF821547D6B194A6886BF472A4B9E210AFFDFEABA21E3996C7DFD3C73DF596BA03BDD5AEF06FEFD42D9B581CC4BE50CF5FC09E0A45FCF02DE27D9D232B57AE8C46522ABE7102568A4F3EF9247BFBEDB70FF8B5EBD7AFDFE7E338D16AF5EAD5FB7C6ECE9C39E5EFFDBDF7DECB76ECD8518E78EC40AF1FDFD7E38F3F7ED0E74C9830A17C3FAED991EEBFFBEEBB4D3F18EC8B5CAB779DD62D9B586B6BEBAEBE98D10F1A34685713CCE857C4B5A42FB9E492DFF4C5B26C14C11B6EB8A174BFB3B3B3F4736B6F6FCF1E7DF4D1D263B187567C7E14E88B2EBA28BBECB2CBB237DF7C333BEFBCF34A0D62F0E0C1A58F4F3DF5D49AFFD6EBAFBF9E9D7CF2C9351F8F86127F95B0DAF7186FF1398C67F475C991F8394F9A34A9743F8E7BE44334FA628E446CD9B2A5743C2EB8E08238E9357BFAE9A74BCF89E31BB7A3468DCA5E79E595F2A0A1F8FAF1FC74FFAAABAECA162C58508AF8386ED373972C59526AFEC3860D2BDD9E72CA29D9F9E79F5FBA1FF1EAABAF66679C71C67EDF7F9CF49BEECF9E3D7BBFFB96EE0F9E6385BF2B6F464FD7E5BFF89D7DB1479F0F30B635F02FD83EC5BBAFF65F2B0B6214D033CF3CB374B9CB5ACF8FD95DDCC62C2E7D7D3484F47814F9F4FCB56BD7EE33A33BEDB4D3CA1FC780A2DAEBC7ECEB8D37DE2817F9F8DCB3CF3E5BFADEE2FE575F7D75B834FABAE5489ACD57CE9E4F3CF1C4ECC20B2FAC990B69261EF7639016B7CF3FFF7CF6E5975F96EEC7A020BD7E1CD34D9B36953E1F1133F9E26B15F3A6B2391F75D451D9830F3E58FEF8C8238F2C0F4A3EFFFCF3729EE43FABECE5975F2EDD8F81637AADB8B6460C5235FA83E7983D7ABA65ECD8B1F3EB7DD6FD8A152B76E6B3CC371AF017ECEDB8EA5465F1AE77A3DFB87163B93846617EF8E187CB8D3E9AFC49279D547E3C6657C5021C053415CF34932B3E5EF9F1B9E79E5B7AADC9932767C71F7F7C76D75D77955FBB72A69E0606B1B270F6D967EFD3E8FB6266DF478DBEAE39128D3235D6B3CE3A2BBBF4D24B4B9F8FD977DC8FDB638E39A69433D51A7D34EC746C8A33FAB47A13CDBEF87834DCB88D55A338DE11F1F1A2458BCAAFFDDD77DF950607F1B5E9EB63B61EF7634BA0DACA50E58C3E722D0D0E63B529E5B7467FE01C73D63DDD9237DC3FCE9C39F3C77A36FA279F7CF28B467A5F66ADD9595F35FA8855AB56958A5FECA746714EB3AC68B2A991C7D25A9A95A5621985366E9F7AEAA972038886909A7265F18D1956B5197DF1B1183CA4AF8FFBC5FDDBB4E49BEEF7D6CCAC011A7D9FE448CCBE63869C1A6E34FEE38E3BAED4888B5B36F158FCDB711CD2D27C2CDBC7EC3FEEA765FE1830A4E69C0607471C714469A5263E97F22B1DFB6A33FAE2527F3AEEF178DC8FBDF7C8BB6A8D3E56A3D2F79ACE2B88FBE79C738EA5FB2EE698F7D1D32D71A5A5D1A3477F5FCF2BE3DD78E38DDB9AF14A4BF56CF4A969C68C3D8A737C1CFBA05120D3F27C2CDDA665F9B46F1F0383B4C41E3176ECD852C41E6BCC082BFF8D03CDE8D32C2E8A7F7109389679A311A43DDC8898D5C76DE5CCD225700F3D623B247EF6B12F1F4D3A0678C5C1561C8F18101C68E93E35FFD87289FBC5197A7AFD185C560EF20ED4E863DB20E54AFE3B5DBA1FB3F9ABAFBE7A9F2DA03847240D442A5FAFF2DF7209DC83D76B57C6A35B468C18F1E7BCA9D4A5D3AF5CB9F2AB4183062D6BC69F53BD1B7D9A9DC73269CCD8D3095811E924A958DA4FB3FBE2D2FDE5975F5E6AF4D1C8A3194461AFDC43EFEA8CBE5AC14F038FE25E7D715B40A3EF994833ECD8078FE5F5C88989132796B766E2F847F38FC25C79AC62F61F0380E2402D068D9147696090F2E6E8A38F2E1DC7746E47ECB9D75ABAAF960B695011791A2B0EE979E95D0295E79B14BF36FE2FE97BD4E80FCEB5EEE96EE25C336EDCB8AFEB31AB1F3366CCBA66FD6B48F56EF4C513DCE276C68C19E5461F67D0C7D9F5955F9396FCA3C9C792683486B40250AD587765465F7C7E14E5B46F7CC51557ECD3E8AB9DC0A7D11F7A44634EF76345A5D8B8ABCD86D3F18E33E763E017CBE9E918C5F18ABC2A1EAB3448883C4B4BF8C5B7ECD59AD117B784D28CFE84134EC8DADADA0EBA471FFF4EEC01C7FD7472605A51D0E80F5EAFFDF53ABABB24B4F4B5D75EFB5B6F36F9BC287D9427CE9F0FB6CFA9D1FF7F44611CB0F73DC7D190AFBDF6DAF25B980614DE6E55ADD1C7FE5DDABF8F8F8F3DF6D8FD5EBF78225FE58C3ECEC0AE56AC63669966687116B546DFBB399266D831B08BD95BB1E9171B7DDC8F63165B27032ADE0E57EB5D1CC5E70FD87B525CADA5FB28F8C5B7E3D5DA26A83648498D3C060B69856240E15D04E95D05E97DF61A7D97F6F317D5EBEFD1376BBDA67AE29C3E74E8D0ED6BD6ACE99569FDBA75EBBE1E3C78F0B67C74F8DB66FD19D5B3D1A7E2184D35CEB28F269CF6E323622FF4CA2BAFAC3AE32ECEC0E2E358EA1D50783B55B5A86CF4B50A7AECB716571C0E34EBD3E87BAED9A7FB31E04BEF598F9F7F1AF8C5F5132A2F9C1333F458D5899597784E14EE11234694EEC7FBEC53634FD74788B3E9E3DA0BF158F17DF2F1EFA4D97BADBC4817C0A916F1587195A0F83AF158AC4CC5F7586D70A9D1D7AED77974A6861CEFC639D4661F4D7EDAB469C526BFA399EB3535B4B4B40C1C397264674747478F36FB6DDBB67D970F22B634FB1250BD1A7D34F93813BAB2985E7CF1C5FBCCE8E304B85A8D3E96DDE3A4A871E3C6ED73167FF1FDCEC588625E79B25E6514F781D3F90031239C3A756A794F58A33FFCAE9ED85BFBEB1AFDC1EB753A312FCDECBBBB8C1F5F573193B764DFCF67F623860F1FBE6DF5EAD53B7AA2C97FF6D9671B5A5B5B37E749F9A766FFD9F46511EF4A31ADB5B4EA5AF71ABDBF87D07FEB75B1D9C7DE7A6CF1C4A0BCAB67D7C78977C53DF988FE50AFE9C248311FCD6D9F3D7BF69A4339416FD6AC59EDB15C1FC9D81F7E2E8AB8222E47E44823D6EB3CBE2936EA68DC719E4E5C542766EB69593F260371C5BB381172FAF4E9A5AD9C8AABF1EDE82FF59A2EEE01C5DB38468E1CB9FE9D77DE59FF6B1AFCF2E5CB3FC8BFEEC33891A33FEDF128E28AB81C91238D5CAF0FF10FE5B4DB933F7C1BFE759140B1C77EDF7DF7BD9B8F103FDA94DBB9F72FE1E437DF6EDDBA75637B7BFBF2FBEFBF7F71FEBC2F23616254D8DFCED654C415713922479AA15E1797F3BBD2E0FB63BDA61BE28A4C7902B5EDBDD6F2FAF86B46E9AF1AC51F3C886B21C76512FBF315941471455C8EC811F51AFA31455C1197237204D0E885462FE408A0D10B8D5E68F480222E347AA1D1038AB8222E4784460F28E28AB81C9123008AB8222E47E408A0D10B455C8EC81140A3171ABD902380462F347AA1D1038AB8D0E885460F28E28AB81C111A3DA0882BE272448E0028E28AB81C912380462F1471392247008D5E68F442A307347AA1D10B8D1E50C415713922347A401157C4E5881C0150C41571392247008D5EF154C46B5BB0608163D338B133CF919F542E401157C47BCCD2A54BB7767474383E0D109B376FFE8F3C473E55B900455C11EF310B172EBC7AF1E2C5DF6EDBB6EDEF8E53DF0D02233FE6CF9FFF651ED7A95C8022AE88F7A8FCFBFA433E0859112B0EB1BD20EA1EF173FF5493071471451C000000000000000000000000000000000080C3C9FF01FBB509C53D2D70360000000049454E44AE426082, '1');
INSERT INTO `act_ge_bytearray` VALUES ('115002', '1', 'AL.bpmn20.xml', '115001', 0x3C3F786D6C2076657273696F6E3D27312E302720656E636F64696E673D275554462D38273F3E0A3C646566696E6974696F6E7320786D6C6E733D22687474703A2F2F7777772E6F6D672E6F72672F737065632F42504D4E2F32303130303532342F4D4F44454C2220786D6C6E733A7873693D22687474703A2F2F7777772E77332E6F72672F323030312F584D4C536368656D612D696E7374616E63652220786D6C6E733A7873643D22687474703A2F2F7777772E77332E6F72672F323030312F584D4C536368656D612220786D6C6E733A61637469766974693D22687474703A2F2F61637469766974692E6F72672F62706D6E2220786D6C6E733A62706D6E64693D22687474703A2F2F7777772E6F6D672E6F72672F737065632F42504D4E2F32303130303532342F44492220786D6C6E733A6F6D6764633D22687474703A2F2F7777772E6F6D672E6F72672F737065632F44442F32303130303532342F44432220786D6C6E733A6F6D6764693D22687474703A2F2F7777772E6F6D672E6F72672F737065632F44442F32303130303532342F44492220747970654C616E67756167653D22687474703A2F2F7777772E77332E6F72672F323030312F584D4C536368656D61222065787072657373696F6E4C616E67756167653D22687474703A2F2F7777772E77332E6F72672F313939392F585061746822207461726765744E616D6573706163653D22687474703A2F2F7777772E61637469766974692E6F72672F70726F63657373646566223E0A20203C70726F636573732069643D22414C22206E616D653D22E5B9B4E58187E794B3E8AFB72220697345786563757461626C653D2274727565223E0A202020203C646F63756D656E746174696F6E3EE5B9B4E58187E794B3E8AFB7E6B581E7A88B3C2F646F63756D656E746174696F6E3E0A202020203C657874656E73696F6E456C656D656E74733E0A2020202020203C61637469766974693A61737369676E65726E756C6C3E3C215B43444154415B5D5D3E3C2F61637469766974693A61737369676E65726E756C6C3E0A202020203C2F657874656E73696F6E456C656D656E74733E0A202020203C73746172744576656E742069643D227369642D46353134343341432D383535392D343744352D413538452D414432304231434232463633222F3E0A202020203C757365725461736B2069643D227461736B30303122206E616D653D22E5B9B4E58187E794B3E8AFB7223E0A2020202020203C646F63756D656E746174696F6E3EE59198E5B7A5E58F91E8B5B7E5B9B4E58187E794B3E8AFB73C2F646F63756D656E746174696F6E3E0A202020203C2F757365725461736B3E0A202020203C73657175656E6365466C6F772069643D227369642D43323141433542452D374239302D343039362D383831302D3944304139323731443135382220736F757263655265663D227369642D46353134343341432D383535392D343744352D413538452D41443230423143423246363322207461726765745265663D227461736B303031222F3E0A202020203C757365725461736B2069643D227461736B30303222206E616D653D22E7BB8FE79086E5AEA1E689B9222061637469766974693A63616E64696461746547726F7570733D226D616E61676572223E0A2020202020203C646F63756D656E746174696F6E3EE7BB8FE79086E5AEA1E689B93C2F646F63756D656E746174696F6E3E0A202020203C2F757365725461736B3E0A202020203C73657175656E6365466C6F772069643D227369642D46333845454638362D323630422D343139442D423439382D3031434446464141323830382220736F757263655265663D227461736B30303122207461726765745265663D227461736B303032222F3E0A202020203C656E644576656E742069643D227369642D43323330384242442D363843312D343841382D414643332D363339334336333830464532222F3E0A202020203C73657175656E6365466C6F772069643D227369642D36343741433337462D424438302D343144372D413146322D4234453137353838463034432220736F757263655265663D227461736B30303222207461726765745265663D227369642D43323330384242442D363843312D343841382D414643332D363339334336333830464532222F3E0A20203C2F70726F636573733E0A20203C62706D6E64693A42504D4E4469616772616D2069643D2242504D4E4469616772616D5F414C223E0A202020203C62706D6E64693A42504D4E506C616E652062706D6E456C656D656E743D22414C222069643D2242504D4E506C616E655F414C223E0A2020202020203C62706D6E64693A42504D4E53686170652062706D6E456C656D656E743D227369642D46353134343341432D383535392D343744352D413538452D414432304231434232463633222069643D2242504D4E53686170655F7369642D46353134343341432D383535392D343744352D413538452D414432304231434232463633223E0A20202020202020203C6F6D6764633A426F756E6473206865696768743D2233302E30222077696474683D2233302E302220783D2237312E33393939393939393939393939382220793D2239342E30222F3E0A2020202020203C2F62706D6E64693A42504D4E53686170653E0A2020202020203C62706D6E64693A42504D4E53686170652062706D6E456C656D656E743D227461736B303031222069643D2242504D4E53686170655F7461736B303031223E0A20202020202020203C6F6D6764633A426F756E6473206865696768743D2238302E30222077696474683D223130302E302220783D223139352E302220793D2236392E30222F3E0A2020202020203C2F62706D6E64693A42504D4E53686170653E0A2020202020203C62706D6E64693A42504D4E53686170652062706D6E456C656D656E743D227461736B303032222069643D2242504D4E53686170655F7461736B303032223E0A20202020202020203C6F6D6764633A426F756E6473206865696768743D2238302E30222077696474683D223130302E302220783D223432302E302220793D2236392E30222F3E0A2020202020203C2F62706D6E64693A42504D4E53686170653E0A2020202020203C62706D6E64693A42504D4E53686170652062706D6E456C656D656E743D227369642D43323330384242442D363843312D343841382D414643332D363339334336333830464532222069643D2242504D4E53686170655F7369642D43323330384242442D363843312D343841382D414643332D363339334336333830464532223E0A20202020202020203C6F6D6764633A426F756E6473206865696768743D2232382E30222077696474683D2232382E302220783D223639302E302220793D2239352E30222F3E0A2020202020203C2F62706D6E64693A42504D4E53686170653E0A2020202020203C62706D6E64693A42504D4E456467652062706D6E456C656D656E743D227369642D46333845454638362D323630422D343139442D423439382D303143444646414132383038222069643D2242504D4E456467655F7369642D46333845454638362D323630422D343139442D423439382D303143444646414132383038223E0A20202020202020203C6F6D6764693A776179706F696E7420783D223239352E302220793D223130392E30222F3E0A20202020202020203C6F6D6764693A776179706F696E7420783D223432302E302220793D223130392E30222F3E0A2020202020203C2F62706D6E64693A42504D4E456467653E0A2020202020203C62706D6E64693A42504D4E456467652062706D6E456C656D656E743D227369642D36343741433337462D424438302D343144372D413146322D423445313735383846303443222069643D2242504D4E456467655F7369642D36343741433337462D424438302D343144372D413146322D423445313735383846303443223E0A20202020202020203C6F6D6764693A776179706F696E7420783D223532302E302220793D223130392E30222F3E0A20202020202020203C6F6D6764693A776179706F696E7420783D223639302E302220793D223130392E30222F3E0A2020202020203C2F62706D6E64693A42504D4E456467653E0A2020202020203C62706D6E64693A42504D4E456467652062706D6E456C656D656E743D227369642D43323141433542452D374239302D343039362D383831302D394430413932373144313538222069643D2242504D4E456467655F7369642D43323141433542452D374239302D343039362D383831302D394430413932373144313538223E0A20202020202020203C6F6D6764693A776179706F696E7420783D223130312E33393939393939393939393939382220793D223130392E30222F3E0A20202020202020203C6F6D6764693A776179706F696E7420783D223139352E302220793D223130392E30222F3E0A2020202020203C2F62706D6E64693A42504D4E456467653E0A202020203C2F62706D6E64693A42504D4E506C616E653E0A20203C2F62706D6E64693A42504D4E4469616772616D3E0A3C2F646566696E6974696F6E733E, '0');
INSERT INTO `act_ge_bytearray` VALUES ('115003', '1', 'AL.AL.png', '115001', 0x89504E470D0A1A0A0000000D49484452000002D80000009F0806000000C311AEF8000010F34944415478DAEDDD7B6C54F59E00F0FE718D7F18634CF40FE31A35B93137AED91813E335AE893131C61B8D37F1511EE5191E11745311E5A2561E59D435AB4656A318E383185842D4B084C8DDF2EE654551C245541614E4595B4404D65B40E4ECF9CE7ABAA7C394B674664AE1F349BE99D399E9B43933DFF97ECFEFFCCE393535000000000000000000000000000000000000000000000000000000000000000000000000000000000000000000000000000000000000000000000000000000000000000000000000000000000000000000000000000000000000000000000000000000000000000000000000000000000000000000000000000000000000000000000000000000000000000000000000000000000000000000000000000000000000000000000000000000000000000000000000000000000000000000000000000000504A9224BFD9BA75EBFC356BD6FCB274E9D2A4B1B1515439962C5992AC5AB5EAFB34EA7C22E5A09C908300F47351D89B9A9A92D6D6D6E4C89123A28F62EFDEBDC9CA952B0FA485FE5E9F4A3928E42000FD588C9A29ECA74D813FD2D8D8F8954FA51C147210807E2C76492BACA74FA4C5FD679F4A3928E42000FD58CC3F54544FABE29EF854CA41210701380B8AFBFFFCD89C6C5DFB56F2C592E98588E5B84F4156DC91837210007A58DC0FEDDF9D6CFC7343F2D7458F7688B82F1E53941577E4A01C04801E14F79D5FFCC709853D8B5D5F2C54941577E4A01C04809E14F7AF96FF4BA7C53D1E53941577E4A01C04801E14F78D8D533B2DEEF198A2ACB82307E5200028EE8A3B7250C84100FAA6B8C7190B3A2BEEF198A2ACB82307E52000F4A0B86F59FD72A7C53D1E53941577E4A01C04801E14F77DBB37241BFF73CA89BBA6D3FBE231455971470ECA4100E841718FD8F6E9EC138A7BDCA7202BEEC8413908003D2DEE870F275BFEEBD513774DA7F7C5638AB2E28E1C948300D0CDE21E5789DBBCFADF3A9DFF198FB9929CE28E1C948300D055713F7C3869DEB22CF97CF1E39D16F62CE239F15C23698A3B72500E02A0B89728EE5D8D98194953DC91837210007A50DCBB336276B29134455A71470ECA410014F75C9C6A61CF429156DC9183721000C55D28EEC84121070150DC1577E4A090830028EE4271470ECA41001477A1B82307E5204045AD5CB9F20FB366CD5A3063C68CD6871E7AE8E8B061C38E0F183020A9ABAB3B3E7EFCF89FA74E9DDA3C73E6CC050B172EFC476B4B71178A3B72500E42F50C1E3CF8EF6A6B6B1F4C7BB3F9696C49E350F46969B4A5B12D7DEC83F476623CCFDA3A0DBCFCF2CB4F3EF5D45307EBEBEB93B4C14ED6AC5993ECDEBD3B696B6B4B42DCB6B6B6269F7DF659F2CE3BEF24F1BCC99327FF9036DC7FB2F61477A1B82307E52054CEC08103FF9846631A477E6DA8BB13CBD3E7D7597B7DE0ADB7DEFA7D4343C3F78F3EFA68A1793E76EC58D25DEBD7AF4F1E7FFCF1E4E1871FDE93DEFE83B5A9B80BC51D392807A17CD226F98AB4495EDC83A6BA5434DD77DF7DBFB536ABE495575EF9D7B163C7FEB270E1C21E35D6C5162F5E9C8C1933E698D16CC55D28EEC8413908E5515B5B3B60D0A0413FE49BE5C1830727CF3CF34CB26CD9B264C78E1DC9C183070BBDD84F3FFD549879B07AF5EAE4C5175F4C860C1952DC641F329A5D0573E6CC79F1C1071F3CBE79F3E6A41CBEFDF6DB247DBD5FA64D9BF6CFD6AEE22E1477392807E520F4AAB9BE336D888FE51BEB77DF7DB7305DB73BF6EFDF5F787EFC5EBED14E5F7394B55B21CF3FFFFCF468AEBBFB267557BCDEF8F1E38FD5D7D78FB7961577A1B8CB419F7D3908A736729D6FAE274C985018AD3E15F17B310DB8A8C936925D6E53A74EBD3AA673946BE4BAD448F6A851A30E8F1E3DFAEFAD6DC55D28EE7250C841E8BE98739D9F163265CA94F66920A72AA68FCC9831A378BAC8EFACED324AB76276C49CEB4A8A39D90F3CF0C07F5BDB8ABB50DCE5A09083D07D6973BD243F72DDDBE63ADF64178D643759DB65D2D0D03066E2C489C78F1E3D9A545AFA778E0C1D3A7498B5AEB80BC55D0E0A39085D8B53F1E5E75C9FEAB490934D17C9CFC93655A44C264D9AB42B4EC5570D1B366C48C68D1BB7C55A57DC85E22E07851C846E35D88D59F31B072856C2DCB9738D6297537D7DFD1571968FDE9C8EAFA7D206FBA7984B64ED9737F9D2E8F22A9A8ABBE28E1C147290FEF3BD11575ECC0E6C8C51E67DFBF655A4378BB38B149DC24F9FD61B4F3EF9E4736FBCF146524DB367CF3E3A74E850E7C62EA3DC6E9DC6DADADADF2BEE8A3B7250C841FAFFF7C6AF973F2F3CEFB9E79EAB687F16E7C9CE35D813BD43BDF0D8638FFD352E7F5E4D311D65F4E8D1ABACFDF227692E3E2CB555ACB82BEEC8412107E93FDF1BE97DF3B3C757AC5851D1FE2C2E4693FB5F167A877A216D74F735373757B5C18EF3620F193264AFB55FD1246DDF2ACE27ABE2AEB82307851CA4FF7C6FA43F6FC9EE2FF7C18DC5E28A8FB9FF63A777A817D246F7685B5B5B551BECF87B83060D3A6AED573E49F35BC5B1FB497157DC9183420ED27FBE37D2F85BF673B94ECD77B253F6E5FE769B77A8976F6E5FE8C6874A542014F7D32B7C26E5A09083427437AADD9FE9927BA1AEAEEE485F8C600F1C38F088B55F95ADE0B5B5B5B577DE72CB2DBFE9ABDDD3E99F4D9E78E2896E3DF7D34F3F4D6EBEF9E6E4B6DB6E4B3EFCF0C3E4FAEBAF4FD6AD5B177B3C0A3F5F76D9659DFEEE071F7C905C72C9259D3EFEE5975F26EBD7AF2FF9FFC5698F8C9E7126E660E44F7CC663642ACE3E9045E4C3471F7D74D2DFDDB66D5B879FE32C039B366D3A69AEBFF4D24B5D7E1F4C9C38B17D392E70962D7FF2C9277210DF1B45DF1B71754523D8FDD0A851A3F6F6C51CECB4B16FB1F62B9AA41D8A7AA6DAC53D9AE2289CE9FB9D2C58B0A043BCF0C20B85C78A8B6F14FDB88DE21EB773E6CC293404D9E3F3E7CF6F7FFE962D5BDA97E3352FBFFCF2F69F9B9A9A4A16F728E28B162D4A860E1D5AF89DB8EFCD37DF4CDE7BEFBDC2F277DF7DA7B873C6E4607CA6274F9E5C588E0398F6EEDD5BC8A7B8FFFEFBEF6F7FDE9E3D7B0A1B9A37DE78639CE92979FDF5D70BCF890DD7B84D6B4521F7B2663D7E67E5CA95851CCA72E9D24B2F4D6EB8E186F61C8F9CBAF2CA2B4FF87FE2CC55D972E477F1B2061BDF1BFFFFBD610E763F3576ECD825D53E8BC8DAB56BDB060D1AB4C8DAAF48927E14577C2A2EEA7D51DC63B42B8AE6D2A54B3B14D779F3E69DB4198891B5B88D8B1265053EFF78F1CFD75D775DA19837343424175E786161B43C6B9C8B47A6B3863CF6A25C73CD351D1AECBE18C956DCE5603546AF8B47972FBEF8E2E4A69B6EEA3407232FB2E5D8EB13B76FBFFD76B27DFBF6C27234E3A59AE273CF3D3779F6D967DB7F3EE79C73DA9BFB6FBEF9A63DDFD27553F81EC8F23D7BADC8F9D88B2507F1BDD1E139CE22D21FA58DEE3FCD9A35EB70351BEC575F7DF55BE7572C7B92961C2DEBCBE29E1FA92AD560C7F2CE9D3B4F18ED8E5DD071FBDA6BAF25E79D775EE139B7DE7A6B7B71EEECF58A47B0F38F4511CF7E3F960F1D3AD41E715F8CD865CBD52CF08ABB1CAC5444439B35C0575F7D752187E2FEF8ACC772DC66F955AAC1CEF221363AF323D8F96958070E1C2834F1D1704764391FCB91C7A5A66C158F60C74671B6F728FB0E889FE520BE37FE8FF360F7537185A0D1A3471FACE6951C478E1CD9E20A417DA35AC57DD7AE5D85DB1819BEE8A28B9209132674182D8E421DBB8EB35DCD11D994916CE43BA672448C1D3BB61031121E8D4271B13ED908F6F2E5CBDB47ACF323723145249AEF78CD2CE2FF8ADBE2864371A73FE6608C36C70872ECB589CF7D34DC175C704121CFF2C73CC463F13F45439D4D0189E92131DA1DCBD9749268D4B3263A9F23C51BA8F11AB11C73ABA3812FD5605F75D555ED7F3B9B071ECBD75E7BAD292250A24F4B7BA69FAB7125C7BABABAE3AEE45846C3870FFF4BFA6557950E7BDDBA75DF0D1C3870B5B57E6617F72C6244390E54EC6A8A48EC1A8E66BB263745E4F6DB6F2F34D8D14047C18E66B9A6688E747747B0F3F76573B86339E68BE6E762E7A79F28EEF4F71C8C5C89CF75CCBB8EE638722CBFF7263634A3113FD91491ACE98E3C89E56CA335FFFC986E92E5D0C891230BCB317A7DF7DD77773826220E56CE1AFA52F978B2E9637290B3599C173B6B7C63AF5225CC9D3B373F7ADD64AD97E78DFBE3B871E3BEAFC628F6983163B6A67FAFCE5A3FF347B0A3598D839E62A43A3BE8298AE83DF7DC5358CE0E9ECA4F23899F376EDCD83E821D235AB1AB393BF0B15471EFCE0876FEF9D1CC67BBCFEFB8E38E0E0D76A903231577FA630EC65E9BF84CC7BCE828C8914793264D6A3FB621E65447D31DA356C53912F9118D777ECF4F8C6047A35EAA21CF37C959731ED33D62C43C7B5E7616939AA2031BF3BF1BFF5BF637E52074ECD3B2E63746B1CB7DB063BC5EBA017C3C77A11B7D5A197741AC7AFFFDF77FA864733D6FDEBCCFD337EE2F5DCD51E4CC19C12EB57BB8AB831CB3063BE69AE50FA63AFFFCF34F787E9CC5A0B3B38864D3548A5F3F1A8EACD0C7C1561A6CCED41C8C86385B8EA951F986B9541E661BB277DD7557614F524CF3C87223F224E64617E7483C963F46221BC18EA961F5F5F55DCEC18E0DE938B02A96B38328E33B400E424769FFB43C6B8063DA65B94ED9171BBF8F3CF2C8B1FCE8B53EADBC6FDC1543860CD9B779F3E68A0C636FDDBAF5FB74EBA825DD2AFA9DB57D7637D8273B15574DEEEC21D9C856FC1C236F35B9B317948AE206BBB3D78FDDD4D972FE60AA9AA253002AEEF4E71CCC4E7319E78E8F11EC7CB35D5374B0716C8CC6BCEA9AA2B3FE94CADBECF95D9D81A454B39F35D09167D9087B4DEE2C27D9594FB2F364CB41E8D8A7A5B1376B84A74C99D2EB263B9AEB193366E4E75D1FD2A755406D6DED80112346EC6D6D6D2D6B93DDD2D272206DDEF7D8E5A0C1EE49831DD33B620EE7B871E30A8F6523DBF9D380E5239AE5E283204B9D3AB0F89480D1584C9B36AD7DD7B8069B332507F3178A89A954D939AA2357B2695B7161A7E20BCEC4DCED989E1553A8E2395178870F1F5E588EF364C7F48FCEF237BB704CA988C76A720736E69BF1782C2E30157FB3B3065E0EA24FAB1D901DF0988D649FEA7491F8BDA2916B53432ABC85347CD8B0612D9B366D3A548EE6FAEBAFBFDE515757B73BFD50FCC9DAD5607715F9B38A9C0DA1B8CBC13329AA3D7F5A0E72B6F669F9263BE664C75EAA1840EAEED942E280C6FC9CEB087D5A95B690D2AD987D73E6CCD9DC9B031F67CF9EDD14D342E2C360AD2AEE4271470ECA41284F9F96C6FE7C831C8D761CBB1417A389D1E96CFA480C5CC5151AE3588799336726C3860DFBA5E8EA9187F469D5DD42BA224E0B3362C4886D1F7FFCF1B69E34D66BD6AC599FFEDE8698286F2E8FE22E1477E4A01C84CAF469252EB7DE93D0A7F5E11B786FBC8131877AFAF4E99FA45B469FEF4AB5C5BEC0547AF3637373F3CEA6A6A6354F3FFDF48AF479DBE30D8BAD2147A12AEE4271470ECA41A87C9F969F36D29DC65A9F769A882B09A56F607DFA86CC4F635B1A6DBFBE4971BB33AE591F97D574E51FC55D28EEC8413908FA3450DC85E28E1C948300A0B82BEEC84121070150DC85E22E07851C044071178A3B72500E0280E2AEB82307851C04407157DC9183420E02A0B80BC51D3928070150DC85E28E1C948300A0B82BEEC84121070150DC85E28E1C94830028EE4271470ECA410050DC1577E4A090830028EE8A3B7250C841001477A1B82307E520008ABB50DC9183420E02A0B82BEEC84121070150DC85E28E1C94830028EE4271470ECA410050DC1577E4A090830028EE8A3B7250C841001477A1B82307E52000D4D42C5DBA54513D7DA22D2DEE3FFB54CA41210701E8C756AD5AD5DCDADAAAB09E06B17BF7EE7F4F8BFB573E957250C84100FAB165CB96DDBD62C58A1F5B5A5AFEA6C0F6DDA85914F6254B966C4FE35E9F4A3928E42000FD5C5A50EE6C6C6C5C1BBB4663FEA1A87AC47AFF4A61978372500E020000000000000000000000000000000000000000000000000054CCFF0288EEB83A8D4EFEC80000000049454E44AE426082, '1');
INSERT INTO `act_ge_bytearray` VALUES ('142502', '1', 'AL.bpmn20.xml', '142501', 0x3C3F786D6C2076657273696F6E3D27312E302720656E636F64696E673D275554462D38273F3E0A3C646566696E6974696F6E7320786D6C6E733D22687474703A2F2F7777772E6F6D672E6F72672F737065632F42504D4E2F32303130303532342F4D4F44454C2220786D6C6E733A7873693D22687474703A2F2F7777772E77332E6F72672F323030312F584D4C536368656D612D696E7374616E63652220786D6C6E733A7873643D22687474703A2F2F7777772E77332E6F72672F323030312F584D4C536368656D612220786D6C6E733A61637469766974693D22687474703A2F2F61637469766974692E6F72672F62706D6E2220786D6C6E733A62706D6E64693D22687474703A2F2F7777772E6F6D672E6F72672F737065632F42504D4E2F32303130303532342F44492220786D6C6E733A6F6D6764633D22687474703A2F2F7777772E6F6D672E6F72672F737065632F44442F32303130303532342F44432220786D6C6E733A6F6D6764693D22687474703A2F2F7777772E6F6D672E6F72672F737065632F44442F32303130303532342F44492220747970654C616E67756167653D22687474703A2F2F7777772E77332E6F72672F323030312F584D4C536368656D61222065787072657373696F6E4C616E67756167653D22687474703A2F2F7777772E77332E6F72672F313939392F585061746822207461726765744E616D6573706163653D22687474703A2F2F7777772E61637469766974692E6F72672F70726F63657373646566223E0A20203C70726F636573732069643D22414C22206E616D653D22E5B9B4E58187E794B3E8AFB72220697345786563757461626C653D2274727565223E0A202020203C646F63756D656E746174696F6E3EE5B9B4E58187E794B3E8AFB7E6B581E7A88B3C2F646F63756D656E746174696F6E3E0A202020203C657874656E73696F6E456C656D656E74733E0A2020202020203C61637469766974693A61737369676E65726E756C6C3E3C215B43444154415B5D5D3E3C2F61637469766974693A61737369676E65726E756C6C3E0A202020203C2F657874656E73696F6E456C656D656E74733E0A202020203C73746172744576656E742069643D227369642D46353134343341432D383535392D343744352D413538452D414432304231434232463633222F3E0A202020203C757365725461736B2069643D227461736B30303122206E616D653D22E5B9B4E58187E794B3E8AFB7223E0A2020202020203C646F63756D656E746174696F6E3EE59198E5B7A5E58F91E8B5B7E5B9B4E58187E794B3E8AFB73C2F646F63756D656E746174696F6E3E0A202020203C2F757365725461736B3E0A202020203C73657175656E6365466C6F772069643D227369642D43323141433542452D374239302D343039362D383831302D3944304139323731443135382220736F757263655265663D227369642D46353134343341432D383535392D343744352D413538452D41443230423143423246363322207461726765745265663D227461736B303031222F3E0A202020203C757365725461736B2069643D227461736B30303222206E616D653D22E7BB8FE79086E5AEA1E689B9222061637469766974693A63616E64696461746547726F7570733D226D616E61676572223E0A2020202020203C646F63756D656E746174696F6E3EE7BB8FE79086E5AEA1E689B93C2F646F63756D656E746174696F6E3E0A2020202020203C657874656E73696F6E456C656D656E74733E0A20202020202020203C61637469766974693A7461736B4C697374656E6572206576656E743D2261737369676E6D656E742220636C6173733D22636F6D2E6A6176612E61637469766974692E6C697374656E65722E5461736B4576656E744C697374656E6572222F3E0A2020202020203C2F657874656E73696F6E456C656D656E74733E0A202020203C2F757365725461736B3E0A202020203C73657175656E6365466C6F772069643D227369642D46333845454638362D323630422D343139442D423439382D3031434446464141323830382220736F757263655265663D227461736B30303122207461726765745265663D227461736B303032222F3E0A202020203C656E644576656E742069643D227369642D43323330384242442D363843312D343841382D414643332D363339334336333830464532222F3E0A202020203C73657175656E6365466C6F772069643D227369642D36343741433337462D424438302D343144372D413146322D4234453137353838463034432220736F757263655265663D227461736B30303222207461726765745265663D227369642D43323330384242442D363843312D343841382D414643332D363339334336333830464532222F3E0A20203C2F70726F636573733E0A20203C62706D6E64693A42504D4E4469616772616D2069643D2242504D4E4469616772616D5F414C223E0A202020203C62706D6E64693A42504D4E506C616E652062706D6E456C656D656E743D22414C222069643D2242504D4E506C616E655F414C223E0A2020202020203C62706D6E64693A42504D4E53686170652062706D6E456C656D656E743D227369642D46353134343341432D383535392D343744352D413538452D414432304231434232463633222069643D2242504D4E53686170655F7369642D46353134343341432D383535392D343744352D413538452D414432304231434232463633223E0A20202020202020203C6F6D6764633A426F756E6473206865696768743D2233302E30222077696474683D2233302E302220783D2237312E33393939393939393939393939382220793D2239342E30222F3E0A2020202020203C2F62706D6E64693A42504D4E53686170653E0A2020202020203C62706D6E64693A42504D4E53686170652062706D6E456C656D656E743D227461736B303031222069643D2242504D4E53686170655F7461736B303031223E0A20202020202020203C6F6D6764633A426F756E6473206865696768743D2238302E30222077696474683D223130302E302220783D223139352E302220793D2236392E30222F3E0A2020202020203C2F62706D6E64693A42504D4E53686170653E0A2020202020203C62706D6E64693A42504D4E53686170652062706D6E456C656D656E743D227461736B303032222069643D2242504D4E53686170655F7461736B303032223E0A20202020202020203C6F6D6764633A426F756E6473206865696768743D2238302E30222077696474683D223130302E302220783D223432302E302220793D2236392E30222F3E0A2020202020203C2F62706D6E64693A42504D4E53686170653E0A2020202020203C62706D6E64693A42504D4E53686170652062706D6E456C656D656E743D227369642D43323330384242442D363843312D343841382D414643332D363339334336333830464532222069643D2242504D4E53686170655F7369642D43323330384242442D363843312D343841382D414643332D363339334336333830464532223E0A20202020202020203C6F6D6764633A426F756E6473206865696768743D2232382E30222077696474683D2232382E302220783D223639302E302220793D2239352E30222F3E0A2020202020203C2F62706D6E64693A42504D4E53686170653E0A2020202020203C62706D6E64693A42504D4E456467652062706D6E456C656D656E743D227369642D46333845454638362D323630422D343139442D423439382D303143444646414132383038222069643D2242504D4E456467655F7369642D46333845454638362D323630422D343139442D423439382D303143444646414132383038223E0A20202020202020203C6F6D6764693A776179706F696E7420783D223239352E302220793D223130392E30222F3E0A20202020202020203C6F6D6764693A776179706F696E7420783D223432302E302220793D223130392E30222F3E0A2020202020203C2F62706D6E64693A42504D4E456467653E0A2020202020203C62706D6E64693A42504D4E456467652062706D6E456C656D656E743D227369642D36343741433337462D424438302D343144372D413146322D423445313735383846303443222069643D2242504D4E456467655F7369642D36343741433337462D424438302D343144372D413146322D423445313735383846303443223E0A20202020202020203C6F6D6764693A776179706F696E7420783D223532302E302220793D223130392E30222F3E0A20202020202020203C6F6D6764693A776179706F696E7420783D223639302E302220793D223130392E30222F3E0A2020202020203C2F62706D6E64693A42504D4E456467653E0A2020202020203C62706D6E64693A42504D4E456467652062706D6E456C656D656E743D227369642D43323141433542452D374239302D343039362D383831302D394430413932373144313538222069643D2242504D4E456467655F7369642D43323141433542452D374239302D343039362D383831302D394430413932373144313538223E0A20202020202020203C6F6D6764693A776179706F696E7420783D223130312E33393939393939393939393939382220793D223130392E30222F3E0A20202020202020203C6F6D6764693A776179706F696E7420783D223139352E302220793D223130392E30222F3E0A2020202020203C2F62706D6E64693A42504D4E456467653E0A202020203C2F62706D6E64693A42504D4E506C616E653E0A20203C2F62706D6E64693A42504D4E4469616772616D3E0A3C2F646566696E6974696F6E733E, '0');
INSERT INTO `act_ge_bytearray` VALUES ('142503', '1', 'AL.AL.png', '142501', 0x89504E470D0A1A0A0000000D49484452000002D80000009F0806000000C311AEF8000010F34944415478DAEDDD7B6C54F59E00F0FE718D7F18634CF40FE31A35B93137AED91813E335AE893131C61B8D37F1511EE5191E11745311E5A2561E59D435AB4656A318E383185842D4B084C8DDF2EE654551C245541614E4595B4404D65B40E4ECF9CE7ABAA7C394B674664AE1F349BE99D399E9B43933DFF97ECFEFFCCE393535000000000000000000000000000000000000000000000000000000000000000000000000000000000000000000000000000000000000000000000000000000000000000000000000000000000000000000000000000000000000000000000000000000000000000000000000000000000000000000000000000000000000000000000000000000000000000000000000000000000000000000000000000000000000000000000000000000000000000000000000000000000000000000000000000000504A9224BFD9BA75EBFC356BD6FCB274E9D2A4B1B1515439962C5992AC5AB5EAFB34EA7C22E5A09C908300F47351D89B9A9A92D6D6D6E4C89123A28F62EFDEBDC9CA952B0FA485FE5E9F4A3928E42000FD588C9A29ECA74D813FD2D8D8F8954FA51C147210807E2C76492BACA74FA4C5FD679F4A3928E42000FD58CC3F54544FABE29EF854CA41210701380B8AFBFFFCD89C6C5DFB56F2C592E98588E5B84F4156DC91837210007A58DC0FEDDF9D6CFC7343F2D7458F7688B82F1E53941577E4A01C04801E14F79D5FFCC709853D8B5D5F2C54941577E4A01C04809E14F7AF96FF4BA7C53D1E53941577E4A01C04801E14F78D8D533B2DEEF198A2ACB82307E5200028EE8A3B7250C84100FAA6B8C7190B3A2BEEF198A2ACB82307E52000F4A0B86F59FD72A7C53D1E53941577E4A01C04801E14F77DBB37241BFF73CA89BBA6D3FBE231455971470ECA4100E841718FD8F6E9EC138A7BDCA7202BEEC8413908003D2DEE870F275BFEEBD513774DA7F7C5638AB2E28E1C948300D0CDE21E5789DBBCFADF3A9DFF198FB9929CE28E1C948300D055713F7C3869DEB22CF97CF1E39D16F62CE239F15C23698A3B72500E02A0B89728EE5D8D98194953DC91837210007A50DCBB336276B29134455A71470ECA410014F75C9C6A61CF429156DC9183721000C55D28EEC84121070150DC1577E4A090830028EE4271470ECA41001477A1B82307E5204045AD5CB9F20FB366CD5A3063C68CD6871E7AE8E8B061C38E0F183020A9ABAB3B3E7EFCF89FA74E9DDA3C73E6CC050B172EFC476B4B71178A3B72500E42F50C1E3CF8EF6A6B6B1F4C7BB3F9696C49E350F46969B4A5B12D7DEC83F476623CCFDA3A0DBCFCF2CB4F3EF5D45307EBEBEB93B4C14ED6AC5993ECDEBD3B696B6B4B42DCB6B6B6269F7DF659F2CE3BEF24F1BCC99327FF9036DC7FB2F61477A1B82307E52054CEC08103FF9846631A477E6DA8BB13CBD3E7D7597B7DE0ADB7DEFA7D4343C3F78F3EFA68A1793E76EC58D25DEBD7AF4F1E7FFCF1E4E1871FDE93DEFE83B5A9B80BC51D392807A17CD226F98AB4495EDC83A6BA5434DD77DF7DBFB536ABE495575EF9D7B163C7FEB270E1C21E35D6C5162F5E9C8C1933E698D16CC55D28EEC8413908E5515B5B3B60D0A0413FE49BE5C1830727CF3CF34CB26CD9B264C78E1DC9C183070BBDD84F3FFD549879B07AF5EAE4C5175F4C860C1952DC641F329A5D0573E6CC79F1C1071F3CBE79F3E6A41CBEFDF6DB247DBD5FA64D9BF6CFD6AEE22E1477392807E520F4AAB9BE336D888FE51BEB77DF7DB7305DB73BF6EFDF5F787EFC5EBED14E5F7394B55B21CF3FFFFCF468AEBBFB267557BCDEF8F1E38FD5D7D78FB7961577A1B8CB419F7D3908A736729D6FAE274C985018AD3E15F17B310DB8A8C936925D6E53A74EBD3AA673946BE4BAD448F6A851A30E8F1E3DFAEFAD6DC55D28EE7250C841E8BE98739D9F163265CA94F66920A72AA68FCC9831A378BAC8EFACED324AB76276C49CEB4A8A39D90F3CF0C07F5BDB8ABB50DCE5A09083D07D6973BD243F72DDDBE63ADF64178D643759DB65D2D0D03066E2C489C78F1E3D9A545AFA778E0C1D3A7498B5AEB80BC55D0E0A39085D8B53F1E5E75C9FEAB490934D17C9CFC93655A44C264D9AB42B4EC5570D1B366C48C68D1BB7C55A57DC85E22E07851C846E35D88D59F31B072856C2DCB9738D6297537D7DFD1571968FDE9C8EAFA7D206FBA7984B64ED9737F9D2E8F22A9A8ABBE28E1C147290FEF3BD11575ECC0E6C8C51E67DFBF655A4378BB38B149DC24F9FD61B4F3EF9E4736FBCF146524DB367CF3E3A74E850E7C62EA3DC6E9DC6DADADADF2BEE8A3B7250C841FAFFF7C6AF973F2F3CEFB9E79EAB687F16E7C9CE35D813BD43BDF0D8638FFD352E7F5E4D311D65F4E8D1ABACFDF227692E3E2CB555ACB82BEEC8412107E93FDF1BE97DF3B3C757AC5851D1FE2C2E4693FB5F167A877A216D74F735373757B5C18EF3620F193264AFB55FD1246DDF2ACE27ABE2AEB82307851CA4FF7C6FA43F6FC9EE2FF7C18DC5E28A8FB9FF63A777A817D246F7685B5B5B551BECF87B83060D3A6AED573E49F35BC5B1FB497157DC9183420ED27FBE37D2F85BF673B94ECD77B253F6E5FE769B77A8976F6E5FE8C6874A542014F7D32B7C26E5A09083427437AADD9FE9927BA1AEAEEE485F8C600F1C38F088B55F95ADE0B5B5B5B577DE72CB2DBFE9ABDDD3E99F4D9E78E2896E3DF7D34F3F4D6EBEF9E6E4B6DB6E4B3EFCF0C3E4FAEBAF4FD6AD5B177B3C0A3F5F76D9659DFEEE071F7C905C72C9259D3EFEE5975F26EBD7AF2FF9FFC5698F8C9E7126E660E44F7CC663642ACE3E9045E4C3471F7D74D2DFDDB66D5B879FE32C039B366D3A69AEBFF4D24B5D7E1F4C9C38B17D392E70962D7FF2C9277210DF1B45DF1B71754523D8FDD0A851A3F6F6C51CECB4B16FB1F62B9AA41D8A7AA6DAC53D9AE2289CE9FB9D2C58B0A043BCF0C20B85C78A8B6F14FDB88DE21EB773E6CC293404D9E3F3E7CF6F7FFE962D5BDA97E3352FBFFCF2F69F9B9A9A4A16F728E28B162D4A860E1D5AF89DB8EFCD37DF4CDE7BEFBDC2F277DF7DA7B873C6E4607CA6274F9E5C588E0398F6EEDD5BC8A7B8FFFEFBEF6F7FDE9E3D7B0A1B9A37DE78639CE92979FDF5D70BCF890DD7B84D6B4521F7B2663D7E67E5CA95851CCA72E9D24B2F4D6EB8E186F61C8F9CBAF2CA2B4FF87FE2CC55D972E477F1B2061BDF1BFFFFBD610E763F3576ECD825D53E8BC8DAB56BDB060D1AB4C8DAAF48927E14577C2A2EEA7D51DC63B42B8AE6D2A54B3B14D779F3E69DB4198891B5B88D8B1265053EFF78F1CFD75D775DA19837343424175E786161B43C6B9C8B47A6B3863CF6A25C73CD351D1AECBE18C956DCE5603546AF8B47972FBEF8E2E4A69B6EEA3407232FB2E5D8EB13B76FBFFD76B27DFBF6C27234E3A59AE273CF3D3779F6D967DB7F3EE79C73DA9BFB6FBEF9A63DDFD27553F81EC8F23D7BADC8F9D88B2507F1BDD1E139CE22D21FA58DEE3FCD9A35EB70351BEC575F7DF55BE7572C7B92961C2DEBCBE29E1FA92AD560C7F2CE9D3B4F18ED8E5DD071FBDA6BAF25E79D775EE139B7DE7A6B7B71EEECF58A47B0F38F4511CF7E3F960F1D3AD41E715F8CD865CBD52CF08ABB1CAC5444439B35C0575F7D752187E2FEF8ACC772DC66F955AAC1CEF221363AF323D8F96958070E1C2834F1D1704764391FCB91C7A5A66C158F60C74671B6F728FB0E889FE520BE37FE8FF360F7537185A0D1A3471FACE6951C478E1CD9E20A417DA35AC57DD7AE5D85DB1819BEE8A28B9209132674182D8E421DBB8EB35DCD11D994916CE43BA672448C1D3BB61031121E8D4271B13ED908F6F2E5CBDB47ACF323723145249AEF78CD2CE2FF8ADBE2864371A73FE6608C36C70872ECB589CF7D34DC175C704121CFF2C73CC463F13F45439D4D0189E92131DA1DCBD9749268D4B3263A9F23C51BA8F11AB11C73ABA3812FD5605F75D555ED7F3B9B071ECBD75E7BAD292250A24F4B7BA69FAB7125C7BABABAE3AEE45846C3870FFF4BFA6557950E7BDDBA75DF0D1C3870B5B57E6617F72C6244390E54EC6A8A48EC1A8E66BB263745E4F6DB6F2F34D8D14047C18E66B9A6688E747747B0F3F76573B86339E68BE6E762E7A79F28EEF4F71C8C5C89CF75CCBB8EE638722CBFF7263634A3113FD91491ACE98E3C89E56CA335FFFC986E92E5D0C891230BCB317A7DF7DD77773826220E56CE1AFA52F978B2E9637290B3599C173B6B7C63AF5225CC9D3B373F7ADD64AD97E78DFBE3B871E3BEAFC628F6983163B6A67FAFCE5A3FF347B0A3598D839E62A43A3BE8298AE83DF7DC5358CE0E9ECA4F23899F376EDCD83E821D235AB1AB393BF0B15471EFCE0876FEF9D1CC67BBCFEFB8E38E0E0D76A903231577FA630EC65E9BF84CC7BCE828C8914793264D6A3FB621E65447D31DA356C53912F9118D777ECF4F8C6047A35EAA21CF37C959731ED33D62C43C7B5E7616939AA2031BF3BF1BFF5BF637E52074ECD3B2E63746B1CB7DB063BC5EBA017C3C77A11B7D5A197741AC7AFFFDF77FA864733D6FDEBCCFD337EE2F5DCD51E4CC19C12EB57BB8AB831CB3063BE69AE50FA63AFFFCF34F787E9CC5A0B3B38864D3548A5F3F1A8EACD0C7C1561A6CCED41C8C86385B8EA951F986B9541E661BB277DD7557614F524CF3C87223F224E64617E7483C963F46221BC18EA961F5F5F55DCEC18E0DE938B02A96B38328E33B400E424769FFB43C6B8063DA65B94ED9171BBF8F3CF2C8B1FCE8B53EADBC6FDC1543860CD9B779F3E68A0C636FDDBAF5FB74EBA825DD2AFA9DB57D7637D8273B15574DEEEC21D9C856FC1C236F35B9B317948AE206BBB3D78FDDD4D972FE60AA9AA253002AEEF4E71CCC4E7319E78E8F11EC7CB35D5374B0716C8CC6BCEA9AA2B3FE94CADBECF95D9D81A454B39F35D09167D9087B4DEE2C27D9594FB2F364CB41E8D8A7A5B1376B84A74C99D2EB263B9AEB193366E4E75D1FD2A755406D6DED80112346EC6D6D6D2D6B93DDD2D272206DDEF7D8E5A0C1EE49831DD33B620EE7B871E30A8F6523DBF9D380E5239AE5E283204B9D3AB0F89480D1584C9B36AD7DD7B8069B332507F3178A89A954D939AA2357B2695B7161A7E20BCEC4DCED989E1553A8E2395178870F1F5E588EF364C7F48FCEF237BB704CA988C76A720736E69BF1782C2E30157FB3B3065E0EA24FAB1D901DF0988D649FEA7491F8BDA2916B53432ABC85347CD8B0612D9B366D3A548EE6FAEBAFBFDE515757B73BFD50FCC9DAD5607715F9B38A9C0DA1B8CBC13329AA3D7F5A0E72B6F669F9263BE664C75EAA1840EAEED942E280C6FC9CEB087D5A95B690D2AD987D73E6CCD9DC9B031F67CF9EDD14D342E2C360AD2AEE4271470ECA41284F9F96C6FE7C831C8D761CBB1417A389D1E96CFA480C5CC5151AE3588799336726C3860DFBA5E8EA9187F469D5DD42BA224E0B3362C4886D1F7FFCF1B69E34D66BD6AC599FFEDE8698286F2E8FE22E1477E4A01C84CAF469252EB7DE93D0A7F5E11B786FBC8131877AFAF4E99FA45B469FEF4AB5C5BEC0547AF3637373F3CEA6A6A6354F3FFDF48AF479DBE30D8BAD2147A12AEE4271470ECA41A87C9F969F36D29DC65A9F769A882B09A56F607DFA86CC4F635B1A6DBFBE4971BB33AE591F97D574E51FC55D28EEC8413908FA3450DC85E28E1C948300A0B82BEEC84121070150DC85E22E07851C044071178A3B72500E0280E2AEB82307851C04407157DC9183420E02A0B80BC51D3928070150DC85E28E1C948300A0B82BEEC84121070150DC85E28E1C94830028EE4271470ECA410050DC1577E4A090830028EE8A3B7250C841001477A1B82307E520008ABB50DC9183420E02A0B82BEEC84121070150DC85E28E1C94830028EE4271470ECA410050DC1577E4A090830028EE8A3B7250C841001477A1B82307E52000D4D42C5DBA54513D7DA22D2DEE3FFB54CA41210701E8C756AD5AD5DCDADAAAB09E06B17BF7EE7F4F8BFB573E957250C84100FAB165CB96DDBD62C58A1F5B5A5AFEA6C0F6DDA85914F6254B966C4FE35E9F4A3928E42000FD5C5A50EE6C6C6C5C1BBB4663FEA1A87AC47AFF4A61978372500E020000000000000000000000000000000000000000000000000054CCFF0288EEB83A8D4EFEC80000000049454E44AE426082, '1');
INSERT INTO `act_ge_bytearray` VALUES ('50002', '4', 'source', null, 0x7B227265736F757263654964223A223530303031222C2270726F70657274696573223A7B2261737369676E65726E756C6C223A22222C2270726F636573735F6964223A22414C222C226E616D65223A22E5B9B4E58187E794B3E8AFB7222C22646F63756D656E746174696F6E223A22E5B9B4E58187E794B3E8AFB7E6B581E7A88B222C2270726F636573735F617574686F72223A22777162222C2270726F636573735F76657273696F6E223A22222C2270726F636573735F6E616D657370616365223A22687474703A2F2F7777772E61637469766974692E6F72672F70726F63657373646566222C22657865637574696F6E6C697374656E657273223A22222C226576656E746C697374656E657273223A22222C227369676E616C646566696E6974696F6E73223A22222C226D657373616765646566696E6974696F6E73223A22222C226465736372697074696F6E223A22E58F91E8B5B7E5B9B4E58187E794B3E8AFB7227D2C227374656E63696C223A7B226964223A2242504D4E4469616772616D227D2C226368696C64536861706573223A5B7B227265736F757263654964223A227369642D46353134343341432D383535392D343744352D413538452D414432304231434232463633222C2270726F70657274696573223A7B226F766572726964656964223A22222C226E616D65223A22222C22646F63756D656E746174696F6E223A22222C22657865637574696F6E6C697374656E657273223A22222C22696E69746961746F72223A22222C22666F726D6B6579646566696E6974696F6E223A22222C22666F726D70726F70657274696573223A22227D2C227374656E63696C223A7B226964223A2253746172744E6F6E654576656E74227D2C226368696C64536861706573223A5B5D2C226F7574676F696E67223A5B7B227265736F757263654964223A227369642D43323141433542452D374239302D343039362D383831302D394430413932373144313538227D5D2C22626F756E6473223A7B226C6F7765725269676874223A7B2278223A3130312E33393939393939393939393939382C2279223A3132347D2C2275707065724C656674223A7B2278223A37312E33393939393939393939393939382C2279223A39347D7D2C22646F636B657273223A5B5D7D2C7B227265736F757263654964223A227369642D43363737354637302D333030462D343739452D423433412D323737384333394136384436222C2270726F70657274696573223A7B2261737369676E65726E756C6C223A22222C226F766572726964656964223A227461736B303031222C226E616D65223A22E5B9B4E58187E794B3E8AFB7222C22646F63756D656E746174696F6E223A22E59198E5B7A5E58F91E8B5B7E5B9B4E58187E794B3E8AFB7222C226173796E6368726F6E6F7573646566696E6974696F6E223A2266616C7365222C226578636C7573697665646566696E6974696F6E223A2266616C7365222C22657865637574696F6E6C697374656E657273223A22222C226D756C7469696E7374616E63655F74797065223A224E6F6E65222C226D756C7469696E7374616E63655F63617264696E616C697479223A22222C226D756C7469696E7374616E63655F636F6C6C656374696F6E223A22222C226D756C7469696E7374616E63655F7661726961626C65223A22222C226D756C7469696E7374616E63655F636F6E646974696F6E223A22222C226973666F72636F6D70656E736174696F6E223A2266616C7365222C22757365727461736B61737369676E6D656E74223A22222C22666F726D6B6579646566696E6974696F6E223A22222C2264756564617465646566696E6974696F6E223A22222C227072696F72697479646566696E6974696F6E223A22222C22666F726D70726F70657274696573223A22222C227461736B6C697374656E657273223A22227D2C227374656E63696C223A7B226964223A22557365725461736B227D2C226368696C64536861706573223A5B5D2C226F7574676F696E67223A5B7B227265736F757263654964223A227369642D46333845454638362D323630422D343139442D423439382D303143444646414132383038227D5D2C22626F756E6473223A7B226C6F7765725269676874223A7B2278223A3239352C2279223A3134397D2C2275707065724C656674223A7B2278223A3139352C2279223A36397D7D2C22646F636B657273223A5B5D7D2C7B227265736F757263654964223A227369642D43323141433542452D374239302D343039362D383831302D394430413932373144313538222C2270726F70657274696573223A7B226F766572726964656964223A22222C226E616D65223A22222C22646F63756D656E746174696F6E223A22222C22636F6E646974696F6E73657175656E6365666C6F77223A22222C22657865637574696F6E6C697374656E657273223A22222C2264656661756C74666C6F77223A2266616C7365227D2C227374656E63696C223A7B226964223A2253657175656E6365466C6F77227D2C226368696C64536861706573223A5B5D2C226F7574676F696E67223A5B7B227265736F757263654964223A227369642D43363737354637302D333030462D343739452D423433412D323737384333394136384436227D5D2C22626F756E6473223A7B226C6F7765725269676874223A7B2278223A3139342E343337352C2279223A3130397D2C2275707065724C656674223A7B2278223A3130322E32363837343939393939393939382C2279223A3130397D7D2C22646F636B657273223A5B7B2278223A31352C2279223A31357D2C7B2278223A35302C2279223A34307D5D2C22746172676574223A7B227265736F757263654964223A227369642D43363737354637302D333030462D343739452D423433412D323737384333394136384436227D7D2C7B227265736F757263654964223A227369642D35394645303843382D434436302D344532302D423145312D424132333737314246354534222C2270726F70657274696573223A7B2261737369676E65726E756C6C223A22222C226F766572726964656964223A227461736B303032222C226E616D65223A22E7BB8FE79086E5AEA1E689B9222C22646F63756D656E746174696F6E223A22E7BB8FE79086E5AEA1E689B9222C226173796E6368726F6E6F7573646566696E6974696F6E223A2266616C7365222C226578636C7573697665646566696E6974696F6E223A2266616C7365222C22657865637574696F6E6C697374656E657273223A22222C226D756C7469696E7374616E63655F74797065223A224E6F6E65222C226D756C7469696E7374616E63655F63617264696E616C697479223A22222C226D756C7469696E7374616E63655F636F6C6C656374696F6E223A22222C226D756C7469696E7374616E63655F7661726961626C65223A22222C226D756C7469696E7374616E63655F636F6E646974696F6E223A22222C226973666F72636F6D70656E736174696F6E223A2266616C7365222C22757365727461736B61737369676E6D656E74223A7B2261737369676E6D656E74223A7B2261737369676E6565223A22222C2263616E64696461746547726F757073223A5B7B2276616C7565223A226D616E61676572222C222424686173684B6579223A2230424D227D5D7D7D2C22666F726D6B6579646566696E6974696F6E223A22222C2264756564617465646566696E6974696F6E223A22222C227072696F72697479646566696E6974696F6E223A22222C22666F726D70726F70657274696573223A22222C227461736B6C697374656E657273223A7B227461736B4C697374656E657273223A5B7B226576656E74223A2261737369676E6D656E74222C22696D706C656D656E746174696F6E223A22636F6D2E6A6176612E61637469766974692E6C697374656E65722E5461736B4576656E744C697374656E6572222C22636C6173734E616D65223A22636F6D2E6A6176612E61637469766974692E6C697374656E65722E5461736B4576656E744C697374656E6572222C2265787072657373696F6E223A22222C2264656C656761746545787072657373696F6E223A22227D5D7D7D2C227374656E63696C223A7B226964223A22557365725461736B227D2C226368696C64536861706573223A5B5D2C226F7574676F696E67223A5B7B227265736F757263654964223A227369642D36343741433337462D424438302D343144372D413146322D423445313735383846303443227D5D2C22626F756E6473223A7B226C6F7765725269676874223A7B2278223A3532302C2279223A3134397D2C2275707065724C656674223A7B2278223A3432302C2279223A36397D7D2C22646F636B657273223A5B5D7D2C7B227265736F757263654964223A227369642D46333845454638362D323630422D343139442D423439382D303143444646414132383038222C2270726F70657274696573223A7B226F766572726964656964223A22222C226E616D65223A22222C22646F63756D656E746174696F6E223A22222C22636F6E646974696F6E73657175656E6365666C6F77223A22222C22657865637574696F6E6C697374656E657273223A22222C2264656661756C74666C6F77223A2266616C7365227D2C227374656E63696C223A7B226964223A2253657175656E6365466C6F77227D2C226368696C64536861706573223A5B5D2C226F7574676F696E67223A5B7B227265736F757263654964223A227369642D35394645303843382D434436302D344532302D423145312D424132333737314246354534227D5D2C22626F756E6473223A7B226C6F7765725269676874223A7B2278223A3431392E37383132352C2279223A3130397D2C2275707065724C656674223A7B2278223A3239352E32313837352C2279223A3130397D7D2C22646F636B657273223A5B7B2278223A35302C2279223A34307D2C7B2278223A35302C2279223A34307D5D2C22746172676574223A7B227265736F757263654964223A227369642D35394645303843382D434436302D344532302D423145312D424132333737314246354534227D7D2C7B227265736F757263654964223A227369642D43323330384242442D363843312D343841382D414643332D363339334336333830464532222C2270726F70657274696573223A7B226F766572726964656964223A22222C226E616D65223A22222C22646F63756D656E746174696F6E223A22222C22657865637574696F6E6C697374656E657273223A22227D2C227374656E63696C223A7B226964223A22456E644E6F6E654576656E74227D2C226368696C64536861706573223A5B5D2C226F7574676F696E67223A5B5D2C22626F756E6473223A7B226C6F7765725269676874223A7B2278223A3731382C2279223A3132337D2C2275707065724C656674223A7B2278223A3639302C2279223A39357D7D2C22646F636B657273223A5B5D7D2C7B227265736F757263654964223A227369642D36343741433337462D424438302D343144372D413146322D423445313735383846303443222C2270726F70657274696573223A7B226F766572726964656964223A22222C226E616D65223A22222C22646F63756D656E746174696F6E223A22222C22636F6E646974696F6E73657175656E6365666C6F77223A22222C22657865637574696F6E6C697374656E657273223A22222C2264656661756C74666C6F77223A2266616C7365227D2C227374656E63696C223A7B226964223A2253657175656E6365466C6F77227D2C226368696C64536861706573223A5B5D2C226F7574676F696E67223A5B7B227265736F757263654964223A227369642D43323330384242442D363843312D343841382D414643332D363339334336333830464532227D5D2C22626F756E6473223A7B226C6F7765725269676874223A7B2278223A3638392E323839303632352C2279223A3130397D2C2275707065724C656674223A7B2278223A3532302E3335393337352C2279223A3130397D7D2C22646F636B657273223A5B7B2278223A35302C2279223A34307D2C7B2278223A31342C2279223A31347D5D2C22746172676574223A7B227265736F757263654964223A227369642D43323330384242442D363843312D343841382D414643332D363339334336333830464532227D7D5D2C22626F756E6473223A7B226C6F7765725269676874223A7B2278223A313230302C2279223A313035307D2C2275707065724C656674223A7B2278223A302C2279223A307D7D2C227374656E63696C736574223A7B2275726C223A227374656E63696C736574732F62706D6E322E302F62706D6E322E302E6A736F6E222C226E616D657370616365223A22687474703A2F2F62336D6E2E6F72672F7374656E63696C7365742F62706D6E322E3023227D2C227373657874656E73696F6E73223A5B5D7D, null);
INSERT INTO `act_ge_bytearray` VALUES ('50003', '1', 'source-extra', null, 0x89504E470D0A1A0A0000000D4948445200000300000000C70806000000AE84341F000000206348524D00007A26000080840000FA00000080E8000075300000EA6000003A98000017709CBA513C0000000467414D410000B18E7CFB5193000000017352474200AECE1CE900000006624B474400FF00FF00FFA0BDA793000000097048597300000EC400000EC401952B0E1B00001A264944415478DAEDDD097455D5D930E0130804044511102DB568E5536ABBB4AD4B6D4B913A61FD45AD434141ABED6FADFADBEAA2D6DA65013B68FBA9ABFAD5B18E559CEB8C75C0565C5897B3202CA913C409033286216148F2EFF7949BEF1A08432001C2F3AC75D7BDB9B95376CE7BEEFBEEBDCF3E590600000000000000000000000000000000000000000000000000000000000000000000000000000000000000000000000000000000000000000000000000000000000000000000000000000000000000000000000000000000000000000000000000000000000000000000000000000000000000000000000000000000000000000000000000000000000000000000000000000000000000000000000000000000000000000000000000000000000000000000000000000000000000000000000000000000000000000000000040AB55A209A0717575751DA64D9BF6FF162E5C386CF1E2C5BB2F5AB4A8436D6DAD8659DF1D4F49495D5959D9ECF6EDDBBFB46CD9B2CBFAF5EBF78C56410C8A414001001B554A3A7E326BD6ACCBABABABB7EAD9B367D6A54B976CEBADB7CEDAB469A371D653247029A1CB2A2B2BB38A8A8AA535353553AAAAAA860D1C3870B2D6410C8A414001002DEE830F3E7868EAD4A947EDBCF3CED94E3BED14BD651AA5194D9F3E3D2B2F2FAFAAABAB3BE1C0030F7C588B2006C520D07CDA6A025839F14897A3FAF6ED9B75EFDE5DE2D102A257B76BD7AEED66CE9CF97F860D1B36E9B6DB6E7B5BAB884131280601050034BB9872505E5E3E3C128F6DB6D966A5DF2F593823AB78F3C1AC62CAC3D9AC69CF648BE74ECBCA3AF5C84ACBB6D178EBA97DFBF69180945554541C3E74E8D0C7468F1E3D53AB8841312806810DCF444A58210E368CF9C631E5A0B1C4E3C3D76ECE16CE7A2BABAD599AD5D52ECF16CF792FFBE0D59BB2EACA8F35E006D0A953A7AC77EFDEB56DDBB6FD1FAD2106C5A018041400D0AC62A59138D830E61BAFCA9CF7C767CB972E5AE9FE4844664D1BA70137905EBD7A752D2D2DED3376ECD8FDB5861814836210500040B389650663A591C6E61B57ADA687317A26D9707AF4E85191AE8ED51262500C8A41400100CD26D6188F65061B5357B3ACF127D759977C43EAD6ADDBE7D2D5002D2106C5A0180436BC524D00FF1127188A9530D8F8D2FF61C774D55D4B8841C420B0E119018015E2C4384E30B489EC98FEF37FD04121061183800200369E761DB76BF477A5657A2D410C022800A055E9BAF337B3D2F69D56BABF6DBB8E59D72FF4D3402006011400D09A74EEDE37EBD46DF755DEBF758F3D35108841000500B43635CBAA56BA6FF992051A06C4208002005A93A58B3ECDCF36BAF0D3292BFD6ED1EC77B20F5EB9217F0C2006011400B0999B3FFDB59478DC982D9E3BADD1C72C9EF77E56FED2B5D9DC0F9ECFEAAC470E6210601366892F6844F426CE78FBEF79EFE2DAA8AD599A3F7EC1A753B21EFF7578D6215F461B1083009B162300D088E84D5CDBC4A358F452BEFFF2F51A10C4208002003627D19BD85475B5CB35208841804D922940D0883D0EFE9D46003108D0EA180100000005000000A00000000014000000C0E6C141C01BC0B3CF3E7BF8BFFFFDEFD367CD9AF58D8A8A8A6D2B2B2B4B972C5952525A5A5AD7A54B979AEEDDBBCFEADAB5EB4BBBECB2CBA583060D7A4E8B0100B48CA14387F65ABE7CF9D125252507A41FF74E979EE9D2395DAAD3A5A2AEAE6E42FADDBFDAB66D7BF71D77DCF1910280D5BAEAAAAB2E9C3973E62F1E7CF0C1ADFBF6ED9B1D74D041D9E73FFFF92C25FB59870E1DB2EAEAEA92050B16947EF8E1873D274F9E7CE43FFEF18F232FB8E082B9656565FF3D6AD4A83F68410080E671C209271C9DAECEAAADADED9F12FCF6AB78488774E99D7ED73B5D1F5D535373E9902143C6A59F6FBAEBAEBB462B00F88C5B6EB965FFA953A78E79FFFDF7B74F1B4AB6D75E7B65A96A5C79AB4A45405CBA77EF9E7DED6B5FCB4E3EF9E46CE2C489DBDD7BEFBD979C7BEEB93FEDD8B1E361175F7CF11B5A140060C348B95924F5D7D5D5D50D6CC2D307A4E70D48AF717A2A084EBDEFBEFBDE5500905D7DF5D597BDF0C20BE71E71C4116DBEFBDDEFAE32F15F9D2816E2F2E4934FEEF8C0030FBC366AD4A80B8D060000ACBFC183070F69D3A6CD35B5B5B5DB15EE8B5CEDCB5FFE72B6DF7EFB65BBEDB65BB6EDB6DB665B6FBD75B678F1E26CDEBC7959797979F6D24B2F65AFBDF65AB66CD9B2C2D3FAA5E7BD7EC209279CD11A47031400EBE0CE3BEFFCD3F3CF3FFFB3E1C38797F4E9D367BD5E6BE0C081D91E7BECD1F6B2CB2EFBFD45175DD479E4C891176A6100802627FF47A4E47F744AFEDB1612FFE8AC3DF4D043F3D9180D6DB5D556F965A79D76CABEF9CD6FE6C5C0638F3D963DFEF8E3594D4D4D3CA4735D5DDDEDA908E8908A801B5B535B5905682D5D7EF9E5BF89E47FC48811EB9DFC177CE10B5FC8D2EBB5993973E62FCF39E79CB3B43200409392FFE8F97F2825EC79F21F49FD25975C120700AF32F95F95181988C7C7F3E298CE82F49A37A422609802600B336AD4A82FBDF5D65BBFFAE94F7F5AB2B61BD1DA8AD73BEFBCF3DA2E5CB8F0F2D34E3B6D4FAD0D00B0F662CE7FDBB66DAF2924FFBBEFBE7BE46E9F49E2D7453C2F9EFF95AF7CA5B808B83615017B2800B6208B162D7A62D0A0416D3754CF7F43311270DC71C7959596963EA0B50100D621996DD3E6C6C29CFFE8F91F3E7C783EC77F7DC4D4A073CE39A7B88888E940372800B610BFFEF5AF7F9CFEE1BD62CE7E738AD7EFD4A953EF934F3EF9075A1D0060CD62A9CF94FC1F14B763CE7F24EDEB9BFC171701679F7D76F1822FFD5ACB542005C01A2C5DBA7444FA6797B46BD7AED9DF2B25FFED3B77EEEC60E0261A3264C885B1231830608083DB410C025BC67EA3FE18CA38E0B7A9D37E1A13AF77C41147D4FF5C575777BA02A0954B5564EF458B16ED18CB76B6841573CD768AB96C5ABF497E9B02F3C11D76D861FEE0C183EF4A3B94C38E3FFEF8CE9BF2071E3162443673E6CCB57AECF4E9D3B3BFFFFDEF59454545FE735C575757D7FFFE830F3E68F4B92FBCF042F6D0430F35FAFB78AD850B17AE74FFF9E79F6FABA229315899F663F76FEA3118DBFD2BAFBCB2D2FDCB972FCF3EFDF4D3757EBDA54B9736FABBBFFEF5AFF9EBAECE8D37DE984D993225BF3D71E2C4B58A6D682DFB8D9E3D7BCE4BDFDDA3D765BF1167F84D57DF89DB85157F9AC361871D96157504F76B0D799A5E9AD5E8DCB9F399BD7BF76EB3AE6BFDAF8FFDF7DFBFDDD34F3F3D24DD746E80262A2929D92A3A15D20E6548FADF45223226DD777B5959D9B85B6FBDB57A53F99C1F7DF451F6FEFBEF673D7AF458E977F1851FBF8F65C90A9E7CF2C9BC27E2D4534FCD7EF6B39F6563C78ECDBEF7BDEF653366CC88E963D935D75C933DF2C823AB7CAF58DAAC686DE39574EBD62DDF71C66B3EF7DC73F5C5C0ABAFBE9A3DF1C41379E2F2AF7FFD2B5F1901D622063BA6AB63520C1E93627061FA427F3CFD7CF3A61683A3478FCE76D96597FC448D77DC7147B6FDF6DBC75CE2ECB6DB6ECB060C1890FDF8C73FCE1F377BF6ECFA843CD60D8F9F63BDF0889977DE79273F8E6BC18205D9871F7E98FDF297BFAC8FEF5EBD7AD5BF579C14F2F9E79FCFFAF7EFFF997D40F163264D9A14BDA1F9ED73CF3D378FBDF6EDDBE72791FCE73FFF997F3668C53AA57DC7D0B4DF189AF61BF3532C3C927EBE7375FB8DF4DD74747A4C9EA445676DD7AE5D9BE583C5EA40B19F78F1C5170B771D972E9729005AA9A54B970E8C1347B4A43DF7DCB3DDF8F1E30F57006C30DBA4CB896987726275927628F7A59DC5039F7CF2C99871E3C62DDF981FECCA2BAFCC8E3FFEF8FC4B3EFCE94F7FCABFF443F4EC47C2502C4E5212C9FF5D77DD95F746A4BF21DB7BEFBDA350CD7FFFF0C30F7FE6F13FF8C10F626E647E3B7A39ABAAAAEAE745C67BDD7EFBEDF5C5476969692CA196DFDE679F7DEADF3B92A278AF280A7EFBDBDFDA9A68525F4A8ABFE3D3F5F169BB5E92B6C907D3ED7B36760C466F7DC4D0CF7FFEF3ECE9A79FCE6325E2208AEF28880BC97F88C2608F3DF6C8C68C19931D7BECB1791CC5A85AC4461403DFFAD6B7F2C7156239DC7DF7DDD997BEF4A5FAA43D461BE27985C73CFBECB3F9EBC6FB47811D311FD7EFBDF75EFE9A9FFBDCE7F2E43F44E12FF9670BD3255D4E4AFB8E93526C54A5EFEE7BD277F7C30DF71BE9BE030AB7F7DD77DF66FD40F1FA4505C0010A80566CEEDCB9BDA267A725C58E3E6DEC7DB57EB3E850D8A1ECB0C30E0BD20E656CDA79DCB0317A259F7AEAA97C4EE10107D4EFBBB29B6FBE394F285625A623BCFBEE7FCE46BE68D1A23C4989FBA2A7FE8D37DEC87B116B6B6B3FF39CF8B9F8F5A287B2F07324F60D471E0A3D8FE1FEFBEFCF471522412A242CB366CDCA7AF6EC692B627D94C5C85C6C6E695B8A91817FA6DBD76E8C184CEF975D78E185B19FCFFEF297BF645FFDEA57B3F43962E187ECF0C30FCF93F128080A6265919802108F89C43C0A88888D88BF42A2DE30FEE2750AA2B73FF6EF8565056399C2187D2814FC319217CFD96EBBEDF2FB6FB9E596FCB3151F7F76CC31C76437DD7453FE18D882C488E22969DF714ADA6FC4C8C013E9BBFBD6D86FA4D8D9BBF0A05D77DDB5593F44EFDEBD8B7FDC7B736F5405C06AA40D6BEB18F66949D14394BE78B64D1BF828FF81E693761ED1159E4F51882FDFD4DEEF3565CE6F53C49CFFC276153D8A852423EE8F842212FCB8FFFAEBAFAF4F2CEEBDF7DEFAE43B12F39D77DE393BF3CC33F3DEFFC2FD91B8347C9F42F2DE7004A0701C41881EC7B7DE7A2B1B397264F6E8A38FE6D3800AE7BB283EFEE58F7FFC639E3045AF65738B6223A6588883562D46068E4CD747AE88C1692D1583D17B1FB11189F4F8F1E3B3ABAEBA2A5BB2644976F5D55767575C71459E889F75D659D981071E988F8CC5CF5110C434BA288AA74D9B96C7666104201E178A47007EF18B5F64175F7C713E6D20C4DCFE1859F8F8E38FB3F2F2F2ACB2B2327F4CDE10298EE312AF195318E23191FCC7672B7442C56BFDEA57BF6AB1E45F0CB2898A9181C169DF3178C53170F53D5FCD9DAF3578FD6E0A80562CEDECDB359C86D1DCE2FDD2861DFF9791FE032DEA8B31C52686F79B5BF4BCC7E59E7BEEC93A76EC58DF2B5F3C0250FC3922298ADEC2F8320E512044C21E49428C0044D210094A24EE31B5A7F87D56370250FF877FF18BF925A616453171D2492765D75D775DDEDB71C82187E48F895ECE3860B9A5928F487C5E7FFDF54C1C6C517669A918DC7FFFFDF3293A31AFFEC4134FCC632C12DED8C60BA2003FEFBCF3F20220A6DFC4A85D14CB31DA1689C09A46000AC57524ED210A87830F3E384FF4634A5D1CFFD3B0608FC7DF79E79DD9B061C3F2583BF2C823EB9F1B9F2796246C296290CD44FDDCB80DB5F467631AC45F87CDBDE11400AB6B9CD2D2A5A9C26CDF92454054B4252525CB521170B1FFC03A5B9B2FAADAD4B6B5A98D3FB3EDA79FA7EEB3CF3EBBB6E4875DD39CDEE8598CDEF6182188C42112F41023005110C4251298E87D8C1183EF7CE73B1BECB3C53CC71FFEF087F53F47B1D292D30EBEFDED6FE709524A402EB259B7BA18ACCBFED36BD77663C6E0840913F2C43DB6EB48E623AE6295ADB81DFBFC679E79263FC8BE20A6EC45A11007F146121F07D6178F0044F2D17045AF1835288C0A4C9E3C397FAF78EDB8BDE38E3BD63F2E0A8248F0E3F75190344CF4E3B12D99FC8B4136C1FD4661158B760DF61BF19D9E7F99462757731601B1004071BAA60068C5D28EBA32EDE4BBB5E4BCE7D880DBB66D3B77F4E8D1A3FC07D6CD9021431ADB8944B251B362C7D126ED30DAA41DC6BC74FD74BADC515656F644CC3F4E096F5D4B7CCE980B1CBDF9D1E398DEBF3E41289EB2133DFAF7DD775F3EEDA6E15CFD982B1C8F8BDEC2E8AD8F03181F7FFCF1ECCF7FFEF3671E573C7FBFE114A0C6961E8DF78D9548623B8CDED882988ED09262AA444C9D38FFFCF3C541EB88C118D9AC59B15A474924FF1B3306633B8FE9375158C781F88579F921622A0E906FEC789C786EC4533C378A85C2D4A05801288A81E2557DA2782FBC4EF108405C8A4700FAF5EB975F6275AFD58902A4303D4F0CB205EC3796ADE8B02B2B24FE0DF71BD5D5D593D2DDBBC5EFA2286FCE02205EBFC82C05402B9612F18969277D504B1600E9FDAAD317CC2B5A7FBDD5ACE83188E19B362B2EB1B66564C4F774ECD8F1E99470CCDB181F2C1284E224A1A0E141C0C5071016DB61871D3EF3B848FE63B9D086230AB194611CB8585C5C169E77E8A187AEF4BA31B528E619C7328691D4149F17604DEB97432349FF92155FDED98AE47F9388C18895C2B29AB16DC78A3CC507E4375498EE133DF5F19C5831288A80E8117CFBEDB7F39EFB48EA1BCE41EEDBB7EF2A4700E2188218C15B9328D4E3788182975F7EB9D1FD02B41255D97F3AED3A45D21F9D64ABDB6FA4E26142A100983A75EA063F0958B1E2584C2628005AB194303D3271E2C47EFBEDB75F594BBD67FA5299910A8067B4FEFAD76F2B2EB1E3F85BBA3C96BE78C76C4A6B90AFAB86ABFC84589B3CA62EC4FAE2471D7554FD92A0A138F95F5502D4501C5710074046AF654C3D2A2E32623402D6D58AE47F938BC158BBFF0F7FF8437ECCCB37BEF18D467BFB63342C4607A2788E44FF861B6EA88F9DC2393A62442E96018D9889C7178B253E0B8A47001A8A11B628C00B27F68B588F294AB11AD719679C91BF7F288C1E160E2C8656A8E38AEBB5DA6FD4D5D53D9BF633B1267F3E6ABDBA427E7D158F8A27CF2A005AF797D7032921FFDD8F7EF4A3B2963A19D8CB2FBFDC71C5464F13C51061BA1A97BEA8FFBA6279C1799BC3E75E532F7BE1F79180C45480E80D8C39CCBFF9CD6FF2154662EEF0A5975EBACA9EC5482856554034D8F6569A671C3D9071BE82965A9D0531D812FAF4E993AF68555886334EA017856FC4561C845CE8B58FA43C46DC621A5E21998F693E71AC40612A4E4C3988D809F3E7CFCFBA74E992AFD2D5504C138A03F757159F85D588A23029140831FDAFD0DBFF939FFC245F163496206DCE1E4ED8DCF61B296E1FAAA9A989D52F4AA3436CCE9C39CD7232B098FEF3EAABAFC614C59215776DF6799A026035EEB8E38E8F4E39E59437264C98B0FFD7BFFEF566AF005E7FFDF519555555EFDD7DF7DDE55ABF497E9D8AB6F20E1D3AFC6D73ECE98FD53F56277AE7431C2CD8708DF1986AD0D8598043F43C36B652494171F21FEF1122F1F9FDEF7F6FCBA2D5C56021F90F85D576D646F4F4C77102EB2A7D97AC3606E333147F8EE2F86E6C8402B6F4FD46E469279C70C2B8543C1C9C0A817C4AECD0A14337F8078C4E81E5CB971792FFE75A439EA6005883254B965C76F3CD37DFB8F7DE7B6FDFDCA300D75D775D1C627EAD566F9A1490BFDB9C3FFF9A569B2AACBF1FBD94EB7A56D03525FF2BED184AED1AD8F262B039AD6B0C82FDC65ABB3A5D0E8E1B5100C44A5D1B72A42C0EF07FF4D147EB7BFF53B1727D6B6877E7165F83BBEEBAEBA1F9F3E7BFF9C8238F34EB3228F7DE7BEFE4CACACAE99F7CF2C9DD5A1D0060EDF2B474352E6EC728408C96178E9B595F71A0FF95575E59535B5B5BDFFBDF5AF23405C05A481BD4C90F3EF860DD3BEFBC53D31CAF3F6DDAB4D90F3FFC708F5455FEDF71E3C6596E050060ED9D9AAD589A73FAF4E9D9E5975FBEDE454024FFA998A8FBF8E38F0BD33F16A63CEDB4D692A72900D642CCF55ABA74E959975C72C9DC4F3FFD748316013367CEAC1C3972E4D2BABABAE1A98AFDB7D6060058B73C2DE55167A79B79721EABDA8D1A352A9FBED314F1BC112346D44C9A34A9D0F31F537FCE684D799A02602DDD73CF3D775755559D97CC4E1BD6C20DF19AEFBDF7DE87C3870F5F988A8BFF491BD568AD0C00D0B43C2D5D9D5628026224E0820B2E8803851B9EC4AB51F1B8544CC4F9708A7BFE6385A20B5A5B9EE648BF75AB306F1D3C7870F545175D74F5A04183DEF9FEF7BFDFA7A90706DF7EFBEDCF3DF1C413FF555B5B7B7EDA686FD5BA0000EB9FA7A59BD79694946C1BC7048C1933263F3878AFBDF6CAF6DD77DF6CD75D77CD4FDA174BF8C6349F48FAE3245FAFBEFA6A5C6A972C59129DE3859EFFE8F03DBB35E6690A8026549843860C79E1D1471FBD61ECD8B1ED627DE6B441F55EDBE7BFF8E28B13AFBFFEFA36555555319C7440DA584DFB0100D880795ACAB16E88E541E3BE2804E2247A715983E29931CFC59CFFD63A3D5B01D0B40AB33C5D1D9236B0E3AEB8E28AD34B4B4BCBFAF4E9F351FFFEFD3BEEB6DB6EDB6D9F7448AAABABE7A7CA72C1BBEFBEFBF1F8F1E3ABA74C99B2CBB265CBE2A8949B2A2A2A463BE01700A0F9F2B494C49F9E0A8101EB90F33EB725E4690A80F5DBC0E24C707F1B3A7468AF94DC1FF7E69B6F7E2BFDBC4FD143CAD22512FE388D6A9C36FA6F4EF20500D0B2795A6D6DED71A91028E4693DD3254EBE13D38562F5A0095B5A9EA600D800E24C74E9EA8A15170000E4699B2CAB000100800200000050000000000A0000004001000000280000000005000000A00000000014000000800200000050000000000A00000050000000000A000000400100AD2718DAB4A9ABADADD5109B80F47F783F5D2DD712621031082800A0D974E8D061E682050B34C42660EEDCB993D3D5042D210611838002009A4DBB76ED9E9B3F7FBE86D80454545454A6AB715A420C2206010500349BEAEAEAFFFEE4934F96D5D5D5698C8DAB7CCE9C397BA5EBFB358518440C020A006836FDFBF77F29251E6F4C9F3E5D636C4493274F1E9BFE0FD30F39E49017B48618440C020A006856D5D5D5C3CACBCB175756566A8C8D60DEBC790FCF993367506D6DEDB95A430C220681E6D15613C0FF1A3D7AF4AC934E3AE9A5D9B3671FD5A54B970E6565651AA505138F4993267DA5A4A4E4CC430F3DF4392D2206C5A018041400D0226EBBEDB6A9C3860D7B65C68C1947A72FC245DB6CB34DC774AD619A4FF9E4C993EF2B2F2F3F30128F830F3E788C26118362500C02CDC71E151AF1E4934FEED1A64D9B2B4B4B4BBFDABD7BF78FBA75EBB663972E5D7AA6FB34CE7A8A35C66399C15869240E368CF9C631E560E0C08193B50E62500C020A00D8A89E7AEAA9BD4B4A4A8E4D3707A4CB3EE9D241ABACB738C150AC313E2E5DEE77B02162500C02000000000000000000000000000000000000000000000000000000000000000000000000000000000000000000000000000000000000000000000000000000000000000000000000000000000000000000000000000000000000000000000000000000000000000000000000000000000000000000000000000000000000000000000000000000000000000000000000000045FE3F18C13E2B03C5E2A30000000049454E44AE426082, null);
INSERT INTO `act_ge_bytearray` VALUES ('50005', '1', 'AL.bpmn20.xml', '50004', 0x3C3F786D6C2076657273696F6E3D27312E302720656E636F64696E673D275554462D38273F3E0A3C646566696E6974696F6E7320786D6C6E733D22687474703A2F2F7777772E6F6D672E6F72672F737065632F42504D4E2F32303130303532342F4D4F44454C2220786D6C6E733A7873693D22687474703A2F2F7777772E77332E6F72672F323030312F584D4C536368656D612D696E7374616E63652220786D6C6E733A7873643D22687474703A2F2F7777772E77332E6F72672F323030312F584D4C536368656D612220786D6C6E733A61637469766974693D22687474703A2F2F61637469766974692E6F72672F62706D6E2220786D6C6E733A62706D6E64693D22687474703A2F2F7777772E6F6D672E6F72672F737065632F42504D4E2F32303130303532342F44492220786D6C6E733A6F6D6764633D22687474703A2F2F7777772E6F6D672E6F72672F737065632F44442F32303130303532342F44432220786D6C6E733A6F6D6764693D22687474703A2F2F7777772E6F6D672E6F72672F737065632F44442F32303130303532342F44492220747970654C616E67756167653D22687474703A2F2F7777772E77332E6F72672F323030312F584D4C536368656D61222065787072657373696F6E4C616E67756167653D22687474703A2F2F7777772E77332E6F72672F313939392F585061746822207461726765744E616D6573706163653D22687474703A2F2F7777772E61637469766974692E6F72672F70726F63657373646566223E0A20203C70726F636573732069643D22414C22206E616D653D22E5B9B4E58187E794B3E8AFB72220697345786563757461626C653D2274727565223E0A202020203C646F63756D656E746174696F6E3EE5B9B4E58187E794B3E8AFB7E6B581E7A88B3C2F646F63756D656E746174696F6E3E0A202020203C657874656E73696F6E456C656D656E74733E0A2020202020203C61637469766974693A61737369676E65726E756C6C3E3C215B43444154415B5D5D3E3C2F61637469766974693A61737369676E65726E756C6C3E0A202020203C2F657874656E73696F6E456C656D656E74733E0A202020203C73746172744576656E742069643D227369642D46353134343341432D383535392D343744352D413538452D414432304231434232463633222F3E0A202020203C757365725461736B2069643D227461736B30303122206E616D653D22E5B9B4E58187E794B3E8AFB7223E0A2020202020203C646F63756D656E746174696F6E3EE59198E5B7A5E58F91E8B5B7E5B9B4E58187E794B3E8AFB73C2F646F63756D656E746174696F6E3E0A202020203C2F757365725461736B3E0A202020203C73657175656E6365466C6F772069643D227369642D43323141433542452D374239302D343039362D383831302D3944304139323731443135382220736F757263655265663D227369642D46353134343341432D383535392D343744352D413538452D41443230423143423246363322207461726765745265663D227461736B303031222F3E0A202020203C757365725461736B2069643D227461736B30303222206E616D653D22E7BB8FE79086E5AEA1E689B9222061637469766974693A61737369676E65653D226B656269223E0A2020202020203C646F63756D656E746174696F6E3EE7BB8FE79086E5AEA1E689B93C2F646F63756D656E746174696F6E3E0A202020203C2F757365725461736B3E0A202020203C73657175656E6365466C6F772069643D227369642D46333845454638362D323630422D343139442D423439382D3031434446464141323830382220736F757263655265663D227461736B30303122207461726765745265663D227461736B303032222F3E0A202020203C656E644576656E742069643D227369642D43323330384242442D363843312D343841382D414643332D363339334336333830464532222F3E0A202020203C73657175656E6365466C6F772069643D227369642D36343741433337462D424438302D343144372D413146322D4234453137353838463034432220736F757263655265663D227461736B30303222207461726765745265663D227369642D43323330384242442D363843312D343841382D414643332D363339334336333830464532222F3E0A20203C2F70726F636573733E0A20203C62706D6E64693A42504D4E4469616772616D2069643D2242504D4E4469616772616D5F414C223E0A202020203C62706D6E64693A42504D4E506C616E652062706D6E456C656D656E743D22414C222069643D2242504D4E506C616E655F414C223E0A2020202020203C62706D6E64693A42504D4E53686170652062706D6E456C656D656E743D227369642D46353134343341432D383535392D343744352D413538452D414432304231434232463633222069643D2242504D4E53686170655F7369642D46353134343341432D383535392D343744352D413538452D414432304231434232463633223E0A20202020202020203C6F6D6764633A426F756E6473206865696768743D2233302E30222077696474683D2233302E302220783D2237312E33393939393939393939393939382220793D2239342E30222F3E0A2020202020203C2F62706D6E64693A42504D4E53686170653E0A2020202020203C62706D6E64693A42504D4E53686170652062706D6E456C656D656E743D227461736B303031222069643D2242504D4E53686170655F7461736B303031223E0A20202020202020203C6F6D6764633A426F756E6473206865696768743D2238302E30222077696474683D223130302E302220783D223139352E302220793D2236392E30222F3E0A2020202020203C2F62706D6E64693A42504D4E53686170653E0A2020202020203C62706D6E64693A42504D4E53686170652062706D6E456C656D656E743D227461736B303032222069643D2242504D4E53686170655F7461736B303032223E0A20202020202020203C6F6D6764633A426F756E6473206865696768743D2238302E30222077696474683D223130302E302220783D223432302E302220793D2236392E30222F3E0A2020202020203C2F62706D6E64693A42504D4E53686170653E0A2020202020203C62706D6E64693A42504D4E53686170652062706D6E456C656D656E743D227369642D43323330384242442D363843312D343841382D414643332D363339334336333830464532222069643D2242504D4E53686170655F7369642D43323330384242442D363843312D343841382D414643332D363339334336333830464532223E0A20202020202020203C6F6D6764633A426F756E6473206865696768743D2232382E30222077696474683D2232382E302220783D223639302E302220793D2239352E30222F3E0A2020202020203C2F62706D6E64693A42504D4E53686170653E0A2020202020203C62706D6E64693A42504D4E456467652062706D6E456C656D656E743D227369642D46333845454638362D323630422D343139442D423439382D303143444646414132383038222069643D2242504D4E456467655F7369642D46333845454638362D323630422D343139442D423439382D303143444646414132383038223E0A20202020202020203C6F6D6764693A776179706F696E7420783D223239352E302220793D223130392E30222F3E0A20202020202020203C6F6D6764693A776179706F696E7420783D223432302E302220793D223130392E30222F3E0A2020202020203C2F62706D6E64693A42504D4E456467653E0A2020202020203C62706D6E64693A42504D4E456467652062706D6E456C656D656E743D227369642D36343741433337462D424438302D343144372D413146322D423445313735383846303443222069643D2242504D4E456467655F7369642D36343741433337462D424438302D343144372D413146322D423445313735383846303443223E0A20202020202020203C6F6D6764693A776179706F696E7420783D223532302E302220793D223130392E30222F3E0A20202020202020203C6F6D6764693A776179706F696E7420783D223639302E302220793D223130392E30222F3E0A2020202020203C2F62706D6E64693A42504D4E456467653E0A2020202020203C62706D6E64693A42504D4E456467652062706D6E456C656D656E743D227369642D43323141433542452D374239302D343039362D383831302D394430413932373144313538222069643D2242504D4E456467655F7369642D43323141433542452D374239302D343039362D383831302D394430413932373144313538223E0A20202020202020203C6F6D6764693A776179706F696E7420783D223130312E33393939393939393939393939382220793D223130392E30222F3E0A20202020202020203C6F6D6764693A776179706F696E7420783D223139352E302220793D223130392E30222F3E0A2020202020203C2F62706D6E64693A42504D4E456467653E0A202020203C2F62706D6E64693A42504D4E506C616E653E0A20203C2F62706D6E64693A42504D4E4469616772616D3E0A3C2F646566696E6974696F6E733E, '0');
INSERT INTO `act_ge_bytearray` VALUES ('50006', '1', 'AL.AL.png', '50004', 0x89504E470D0A1A0A0000000D49484452000002D80000009F0806000000C311AEF8000010F34944415478DAEDDD7B6C54F59E00F0FE718D7F18634CF40FE31A35B93137AED91813E335AE893131C61B8D37F1511EE5191E11745311E5A2561E59D435AB4656A318E383185842D4B084C8DDF2EE654551C245541614E4595B4404D65B40E4ECF9CE7ABAA7C394B674664AE1F349BE99D399E9B43933DFF97ECFEFFCCE393535000000000000000000000000000000000000000000000000000000000000000000000000000000000000000000000000000000000000000000000000000000000000000000000000000000000000000000000000000000000000000000000000000000000000000000000000000000000000000000000000000000000000000000000000000000000000000000000000000000000000000000000000000000000000000000000000000000000000000000000000000000000000000000000000000000504A9224BFD9BA75EBFC356BD6FCB274E9D2A4B1B1515439962C5992AC5AB5EAFB34EA7C22E5A09C908300F47351D89B9A9A92D6D6D6E4C89123A28F62EFDEBDC9CA952B0FA485FE5E9F4A3928E42000FD588C9A29ECA74D813FD2D8D8F8954FA51C147210807E2C76492BACA74FA4C5FD679F4A3928E42000FD58CC3F54544FABE29EF854CA41210701380B8AFBFFFCD89C6C5DFB56F2C592E98588E5B84F4156DC91837210007A58DC0FEDDF9D6CFC7343F2D7458F7688B82F1E53941577E4A01C04801E14F79D5FFCC709853D8B5D5F2C54941577E4A01C04809E14F7AF96FF4BA7C53D1E53941577E4A01C04801E14F78D8D533B2DEEF198A2ACB82307E5200028EE8A3B7250C84100FAA6B8C7190B3A2BEEF198A2ACB82307E52000F4A0B86F59FD72A7C53D1E53941577E4A01C04801E14F77DBB37241BFF73CA89BBA6D3FBE231455971470ECA4100E841718FD8F6E9EC138A7BDCA7202BEEC8413908003D2DEE870F275BFEEBD513774DA7F7C5638AB2E28E1C948300D0CDE21E5789DBBCFADF3A9DFF198FB9929CE28E1C948300D055713F7C3869DEB22CF97CF1E39D16F62CE239F15C23698A3B72500E02A0B89728EE5D8D98194953DC91837210007A50DCBB336276B29134455A71470ECA410014F75C9C6A61CF429156DC9183721000C55D28EEC84121070150DC1577E4A090830028EE4271470ECA41001477A1B82307E5204045AD5CB9F20FB366CD5A3063C68CD6871E7AE8E8B061C38E0F183020A9ABAB3B3E7EFCF89FA74E9DDA3C73E6CC050B172EFC476B4B71178A3B72500E42F50C1E3CF8EF6A6B6B1F4C7BB3F9696C49E350F46969B4A5B12D7DEC83F476623CCFDA3A0DBCFCF2CB4F3EF5D45307EBEBEB93B4C14ED6AC5993ECDEBD3B696B6B4B42DCB6B6B6269F7DF659F2CE3BEF24F1BCC99327FF9036DC7FB2F61477A1B82307E52054CEC08103FF9846631A477E6DA8BB13CBD3E7D7597B7DE0ADB7DEFA7D4343C3F78F3EFA68A1793E76EC58D25DEBD7AF4F1E7FFCF1E4E1871FDE93DEFE83B5A9B80BC51D392807A17CD226F98AB4495EDC83A6BA5434DD77DF7DBFB536ABE495575EF9D7B163C7FEB270E1C21E35D6C5162F5E9C8C1933E698D16CC55D28EEC8413908E5515B5B3B60D0A0413FE49BE5C1830727CF3CF34CB26CD9B264C78E1DC9C183070BBDD84F3FFD549879B07AF5EAE4C5175F4C860C1952DC641F329A5D0573E6CC79F1C1071F3CBE79F3E6A41CBEFDF6DB247DBD5FA64D9BF6CFD6AEE22E1477392807E520F4AAB9BE336D888FE51BEB77DF7DB7305DB73BF6EFDF5F787EFC5EBED14E5F7394B55B21CF3FFFFCF468AEBBFB267557BCDEF8F1E38FD5D7D78FB7961577A1B8CB419F7D3908A736729D6FAE274C985018AD3E15F17B310DB8A8C936925D6E53A74EBD3AA673946BE4BAD448F6A851A30E8F1E3DFAEFAD6DC55D28EE7250C841E8BE98739D9F163265CA94F66920A72AA68FCC9831A378BAC8EFACED324AB76276C49CEB4A8A39D90F3CF0C07F5BDB8ABB50DCE5A09083D07D6973BD243F72DDDBE63ADF64178D643759DB65D2D0D03066E2C489C78F1E3D9A545AFA778E0C1D3A7498B5AEB80BC55D0E0A39085D8B53F1E5E75C9FEAB490934D17C9CFC93655A44C264D9AB42B4EC5570D1B366C48C68D1BB7C55A57DC85E22E07851C846E35D88D59F31B072856C2DCB9738D6297537D7DFD1571968FDE9C8EAFA7D206FBA7984B64ED9737F9D2E8F22A9A8ABBE28E1C147290FEF3BD11575ECC0E6C8C51E67DFBF655A4378BB38B149DC24F9FD61B4F3EF9E4736FBCF146524DB367CF3E3A74E850E7C62EA3DC6E9DC6DADADADF2BEE8A3B7250C841FAFFF7C6AF973F2F3CEFB9E79EAB687F16E7C9CE35D813BD43BDF0D8638FFD352E7F5E4D311D65F4E8D1ABACFDF227692E3E2CB555ACB82BEEC8412107E93FDF1BE97DF3B3C757AC5851D1FE2C2E4693FB5F167A877A216D74F735373757B5C18EF3620F193264AFB55FD1246DDF2ACE27ABE2AEB82307851CA4FF7C6FA43F6FC9EE2FF7C18DC5E28A8FB9FF63A777A817D246F7685B5B5B551BECF87B83060D3A6AED573E49F35BC5B1FB497157DC9183420ED27FBE37D2F85BF673B94ECD77B253F6E5FE769B77A8976F6E5FE8C6874A542014F7D32B7C26E5A09083427437AADD9FE9927BA1AEAEEE485F8C600F1C38F088B55F95ADE0B5B5B5B577DE72CB2DBFE9ABDDD3E99F4D9E78E2896E3DF7D34F3F4D6EBEF9E6E4B6DB6E4B3EFCF0C3E4FAEBAF4FD6AD5B177B3C0A3F5F76D9659DFEEE071F7C905C72C9259D3EFEE5975F26EBD7AF2FF9FFC5698F8C9E7126E660E44F7CC663642ACE3E9045E4C3471F7D74D2DFDDB66D5B879FE32C039B366D3A69AEBFF4D24B5D7E1F4C9C38B17D392E70962D7FF2C9277210DF1B45DF1B71754523D8FDD0A851A3F6F6C51CECB4B16FB1F62B9AA41D8A7AA6DAC53D9AE2289CE9FB9D2C58B0A043BCF0C20B85C78A8B6F14FDB88DE21EB773E6CC293404D9E3F3E7CF6F7FFE962D5BDA97E3352FBFFCF2F69F9B9A9A4A16F728E28B162D4A860E1D5AF89DB8EFCD37DF4CDE7BEFBDC2F277DF7DA7B873C6E4607CA6274F9E5C588E0398F6EEDD5BC8A7B8FFFEFBEF6F7FDE9E3D7B0A1B9A37DE78639CE92979FDF5D70BCF890DD7B84D6B4521F7B2663D7E67E5CA95851CCA72E9D24B2F4D6EB8E186F61C8F9CBAF2CA2B4FF87FE2CC55D972E477F1B2061BDF1BFFFFBD610E763F3576ECD825D53E8BC8DAB56BDB060D1AB4C8DAAF48927E14577C2A2EEA7D51DC63B42B8AE6D2A54B3B14D779F3E69DB4198891B5B88D8B1265053EFF78F1CFD75D775DA19837343424175E786161B43C6B9C8B47A6B3863CF6A25C73CD351D1AECBE18C956DCE5603546AF8B47972FBEF8E2E4A69B6EEA3407232FB2E5D8EB13B76FBFFD76B27DFBF6C27234E3A59AE273CF3D3779F6D967DB7F3EE79C73DA9BFB6FBEF9A63DDFD27553F81EC8F23D7BADC8F9D88B2507F1BDD1E139CE22D21FA58DEE3FCD9A35EB70351BEC575F7DF55BE7572C7B92961C2DEBCBE29E1FA92AD560C7F2CE9D3B4F18ED8E5DD071FBDA6BAF25E79D775EE139B7DE7A6B7B71EEECF58A47B0F38F4511CF7E3F960F1D3AD41E715F8CD865CBD52CF08ABB1CAC5444439B35C0575F7D752187E2FEF8ACC772DC66F955AAC1CEF221363AF323D8F96958070E1C2834F1D1704764391FCB91C7A5A66C158F60C74671B6F728FB0E889FE520BE37FE8FF360F7537185A0D1A3471FACE6951C478E1CD9E20A417DA35AC57DD7AE5D85DB1819BEE8A28B9209132674182D8E421DBB8EB35DCD11D994916CE43BA672448C1D3BB61031121E8D4271B13ED908F6F2E5CBDB47ACF323723145249AEF78CD2CE2FF8ADBE2864371A73FE6608C36C70872ECB589CF7D34DC175C704121CFF2C73CC463F13F45439D4D0189E92131DA1DCBD9749268D4B3263A9F23C51BA8F11AB11C73ABA3812FD5605F75D555ED7F3B9B071ECBD75E7BAD292250A24F4B7BA69FAB7125C7BABABAE3AEE45846C3870FFF4BFA6557950E7BDDBA75DF0D1C3870B5B57E6617F72C6244390E54EC6A8A48EC1A8E66BB263745E4F6DB6F2F34D8D14047C18E66B9A6688E747747B0F3F76573B86339E68BE6E762E7A79F28EEF4F71C8C5C89CF75CCBB8EE638722CBFF7263634A3113FD91491ACE98E3C89E56CA335FFFC986E92E5D0C891230BCB317A7DF7DD77773826220E56CE1AFA52F978B2E9637290B3599C173B6B7C63AF5225CC9D3B373F7ADD64AD97E78DFBE3B871E3BEAFC628F6983163B6A67FAFCE5A3FF347B0A3598D839E62A43A3BE8298AE83DF7DC5358CE0E9ECA4F23899F376EDCD83E821D235AB1AB393BF0B15471EFCE0876FEF9D1CC67BBCFEFB8E38E0E0D76A903231577FA630EC65E9BF84CC7BCE828C8914793264D6A3FB621E65447D31DA356C53912F9118D777ECF4F8C6047A35EAA21CF37C959731ED33D62C43C7B5E7616939AA2031BF3BF1BFF5BF637E52074ECD3B2E63746B1CB7DB063BC5EBA017C3C77A11B7D5A197741AC7AFFFDF77FA864733D6FDEBCCFD337EE2F5DCD51E4CC19C12EB57BB8AB831CB3063BE69AE50FA63AFFFCF34F787E9CC5A0B3B38864D3548A5F3F1A8EACD0C7C1561A6CCED41C8C86385B8EA951F986B9541E661BB277DD7557614F524CF3C87223F224E64617E7483C963F46221BC18EA961F5F5F55DCEC18E0DE938B02A96B38328E33B400E424769FFB43C6B8063DA65B94ED9171BBF8F3CF2C8B1FCE8B53EADBC6FDC1543860CD9B779F3E68A0C636FDDBAF5FB74EBA825DD2AFA9DB57D7637D8273B15574DEEEC21D9C856FC1C236F35B9B317948AE206BBB3D78FDDD4D972FE60AA9AA253002AEEF4E71CCC4E7319E78E8F11EC7CB35D5374B0716C8CC6BCEA9AA2B3FE94CADBECF95D9D81A454B39F35D09167D9087B4DEE2C27D9594FB2F364CB41E8D8A7A5B1376B84A74C99D2EB263B9AEB193366E4E75D1FD2A755406D6DED80112346EC6D6D6D2D6B93DDD2D272206DDEF7D8E5A0C1EE49831DD33B620EE7B871E30A8F6523DBF9D380E5239AE5E283204B9D3AB0F89480D1584C9B36AD7DD7B8069B332507F3178A89A954D939AA2357B2695B7161A7E20BCEC4DCED989E1553A8E2395178870F1F5E588EF364C7F48FCEF237BB704CA988C76A720736E69BF1782C2E30157FB3B3065E0EA24FAB1D901DF0988D649FEA7491F8BDA2916B53432ABC85347CD8B0612D9B366D3A548EE6FAEBAFBFDE515757B73BFD50FCC9DAD5607715F9B38A9C0DA1B8CBC13329AA3D7F5A0E72B6F669F9263BE664C75EAA1840EAEED942E280C6FC9CEB087D5A95B690D2AD987D73E6CCD9DC9B031F67CF9EDD14D342E2C360AD2AEE4271470ECA41284F9F96C6FE7C831C8D761CBB1417A389D1E96CFA480C5CC5151AE3588799336726C3860DFBA5E8EA9187F469D5DD42BA224E0B3362C4886D1F7FFCF1B69E34D66BD6AC599FFEDE8698286F2E8FE22E1477E4A01C84CAF469252EB7DE93D0A7F5E11B786FBC8131877AFAF4E99FA45B469FEF4AB5C5BEC0547AF3637373F3CEA6A6A6354F3FFDF48AF479DBE30D8BAD2147A12AEE4271470ECA41A87C9F969F36D29DC65A9F769A882B09A56F607DFA86CC4F635B1A6DBFBE4971BB33AE591F97D574E51FC55D28EEC8413908FA3450DC85E28E1C948300A0B82BEEC84121070150DC85E22E07851C044071178A3B72500E0280E2AEB82307851C04407157DC9183420E02A0B80BC51D3928070150DC85E28E1C948300A0B82BEEC84121070150DC85E28E1C94830028EE4271470ECA410050DC1577E4A090830028EE8A3B7250C841001477A1B82307E520008ABB50DC9183420E02A0B82BEEC84121070150DC85E28E1C94830028EE4271470ECA410050DC1577E4A090830028EE8A3B7250C841001477A1B82307E52000D4D42C5DBA54513D7DA22D2DEE3FFB54CA41210701E8C756AD5AD5DCDADAAAB09E06B17BF7EE7F4F8BFB573E957250C84100FAB165CB96DDBD62C58A1F5B5A5AFEA6C0F6DDA85914F6254B966C4FE35E9F4A3928E42000FD5C5A50EE6C6C6C5C1BBB4663FEA1A87AC47AFF4A61978372500E020000000000000000000000000000000000000000000000000054CCFF0288EEB83A8D4EFEC80000000049454E44AE426082, '1');
INSERT INTO `act_ge_bytearray` VALUES ('62502', '3', 'source', null, 0x7B227265736F757263654964223A223632353031222C2270726F70657274696573223A7B2261737369676E65726E756C6C223A22222C2270726F636573735F6964223A224F54222C226E616D65223A22E58AA0E78FADE794B3E8AFB7222C22646F63756D656E746174696F6E223A22E59198E5B7A5E58F91E8B5B7E58AA0E78FADE794B3E8AFB7222C2270726F636573735F617574686F72223A22777162222C2270726F636573735F76657273696F6E223A22222C2270726F636573735F6E616D657370616365223A22687474703A2F2F7777772E61637469766974692E6F72672F70726F63657373646566222C22657865637574696F6E6C697374656E657273223A22222C226576656E746C697374656E657273223A22222C227369676E616C646566696E6974696F6E73223A22222C226D657373616765646566696E6974696F6E73223A22222C226465736372697074696F6E223A22E58F91E8B5B7E58AA0E78FADE794B3E8AFB7227D2C227374656E63696C223A7B226964223A2242504D4E4469616772616D227D2C226368696C64536861706573223A5B7B227265736F757263654964223A227369642D35444635423237382D344131432D343430332D413045462D454534363644313343374144222C2270726F70657274696573223A7B226F766572726964656964223A2273746172744576656E74222C226E616D65223A22E5BC80E5A78BE88A82E782B9222C22646F63756D656E746174696F6E223A22222C22657865637574696F6E6C697374656E657273223A22222C22696E69746961746F72223A22222C22666F726D6B6579646566696E6974696F6E223A22222C22666F726D70726F70657274696573223A22227D2C227374656E63696C223A7B226964223A2253746172744E6F6E654576656E74227D2C226368696C64536861706573223A5B5D2C226F7574676F696E67223A5B7B227265736F757263654964223A227369642D37443345423235392D373835462D344639412D393342422D414330444243393837353636227D5D2C22626F756E6473223A7B226C6F7765725269676874223A7B2278223A3132312E33393939393939393939393939382C2279223A3133347D2C2275707065724C656674223A7B2278223A39312E33393939393939393939393939382C2279223A3130347D7D2C22646F636B657273223A5B5D7D2C7B227265736F757263654964223A227369642D45343235413635432D353743332D343243322D384232312D343433453935463945454534222C2270726F70657274696573223A7B2261737369676E65726E756C6C223A22222C226F766572726964656964223A22222C226E616D65223A22E58AA0E78FADE794B3E8AFB7222C22646F63756D656E746174696F6E223A22222C226173796E6368726F6E6F7573646566696E6974696F6E223A2266616C7365222C226578636C7573697665646566696E6974696F6E223A2266616C7365222C22657865637574696F6E6C697374656E657273223A22222C226D756C7469696E7374616E63655F74797065223A224E6F6E65222C226D756C7469696E7374616E63655F63617264696E616C697479223A22222C226D756C7469696E7374616E63655F636F6C6C656374696F6E223A22222C226D756C7469696E7374616E63655F7661726961626C65223A22222C226D756C7469696E7374616E63655F636F6E646974696F6E223A22222C226973666F72636F6D70656E736174696F6E223A2266616C7365222C22757365727461736B61737369676E6D656E74223A22222C22666F726D6B6579646566696E6974696F6E223A22222C2264756564617465646566696E6974696F6E223A22222C227072696F72697479646566696E6974696F6E223A22222C22666F726D70726F70657274696573223A22222C227461736B6C697374656E657273223A22227D2C227374656E63696C223A7B226964223A22557365725461736B227D2C226368696C64536861706573223A5B5D2C226F7574676F696E67223A5B7B227265736F757263654964223A227369642D43353246333836322D324332382D343037452D393739362D384143453437453332413539227D5D2C22626F756E6473223A7B226C6F7765725269676874223A7B2278223A3236362E342C2279223A3135397D2C2275707065724C656674223A7B2278223A3136362E33393939393939393939393939382C2279223A37397D7D2C22646F636B657273223A5B5D7D2C7B227265736F757263654964223A227369642D37443345423235392D373835462D344639412D393342422D414330444243393837353636222C2270726F70657274696573223A7B226F766572726964656964223A22222C226E616D65223A22222C22646F63756D656E746174696F6E223A22222C22636F6E646974696F6E73657175656E6365666C6F77223A22222C22657865637574696F6E6C697374656E657273223A22222C2264656661756C74666C6F77223A2266616C7365227D2C227374656E63696C223A7B226964223A2253657175656E6365466C6F77227D2C226368696C64536861706573223A5B5D2C226F7574676F696E67223A5B7B227265736F757263654964223A227369642D45343235413635432D353743332D343243322D384232312D343433453935463945454534227D5D2C22626F756E6473223A7B226C6F7765725269676874223A7B2278223A3136352E35353632343939393939393939382C2279223A3131397D2C2275707065724C656674223A7B2278223A3132322E30303933373439393939393939382C2279223A3131397D7D2C22646F636B657273223A5B7B2278223A31352C2279223A31357D2C7B2278223A35302C2279223A34307D5D2C22746172676574223A7B227265736F757263654964223A227369642D45343235413635432D353743332D343243322D384232312D343433453935463945454534227D7D2C7B227265736F757263654964223A227369642D43413032453141392D434439442D343239432D384542452D463134414437423437444333222C2270726F70657274696573223A7B2261737369676E65726E756C6C223A22222C226F766572726964656964223A22222C226E616D65223A22E7BB8FE79086E5AEA1E689B9222C22646F63756D656E746174696F6E223A22222C226173796E6368726F6E6F7573646566696E6974696F6E223A2266616C7365222C226578636C7573697665646566696E6974696F6E223A2266616C7365222C22657865637574696F6E6C697374656E657273223A22222C226D756C7469696E7374616E63655F74797065223A224E6F6E65222C226D756C7469696E7374616E63655F63617264696E616C697479223A22222C226D756C7469696E7374616E63655F636F6C6C656374696F6E223A22222C226D756C7469696E7374616E63655F7661726961626C65223A22222C226D756C7469696E7374616E63655F636F6E646974696F6E223A22222C226973666F72636F6D70656E736174696F6E223A2266616C7365222C22757365727461736B61737369676E6D656E74223A7B2261737369676E6D656E74223A7B2261737369676E6565223A226B656269227D7D2C22666F726D6B6579646566696E6974696F6E223A22222C2264756564617465646566696E6974696F6E223A22222C227072696F72697479646566696E6974696F6E223A22222C22666F726D70726F70657274696573223A22222C227461736B6C697374656E657273223A22227D2C227374656E63696C223A7B226964223A22557365725461736B227D2C226368696C64536861706573223A5B5D2C226F7574676F696E67223A5B7B227265736F757263654964223A227369642D46424134313438442D464339352D344134422D423936382D423039373836314539373246227D5D2C22626F756E6473223A7B226C6F7765725269676874223A7B2278223A3431312E342C2279223A3135397D2C2275707065724C656674223A7B2278223A3331312E342C2279223A37397D7D2C22646F636B657273223A5B5D7D2C7B227265736F757263654964223A227369642D43353246333836322D324332382D343037452D393739362D384143453437453332413539222C2270726F70657274696573223A7B226F766572726964656964223A22222C226E616D65223A22222C22646F63756D656E746174696F6E223A22222C22636F6E646974696F6E73657175656E6365666C6F77223A22222C22657865637574696F6E6C697374656E657273223A22222C2264656661756C74666C6F77223A2266616C7365227D2C227374656E63696C223A7B226964223A2253657175656E6365466C6F77227D2C226368696C64536861706573223A5B5D2C226F7574676F696E67223A5B7B227265736F757263654964223A227369642D43413032453141392D434439442D343239432D384542452D463134414437423437444333227D5D2C22626F756E6473223A7B226C6F7765725269676874223A7B2278223A3331302E35353632352C2279223A3131397D2C2275707065724C656674223A7B2278223A3236372E32343337352C2279223A3131397D7D2C22646F636B657273223A5B7B2278223A35302C2279223A34307D2C7B2278223A35302C2279223A34307D5D2C22746172676574223A7B227265736F757263654964223A227369642D43413032453141392D434439442D343239432D384542452D463134414437423437444333227D7D2C7B227265736F757263654964223A227369642D34463536333338312D463146372D343636412D413430462D323142363832433741414438222C2270726F70657274696573223A7B2261737369676E65726E756C6C223A22222C226F766572726964656964223A22222C226E616D65223A22E88081E680BBE5AEA1E689B9222C22646F63756D656E746174696F6E223A22222C226173796E6368726F6E6F7573646566696E6974696F6E223A2266616C7365222C226578636C7573697665646566696E6974696F6E223A2266616C7365222C22657865637574696F6E6C697374656E657273223A22222C226D756C7469696E7374616E63655F74797065223A224E6F6E65222C226D756C7469696E7374616E63655F63617264696E616C697479223A22222C226D756C7469696E7374616E63655F636F6C6C656374696F6E223A22222C226D756C7469696E7374616E63655F7661726961626C65223A22222C226D756C7469696E7374616E63655F636F6E646974696F6E223A22222C226973666F72636F6D70656E736174696F6E223A2266616C7365222C22757365727461736B61737369676E6D656E74223A7B2261737369676E6D656E74223A7B2261737369676E6565223A226A6F7264616E227D7D2C22666F726D6B6579646566696E6974696F6E223A22222C2264756564617465646566696E6974696F6E223A22222C227072696F72697479646566696E6974696F6E223A22222C22666F726D70726F70657274696573223A22222C227461736B6C697374656E657273223A22227D2C227374656E63696C223A7B226964223A22557365725461736B227D2C226368696C64536861706573223A5B5D2C226F7574676F696E67223A5B7B227265736F757263654964223A227369642D41334641323833442D383738452D344535392D383639352D324633324132393442434338227D5D2C22626F756E6473223A7B226C6F7765725269676874223A7B2278223A3535362E342C2279223A3135397D2C2275707065724C656674223A7B2278223A3435362E342C2279223A37397D7D2C22646F636B657273223A5B5D7D2C7B227265736F757263654964223A227369642D46424134313438442D464339352D344134422D423936382D423039373836314539373246222C2270726F70657274696573223A7B226F766572726964656964223A22222C226E616D65223A22222C22646F63756D656E746174696F6E223A22222C22636F6E646974696F6E73657175656E6365666C6F77223A22222C22657865637574696F6E6C697374656E657273223A22222C2264656661756C74666C6F77223A2266616C7365227D2C227374656E63696C223A7B226964223A2253657175656E6365466C6F77227D2C226368696C64536861706573223A5B5D2C226F7574676F696E67223A5B7B227265736F757263654964223A227369642D34463536333338312D463146372D343636412D413430462D323142363832433741414438227D5D2C22626F756E6473223A7B226C6F7765725269676874223A7B2278223A3435352E35353632352C2279223A3131397D2C2275707065724C656674223A7B2278223A3431322E32343337352C2279223A3131397D7D2C22646F636B657273223A5B7B2278223A35302C2279223A34307D2C7B2278223A35302C2279223A34307D5D2C22746172676574223A7B227265736F757263654964223A227369642D34463536333338312D463146372D343636412D413430462D323142363832433741414438227D7D2C7B227265736F757263654964223A227369642D46343538414145392D344332342D344545352D383338332D303543333832454532393831222C2270726F70657274696573223A7B226F766572726964656964223A22656E644576656E74222C226E616D65223A22E7BB93E69D9FE88A82E782B9222C22646F63756D656E746174696F6E223A22222C22657865637574696F6E6C697374656E657273223A22227D2C227374656E63696C223A7B226964223A22456E644E6F6E654576656E74227D2C226368696C64536861706573223A5B5D2C226F7574676F696E67223A5B5D2C22626F756E6473223A7B226C6F7765725269676874223A7B2278223A3632392E342C2279223A3133337D2C2275707065724C656674223A7B2278223A3630312E342C2279223A3130357D7D2C22646F636B657273223A5B5D7D2C7B227265736F757263654964223A227369642D41334641323833442D383738452D344535392D383639352D324633324132393442434338222C2270726F70657274696573223A7B226F766572726964656964223A22222C226E616D65223A22222C22646F63756D656E746174696F6E223A22222C22636F6E646974696F6E73657175656E6365666C6F77223A22222C22657865637574696F6E6C697374656E657273223A22222C2264656661756C74666C6F77223A2266616C7365227D2C227374656E63696C223A7B226964223A2253657175656E6365466C6F77227D2C226368696C64536861706573223A5B5D2C226F7574676F696E67223A5B7B227265736F757263654964223A227369642D46343538414145392D344332342D344545352D383338332D303543333832454532393831227D5D2C22626F756E6473223A7B226C6F7765725269676874223A7B2278223A3630302E3737352C2279223A3131397D2C2275707065724C656674223A7B2278223A3535362E3739303632352C2279223A3131397D7D2C22646F636B657273223A5B7B2278223A35302C2279223A34307D2C7B2278223A31342C2279223A31347D5D2C22746172676574223A7B227265736F757263654964223A227369642D46343538414145392D344332342D344545352D383338332D303543333832454532393831227D7D5D2C22626F756E6473223A7B226C6F7765725269676874223A7B2278223A313230302C2279223A313035307D2C2275707065724C656674223A7B2278223A302C2279223A307D7D2C227374656E63696C736574223A7B2275726C223A227374656E63696C736574732F62706D6E322E302F62706D6E322E302E6A736F6E222C226E616D657370616365223A22687474703A2F2F62336D6E2E6F72672F7374656E63696C7365742F62706D6E322E3023227D2C227373657874656E73696F6E73223A5B5D7D, null);
INSERT INTO `act_ge_bytearray` VALUES ('62503', '1', 'source-extra', null, 0x89504E470D0A1A0A0000000D49484452000002A7000000D10806000000F1011BF1000000206348524D00007A26000080840000FA00000080E8000075300000EA6000003A98000017709CBA513C0000000467414D410000B18E7CFB5193000000017352474200AECE1CE900000006624B474400FF00FF00FFA0BDA793000000097048597300000EC400000EC401952B0E1B00001F484944415478DAEDDD09741455BEC7F1DB49204176905544405071C50D10378E22A04F1CD721A0E0F6447D1E17645C504740475147DCC0E782884A101001050404457C308A2B8B8882EC7B5804428084249D777F95AA5834D92049A793FE7ECEB9A717AA3B4DD5BFEBFEEFBF6E551B030000000000000000000000000000000000000000000000000000000000000000000000000000000000000000000000000000000000000000000000000000000000000000000000000000000000000000000000000000000000000000000000000000000000000000000000000000000000000000000000000000000000000000000000000000000000000000000000000000000000000000000000000000000000000000000000000000000000000000000000000000000000000000000000000000000000000000000000000000000000000000000000000000000000000000000000000000000000000000000000000000000000000000000000000000000000000000000000000000000000000000000000000000000000000000000000000000000000000000000000000000000000000000000000A250805580F264D9B265BDF6EDDBD7272D2DED747B5B23180CB2528ABB1308044C952A555212121216DBFBAF9E75D6591F134320868821620824A74001162D5A74E9FEFDFB933232321A5AA666CD9AA67AF5EA2626268695534CEA585353534D4A4A8A494E4ECEB68FD7D8F59AD8A14387EF89211043C4103104925320C4AFBFFEDA6FDBB66DFF6EDAB469A071E3C6CE081BA567D3A64D66EDDAB559471D75D4DD6DDBB61D4E0C81182286882184532CAB0091DE21ECDCB9F385D6AD5BC7D4AB578F0E210C5409AA53A74E8CED1C2EEFD3A7CFFA1123462C2486400C1143C410484E11F5E6CE9D7B466A6AEA78DB21C4D6A851E3907F0F661D30DB577F65B62C9D68B62E9F66766F5E68B28319A64ACD63E93C8AA972E5CAA676EDDA311B376EECDAB367CF4F939292B61243208688216208E1C04419446E70C6C44C68DAB4699E1D826C5834DAEC583DC764A4ED721E67ECFFD36C5B31D36928BEAA55AB9A66CD9A25C4C7C78F2286400C1143C410484E11D566CF9E7D7630186CAEB95D79D9F7E74AA7E565E7BA6F4CE681BDACC412A0F51F1B1BDB72D6AC59ED89211043C4103104925344AD848484FB1B366C1893DF61B1FD291BF37D6D7676D01CD8B79D9558421A356A94101313D39D180231440C1143203945D4CACACABA589769C977C71FCC2CF80DB2B9EE6049B1DB21CE760A97134320868821620824A7885AE9E9E9C7E86C4D94BD6AD5AA99CCCCCC56C41088211043203945D4CACECE8EE5C2D611B293C8D90E31C41088211043203905F25129A156C1811D5B9995046208C41040720A8447D5A34F74AE239897EAF54F31F1D51BB192400C811802484E81F088AB5CD5D46BD939CF7FAB7FC2E5261020B4410C811802484E8130CACAD897E7F399E97B58392086400C0124A74078E8FA81DB567E6136FF3A21CF7F5FFFF348B363CDFFB1A2400C811802CAA1385601CA93F4D46493FCFB64B36FD7DA7C97D16F5DEBA703F7DB651AB6FE9B898BAFC18A03310462082039054A8E2E76AD2AC49F6BE7393BFDA248DDBECCAC9E3FD4D43BBE93A9D5A41D2B91182286400C0124A740C9485E3EDDECDAF0DD61BF2E2B63BFD9F2FB14131357C5D468783A2B92182286400C01118E39A72817B28319C57C7D262B91182286400C01E5009553940B8D4EBED6690031046208A8D8A89C02000080E414000000203905000000C92900000050184E888A405F7FFDF515BFFFFEFB9DDBB76F3F6FCB962DB5525252E2D2D3D303717171D9356BD6CCAA57AFDEF63A75EA7CDFBC79F37F77EBD66D1E6B0C0080F2E9C61B6F6C92999979752010B8D83E6C635B43DBAAD99666DB96ECECEC85F6DFFE131B1B3B76F4E8D11B484E1156C3860D7B62EBD6AD0F4F9A34A97AEBD6ADCDA5975E6A8E3DF65863135193909060D2D2D2027BF6EC895BBF7E7DC3254B965CF5E5975F5ED5BF7FFF9DF1F1F12F0C1C38F039D6200000E5438F1E3DAEB637F76465655D6893CFF83C1649B0AD99FDB766F6F66ABBDCBF131313E7D8C723C68C199344728A523572E4C8F6AB56AD9ABA76EDDABA36F0CC19679C61EC08E9D028B509AA5ABD7AF5CC59679D657AF7EE6D162D5A54FBA38F3E1ADCB76FDFFBAA54A9D2F5D9679F5DCC1A05002032D97E5EC9E61BD9D9D95D8FE0E51DEDEB3ADAF7B8D326ABB78E1F3F7E05C9294ADCEBAFBFFEE2FCF9F3FB5E79E59531975F7E799E49694194C8AA7DFEF9E78D264E9CF8F3C081039FA08A0A0040E4E9DEBD7B622010186613CCBADE73EAF74F3DF554D3AE5D3BD3B2654B53AB562D53BD7A75B36FDF3EB36BD72EB366CD1AF3FDF7DF9B9F7FFED96464E4FE10C405F6750B7AF4E8717745ACA2929C96A10F3FFCF0E56FBEF9E6FE7EFDFA055AB56A55ACF7EAD2A58B39E9A493625F7CF1C567060D1A546DC080014FB08601008898C4F44A9B988EB289699C9794AA28D5B97367E78868A8A38E3ACA698D1B37361D3A747012D5CF3EFBCC4C9F3EDD64656569916AF6BD46D90435C126A8EF54A475C5D9FA6564C890214F29317DF2C9278B9D987A8E3BEE3863DF2F66EBD6AD8F3EF0C003F7B09601008888C45415D349C62D0A2AE11C3C78B04E86CA3331CD8B2AAA5A5EAFD3F9281E9BA00EB709EA4D24A728968103079EBC6CD9B2C7EEBBEFBE405183B2A8F47E0F3DF4506C6A6AEA903BEEB8E314D63600006547734C6D623AD44B4C4F3CF144E5010725988743AFD3EB4F3BED347F82FA864D504F2239C511DBBB77EF8C6EDDBAC59654C534942AA8D75F7F7D7C5C5CDC44D636000065C726A6C3EDCDD1BAAF8A69BF7EFD9C39A5C5A1C3FD0F3CF0803FC1D521FEE124A73822FFFCE73FFBD8006AA239A2A549EF5FB56AD566BD7BF7BE99B50E0040F8E97251B6CFEFA4FB9A63AA84B2B889A93F41BDF7DE7BFD27525F50510EEF939C86D98103079EB4C113A854A952A9FF2D9B9856AE56AD5A999C18959898F884BE941D3B76E4A43B1043208610AD31947BFE874E7E3AD243F9F9D1FB5D79E595B98F6D227C27C9290E8B1D3135DBBB776F235DFA291CDCF9288DDD6BAA85DBD3F64B32A9418306BBBB77EF3EC67EB9BBDE70C30DD52279FBE8321DEFBFFFFE11BFFEB9E78A7E05AFF9F3E79B4F3EF924DF7FDFB2658B494D4D3DE4F9471E79249ABE32E52E86B4DD7EFCF1C7439ECFCCCC34DBB66D3B92C16CBEFFA658D5FB16E49D77DE31BFFDF69B737FD1A245B9CFAF5BB78E182A07B44FD9B97367A1CBAD5EBDDA6CDDBA35F7F1983163CCCA952B0B7D1D317458319462FBD209871343FAE5275D9354F7BD33F34B43D7AE5D8DAFE0754119F5F924A7E555B56AD5FEA74D9B3631877B2DD3E268DFBE7DA5CA952B2796D5FF3910081C655BA2FD824EB7FFEF8DF64B335A5FEE5B6EB92521D2B6CF9E3D7B4C30182C74397502DAA9BFF0C20B66F4E8D166C28409CEF3BFFEFAAB993A756A6EEBDBB76F9E09A6E89220BEEBD51DE2E8A38F36D75C738D737FDEBC7966C68C194EFBE9A79F9C5BBD7FFFFEFDA3E27B539E62282929C9AC5DBBD689A351A3469969D3A639DB4B3F983169D2A4DCE576ECD86166CF9EED346D4BC5D3FDF7DFEF2C3B74E8503379F26427B65E7AE9A5DCD76CD870F0AF16EA0739BEF9E69B839E0B5DE6975F7EC9ADD4281EBD64579FA728B14E0C95FD80B976EDDACE76D3352FCF3BEF3CFD52E021CB356FDEDC398BDBDBDF28AE8E3FFEF8439623868A154355ECCDB56E0C6DB6F1F3516131A49F2435EE49502A4AE9D71E4B83CEE2D70FF3F85C5FDED737873AC2C87EA9BBE842BBE174CA29A7549A3B77EE151A8447C02AA8615B4FFBE5EE6977B069B683186FBFF013376FDE3C75CE9C399965F5A15439D00E5FC9A26EB583B79FC73954A204F4F4D34F779653B5536748D6AF5FDFDC7CF3CDE6F6DB6F370F3FFCF041EFA5D728A9D049692FBFFCF241FFA6D7D89D99735FD5B5FDFBF7E7CE3DD2B24A66F4DECE17332E4E971E71EE9F73CE394E27227A6F8D9295B03EFDF4D3D1F8358AC81872BFDFC67E0EF38F7FFCC37CF1C517CEB6D676548549838D3E7DFAE42E5BB76E5D5D97D8494CAFBBEE3A270E145FDAB64A5CCF3FFF7C673925AB9EB163C79A934F3ED9C4C4E4D41454A5D5EBBC65BEFEFA6BE77DF5F7BD98D6AD2A687ACF638E39C6D881AAB3AC920DEF7D88A1C889216F9B2BE9D3F6D140588F972D5BE60C74345FD1DB17F8073A4A606D92E4FC9BE260D0A04166D3A64DA6468D1A2A8A1043A5506BB2F17383BDBDC1AEA374FB5DD7C8735C680CD9B8BAD8BBDFB66DDB52FD407AFFEFBEFBCE7BA8BFFB22C9298A64E7CE9D4D94B484937620F6CBD33A025787F6B0BDEC17BC5783060DF6D80E6296CE688C8F8F9FF3DE7BEFA585FBC36CDCB8D1492ED429A4A7A79B2FBFFCD25C71C5154EA7E025A0E3C78FCFF7F57A9DB7D32E6819251F1E556ABDC74A3ABDC4D4A39FB2F5A83A5BB56A5527F9F13A92EDDBB79B860D1B46F3572AA262C8FE4DF3C4134F388761DF7EFB6D73E699671AFB597412A4134BEAE495AC7A74D6AE0EC56919C58EE24FDB76F1E2C579C692E247EFE3AF70E9FBED5D4E4697A751054D94542427273BAF51E2A2E7478E1CE97C36FF7CF76BAFBDD68C1831C25986182AFB1812FF3EE2DD77DF751E2BC15CB56A9533600D8D231D6AD785D92FBBEC326750A46DAE18FAEAABAF9C6A9A37C825864A4DBC8D1FEDAC13EDFE38D526AAB3EDFD371443761DB6F1166AD1A245A97E8866CD9AF91FB629EF2B95E4348C6CA05657F93D9C342AB63BB35A76A73B3052D78BED0C543ED4E1926BB543B49F75E591CCCF3BE22F81DDD16BA7BC7EFD7AE7B08B2A076AF95505D439A88AA11DBB2A9EAA72E9307D285560FD550BAF0A22A1955355303CAA5228291E3060809932658A99356B56EE459AFDF3959F7FFE792719D2672D6DFABF1043F953D553DB561DF4DCB973CDB061C39C41CEEBAFBF6E5E79E515A783BFE79E7BCC25975CE2240B7AAC3852B55E030ECD195442EA554EB59C5745F36890F4ECB3CFE61EBED33C40556435B0D2CF1BA6A4A4E40EA414776A7A4FC5B4965152A1CFE60D90F55E8F3DF658D8920A62A860DAEE9ACED1A851A3DCE754A9D4940F1D5579F0C1079D78D03EE1A9A79ECAFDDE6BFFA52372FEA4D67BBFD0EB6897E718D2605CD31C2239864C4E45F52A7B7B953BFD2277DE4369F7FD21EF7F34C9298ACC764495420FC9947A59C0FE3DF7A7D20694A35575BC7E4758873BC349952B552745F3060B4A6675F8FED34F3F75E6607909AA76E2AA5CA86AA18443F3BEB4E3F6AA1CAA8C165439CDFDCF1F7FBCD37452832AA3BD7AF5326FBEF9A63332567544F4379E7CF2C9B02516CB972F37C450FEDAB76FEF1C32D536EFD9B3A773F2933A536D23CF5B6FBDA51FC87092530D7C66CE9CE90C449A3469E2742C85554EBD818B624A14639D3A757212084DF3088D590D86B4FC871F7E686EBAE9262756AEBAEAAADCD7EAF3E85234E1420C154CC9E6ADB7DE7AD0734A0235B568E2C489CE217A094D42EDFE3DDFF7CC6B4E68798D2125C50B162C286F3114E32F1495A690ED9060CA3992D370AEECB8B803763455399C09AA466F814020C3EEC09E0DF37FB7283B90A0FD5C41FBF9E2422A18ABCE39E79C16E1DE3E3A84E55526FD87CDF2DCE3F8AAAA4A54955CA87AA11DBDDE479DCA05175C50629F4D73896EBBEDB6DCC7E3C68D0BEB61B4134E38411DC32062287F0B172E74924AEF04160D745461D77D7DE77598D53BC9CD8B1B25B1175D7491931CA8FAEEAF9CAA33F39F812DAAB67AD5D4254B96387F4BEFADFBFE8A9B120D250EFA7725CBA10984960D67624A0C1D3E6D37CD0FD52173C584E6ACEB04B9D02325F6733A71A4B85025B475EB9C595C1A1C79F3E52B420C5D78E1854EF21CA131A411824602B121DB46B115E315234A3341D50973FEAE9FE4144566770029B6033A3A9CF304F585888D8DDD99949434309CFFD7C4C4C4FCBED0FA0267D9A6494B31F6CB1B63BFBCBBECED17B68D8E8F8F9FA1B95E3611CB0EF7F6D1CE39B47251983FFEF8C3A920E8705361C9A87FBE68E861FDD024C45FF9D0D9B2DA8EAAE2788A72799992A4E469ECD8B1C45001152A1D0ED5E0E4861B6E38E8670555F9D661D9D08A97FFB58A07BD5689AC77B85FD34C9494A8B2EA1BE0E6BE8FBFEAA5E6AF7A2916D57405808228A929E99F5026868A4709E61B6FBCE1C481A6EDE8088AA68D685BE63585A765CB96CEAD92C8DDBB773BFB319DD074EEB9E73AFBA73C8A24E5328634FD40D3111E79E49148892155ADB36CBC28210D28310D8DA1B4B4B45FB489B4AC069FA5999C864C2DDB4E728A22B349E222FBE5BF349CC9A9FD7B69B6F3FBB18CFFEBEA0474DD24958C63DCA66B9E28531B57A54A952F6C47B0AB2C3FA0E6C3793B588D400B9A1FA41DBE2A973ACCA66442952FFD1C9DFFC483BC7CF0C107CE4930FE8183D74974EEDCF990E5F7EEDDEBCCE97AF4D1479D8ECA7F59AAC2AE4D580145740CA992AE43FABAD5B6D159CF175F7C71BECB7B87F0559DD26B7466BF1254C59E0E7F2BD150B2101A87AA8AE555F5D29C55CD9B2E8C06419A5BE8F9E1871F0E3A4186182ABB18D2F75BF1A06AE46BAFBDE64CE1D18990AA187A57F9D05410FFBE4231A7785392A95BED83BC4BDB29C9D5004795D7E1C387134325C426A0E936F98CD77D3731CD37866C62BBD04B4E75425B495F80DFCFBF4DAC8524A728329B8C4C5EB468D105EDDAB58B0FD7DFB41D5EB24D4EBF2AEBBCDC6DFA127F6CDB67766738B5ACCE86CD8BE65469C7AE0B4E6B67EBCD33D3E558BC1DB99710AAF2D0B163C7DC4AA9124825A74A2EB4E35EBA74A973484DF3487552933718F127A6792537A17452944EA6D1DF53C5C45F792BE8CA0115756C17C931A4018B2E98AE6DAD6B51E6572555155C55550D4C94842A69F0B67D870E1D9C5B4D0BD11C666D732DEFA78A98C75FF50AA5CABA0637DE3531559DD5B403252E77DF7DB7F3F74527F5A9EA1F728D4462A80C683BFAE3464963E87C5725381AC02881D5367EFCF1C79D819006CBDEFEC97B8DB6B5E6C3FFF9E79FC450097213D322C5904D64BFB6CB3BD71CD591AF8206ACC5E53FB2667D4D728AC309EA893681F9D7EDB7DF1E1FAE0BF1DB44AB8AFB252AAB51A64691736C07FCBE7B79965D91B65D9458A84AA14BA5E8F24D3ADCEE5527342FD0EB30BC930BB49C9AAE5FA9CAC37DF7DDE7ECDCBDE4B3285504BD576117B056921C3AA74BC9EFABAFBE6AC279167104542A223E865AB56AE51C82F52EC3A3B3AE35A850E2A964C11BE0A8B36FD0A08173729C9724E8D0BDE6A67A957B1DFAD3B6171DA6AD59B3A669DAB4E9217F5387FE7506755ED52EEFAA018A6D2FF1D0D51DBCD8BCEBAEBB9CCB02E93256A559CD21868A47D38CFC03570D5835CD43FB256DE36FBFFDD6795E03659D38E5FDD083F62D9AAF2ABA4A447E88A1D28D21BB0FF8242B2B4B17BC8ED325BF3450288D0BF1EB90BE06083E1F97F7F54D721A46A3478FDE70CB2DB72CB6A3CFF6679F7D76A967A70B162C48B689D6CAB163C7AE2983FFEE3F6D32BEC68E2A3F8EA40A697E8985BF7A71EFBDF7E63EF6EFD843934E250C79250D45A16A4561D745F527A63A314194D43CF3CC33D1F295293731E40D5A3CDE19CD45A10AA9E6A51E2E5D74BDA018D267F07F0E7FFCE657D9258622C7471F7D7458B1A779AAC45064C590FAFC1E3D7ACCB1896D279BA49AE9D3A73BBFE455D234F8F5FDE2E0BC32EAF3494ECBB3F4F4F417DF7DF7DD77DAB46953B7B4ABA76FBEF9A64EDF7BA32CFE9FF6CBF12FB676FE0A4B4CF3188147DD3A22864A3686A21131440C45400CBDAE7A84EE2839D5390A255969D6BC62FDD29CC726D26F5584F51E43E885D79831633ED9BD7BF7D2C9932797EAE9D676D4BD24252565D3E6CD9BC7B2D60100289B3EDFDECCD17D554F751E81375FB7B834FF78E8D0A1CEFBBAE655943E9FE4B40CD840EA3D69D2A4EC3FFEF823AB34DE7FF5EAD53B3EFDF4D3FA7604F5DF91F05BD1000044315DA3D0B9BC934EB21D326448B1135425A64A74553975A5DA3EFF8E8AD2E7939C9601CD073970E0C03D83070FDEB96DDBB6124D50B76EDD9A3260C08003D9D9D9FDEC88ED77D636000065DBE7DB3E5927333889A34E6C1B3870A03FB13C2C7A9D5EEFBF9A874D4CEFAE487D3EC9691919376EDCD8FDFBF73F64EDB0819A5A12EFB972E5CAF5FDFAF54BB589EF6B36489358CB000044469F6F6FEEF012545550FBF7EFEF5C7230E402FAF9D272FA9964BDCE9FD8DAC4B77F45EBF33921AA6C4753EF75EFDE3D6DD0A041AF77EBD6ED8FBFFFFDEFAD8EF424A951A346CD9B3163C609C160F011FB25788FB50B0040E4F5F9F6EE1B8140A096E68AEA64269D28A59FCE6EDBB6AD69D1A285F3E31BBAA49C0EDD2B21D505F67FFAE927E77251DE75675D2A6CDD5B11FB7C92D308184D252626CE9F3265CAF059B36655D2B5E36C80362BEAEBBFFBEEBB456FBDF5568CAECD6983FD621BFC1CCA07002082FB7CDB5F0FD725A6F49C9254259E21D72A2DCC3CCD31ADA8D3F7484E236334B5C6DE5C6603F6FA575E79E5CEB8B8B8F856AD5A6DB8E8A28BAAB46CD9B2765D2BC1B223A6DD7614B567C58A151BE7CE9D9BF6DB6FBF35CFC8C8D0ACEA115BB66C49E2E4270000CA4F9F6F13CC3B6D92DAF130F2B179D1D0E7939C4656C0EA571D3EBEF1C61B9BD8C4F3FAA54B979E6F1F9FE35B443F9BA664543F0FA49F27FBB8225C6C17008068EEF383C1E0F53649F5FA7CFDE675826D3A86AFB3FC17465B9F4F721A81F4AB12F6E615B7010000FAFCA8C1D9FA0000002039050000A840BADB769CEFB18E4EBF5084D7CD28423E76B66D57BAF7DBB87FAB3023484E71384EB0EDFC90E71EB0ED24DFE376EE73042A000091EF42DBD6FA1EEB84A5A3DCFB95DDDB04B7FF3ECED70ED876ACEFF133B6D5765F53CD6D8D6CABEBDEAF6F5B4DDB1AD8F692FB5C5EF49A4E6EBBD9B6AEE5654532E7B47483B4BA6D97D8B6D3B6056E50DE66DBFF9A9C139BFCCE3007CF37B9CA5DCEAFB22FC0F30BD4476C7BD2E45CFF2CBF4095636C4B76476C0000E0C8A94834D2E4149F4E709F0BDAD6CCB62B6C3BD7EDD37542F34F6ED2BACF5D6EAF2FA9553FFEB87BBF9EC92922EECDE3EF79CFABBF4FCBE7336DB4ED8BF2B832494E4BCF5CF75609E4663740AAB9C9EA34DF724A12CFB4AD891BC00AE431EE6B36BA239D1DB6FDE026A05119A8000044A8CA6E3F3EDAE41CC61F6C728A3FC6EDD7A785F4FB32C5B621EEFDC6EE72728B6D896E62BBCDB7FC2ADBF47BA52A3CFD6ADB0A375F5812F2BEA7DAD6D4BD7FACEF7D6BBB9F8FE4148506F30137615485553F6D36C74D2E15DC137C41A5C3F1D7DBB63C5A031500800895E02698FDDDBE5B05254DB5D311525547AF76FBF951BED76CF525ACBD7CF74F731353CFC96EDF2E9A0EA8E2D34FEEE37EB6FDCD1C7CA4F46CF35721CA9F108F20398582A9851B6067B8C9616537809BB909A2026AA0C9A9907672035A55D56FDCD7A6DBF61F3781DD6D72A606446DA0020010A1526C7BD7EDEFE7BAFDFD74F779AFDFAD17F29AFA6E2EE0E508B79A9C6AEB7921CB2D759B7113DC3DBEF7EC6E0E9DC217CCE733EE2F4F2B94E4B474F88349734F34AF533F31E63FACEF4F14EBB949AA82F27937401B98BFE6879EE126AA511BA8000044B024DB26999CF345540C7AC8B66FDD7F53614A15D141BEE57548FF07B7DF5E67720A51D37CAF39529AE2D7CEFC757E8A279EE4147EA798C22FACAB04F27C772495E226B46BCC5FF356AF89F6400500208275313967E72BAFD29577369BBF0A472A4C550D597EB66DAFDAF6A06DC36C9B69DB7326E7886A614E373945ABC679FCDB77B64D3539475CF57974DE8BA61924939CC2A3799D9B8AB09C4653F7999C39A1E71EC1DFA9F0810A004084AAEB26992A2E699A9D2AA72A2A79473F134296D7D1D2FFB6ED51F3D7943D9DFCF4B6C9990EA0C4F51D37C1CDCBE27CFAF19626A7B8A523B5AFB979450F37495675F625F773929C46B93E26E7307D61EAB9A32A4D9AEE6B9B7ECAAC83C9396C5F94ED54E10315008008A5FE779CDB177B3698BFAE8EA3CAE9B9BE445695D5C1BE650FB8B73AD1F9BF4C4EB129AFC4D47F06FF46B7F9E95292F7BAF717B8B773DCBFBFCAFD4CE502C969E98DA274285D257BFF659D94802ECF23313DCF17A8BAD59C951FDCA4525AE4F377A22650010088608B431E8FF4DDD7B9205FF912D9B921CBDEEABBAFB3FBF39B773ABE90CF70471E7FDF7F059F97484E19454DCBE37955365F0B794EC9E5E490E7421F0F8BF6400500A0820AB20A0EC6CF9702000080E41428482010C80C06194C46C4903E673B6411432086400C81E414512B2E2EEEB73D7BF6B02222406A6AEA01DB492F2286400C811802C929A2566666E6945DBB76A5B126CADE8E1D3BD6666767CF2686400C811802C929A25630181CBF69D3A634BB33626594B1CD9B37EB071C2610432086400C81E41451AB73E7CE0B333232BEDFB061C32ED646D959B366CDE2CCCCCC3F2EBBECB2F9C41088211043203945540B0683F7DB9D52302525E5006B23FC52535393D7AD5BD7C86E87BEC410882162881842B8C4B20A10A9929292B6F7EEDDFBE76DDBB675A955AB565C7C7C7C25D64AD83A84750B172ED499B17776EEDC791E3104628818228640720A581F7CF0C1AA5EBD7A2D4E4E4EBEC68E9C97DBCEA161201060C5949ECC152B567CB97CF9F263ECFDBB3A75EA3495180231440C11430827BE5D28173EFFFCF3936262625E8E8D8D3DA34E9D3ACBEAD7AF5FB776EDDAADEC7309AC9DE2B19D6DEAEEDDBB7FB31DEF9FDBB76F6F6E1FAFD321B42E5DBA2C2186400C1143C410484E8102CC9C39B34D2010B8CEDEED68DB39B6D129944095C2B685B6CDB16D42453FE9801822868821620800000000000000000000000000000000000000000000000000000000000000000000000000000000000000000000000000000000000000000000000000000000000000000000000000000000000000000000000000000000000000000000000000000000000000000000000000000000000000000000000000000000000000000000000000000000000000000000000000000000000000000000000000000000000000000000000000000000000000000000000000000000000000000000000000500EFC3F4415FF33C76C901E0000000049454E44AE426082, null);
INSERT INTO `act_ge_bytearray` VALUES ('62505', '1', 'OT.bpmn20.xml', '62504', 0x3C3F786D6C2076657273696F6E3D27312E302720656E636F64696E673D275554462D38273F3E0A3C646566696E6974696F6E7320786D6C6E733D22687474703A2F2F7777772E6F6D672E6F72672F737065632F42504D4E2F32303130303532342F4D4F44454C2220786D6C6E733A7873693D22687474703A2F2F7777772E77332E6F72672F323030312F584D4C536368656D612D696E7374616E63652220786D6C6E733A7873643D22687474703A2F2F7777772E77332E6F72672F323030312F584D4C536368656D612220786D6C6E733A61637469766974693D22687474703A2F2F61637469766974692E6F72672F62706D6E2220786D6C6E733A62706D6E64693D22687474703A2F2F7777772E6F6D672E6F72672F737065632F42504D4E2F32303130303532342F44492220786D6C6E733A6F6D6764633D22687474703A2F2F7777772E6F6D672E6F72672F737065632F44442F32303130303532342F44432220786D6C6E733A6F6D6764693D22687474703A2F2F7777772E6F6D672E6F72672F737065632F44442F32303130303532342F44492220747970654C616E67756167653D22687474703A2F2F7777772E77332E6F72672F323030312F584D4C536368656D61222065787072657373696F6E4C616E67756167653D22687474703A2F2F7777772E77332E6F72672F313939392F585061746822207461726765744E616D6573706163653D22687474703A2F2F7777772E61637469766974692E6F72672F70726F63657373646566223E0A20203C70726F636573732069643D224F5422206E616D653D22E58AA0E78FADE794B3E8AFB72220697345786563757461626C653D2274727565223E0A202020203C646F63756D656E746174696F6E3EE59198E5B7A5E58F91E8B5B7E58AA0E78FADE794B3E8AFB73C2F646F63756D656E746174696F6E3E0A202020203C657874656E73696F6E456C656D656E74733E0A2020202020203C61637469766974693A61737369676E65726E756C6C3E3C215B43444154415B5D5D3E3C2F61637469766974693A61737369676E65726E756C6C3E0A202020203C2F657874656E73696F6E456C656D656E74733E0A202020203C73746172744576656E742069643D2273746172744576656E7422206E616D653D22E5BC80E5A78BE88A82E782B9222F3E0A202020203C757365725461736B2069643D227369642D45343235413635432D353743332D343243322D384232312D34343345393546394545453422206E616D653D22E58AA0E78FADE794B3E8AFB7222F3E0A202020203C73657175656E6365466C6F772069643D227369642D37443345423235392D373835462D344639412D393342422D4143304442433938373536362220736F757263655265663D2273746172744576656E7422207461726765745265663D227369642D45343235413635432D353743332D343243322D384232312D343433453935463945454534222F3E0A202020203C757365725461736B2069643D227369642D43413032453141392D434439442D343239432D384542452D46313441443742343744433322206E616D653D22E7BB8FE79086E5AEA1E689B9222061637469766974693A61737369676E65653D226B656269222F3E0A202020203C73657175656E6365466C6F772069643D227369642D43353246333836322D324332382D343037452D393739362D3841434534374533324135392220736F757263655265663D227369642D45343235413635432D353743332D343243322D384232312D34343345393546394545453422207461726765745265663D227369642D43413032453141392D434439442D343239432D384542452D463134414437423437444333222F3E0A202020203C757365725461736B2069643D227369642D34463536333338312D463146372D343636412D413430462D32314236383243374141443822206E616D653D22E88081E680BBE5AEA1E689B9222061637469766974693A61737369676E65653D226A6F7264616E222F3E0A202020203C73657175656E6365466C6F772069643D227369642D46424134313438442D464339352D344134422D423936382D4230393738363145393732462220736F757263655265663D227369642D43413032453141392D434439442D343239432D384542452D46313441443742343744433322207461726765745265663D227369642D34463536333338312D463146372D343636412D413430462D323142363832433741414438222F3E0A202020203C656E644576656E742069643D22656E644576656E7422206E616D653D22E7BB93E69D9FE88A82E782B9222F3E0A202020203C73657175656E6365466C6F772069643D227369642D41334641323833442D383738452D344535392D383639352D3246333241323934424343382220736F757263655265663D227369642D34463536333338312D463146372D343636412D413430462D32314236383243374141443822207461726765745265663D22656E644576656E74222F3E0A20203C2F70726F636573733E0A20203C62706D6E64693A42504D4E4469616772616D2069643D2242504D4E4469616772616D5F4F54223E0A202020203C62706D6E64693A42504D4E506C616E652062706D6E456C656D656E743D224F54222069643D2242504D4E506C616E655F4F54223E0A2020202020203C62706D6E64693A42504D4E53686170652062706D6E456C656D656E743D2273746172744576656E74222069643D2242504D4E53686170655F73746172744576656E74223E0A20202020202020203C6F6D6764633A426F756E6473206865696768743D2233302E30222077696474683D2233302E302220783D2239312E33393939393939393939393939382220793D223130342E30222F3E0A2020202020203C2F62706D6E64693A42504D4E53686170653E0A2020202020203C62706D6E64693A42504D4E53686170652062706D6E456C656D656E743D227369642D45343235413635432D353743332D343243322D384232312D343433453935463945454534222069643D2242504D4E53686170655F7369642D45343235413635432D353743332D343243322D384232312D343433453935463945454534223E0A20202020202020203C6F6D6764633A426F756E6473206865696768743D2238302E30222077696474683D223130302E302220783D223136362E33393939393939393939393939382220793D2237392E30222F3E0A2020202020203C2F62706D6E64693A42504D4E53686170653E0A2020202020203C62706D6E64693A42504D4E53686170652062706D6E456C656D656E743D227369642D43413032453141392D434439442D343239432D384542452D463134414437423437444333222069643D2242504D4E53686170655F7369642D43413032453141392D434439442D343239432D384542452D463134414437423437444333223E0A20202020202020203C6F6D6764633A426F756E6473206865696768743D2238302E30222077696474683D223130302E302220783D223331312E342220793D2237392E30222F3E0A2020202020203C2F62706D6E64693A42504D4E53686170653E0A2020202020203C62706D6E64693A42504D4E53686170652062706D6E456C656D656E743D227369642D34463536333338312D463146372D343636412D413430462D323142363832433741414438222069643D2242504D4E53686170655F7369642D34463536333338312D463146372D343636412D413430462D323142363832433741414438223E0A20202020202020203C6F6D6764633A426F756E6473206865696768743D2238302E30222077696474683D223130302E302220783D223435362E342220793D2237392E30222F3E0A2020202020203C2F62706D6E64693A42504D4E53686170653E0A2020202020203C62706D6E64693A42504D4E53686170652062706D6E456C656D656E743D22656E644576656E74222069643D2242504D4E53686170655F656E644576656E74223E0A20202020202020203C6F6D6764633A426F756E6473206865696768743D2232382E30222077696474683D2232382E302220783D223630312E342220793D223130352E30222F3E0A2020202020203C2F62706D6E64693A42504D4E53686170653E0A2020202020203C62706D6E64693A42504D4E456467652062706D6E456C656D656E743D227369642D46424134313438442D464339352D344134422D423936382D423039373836314539373246222069643D2242504D4E456467655F7369642D46424134313438442D464339352D344134422D423936382D423039373836314539373246223E0A20202020202020203C6F6D6764693A776179706F696E7420783D223431312E342220793D223131392E30222F3E0A20202020202020203C6F6D6764693A776179706F696E7420783D223435362E342220793D223131392E30222F3E0A2020202020203C2F62706D6E64693A42504D4E456467653E0A2020202020203C62706D6E64693A42504D4E456467652062706D6E456C656D656E743D227369642D37443345423235392D373835462D344639412D393342422D414330444243393837353636222069643D2242504D4E456467655F7369642D37443345423235392D373835462D344639412D393342422D414330444243393837353636223E0A20202020202020203C6F6D6764693A776179706F696E7420783D223132312E33393939393939393939393939382220793D223131392E30222F3E0A20202020202020203C6F6D6764693A776179706F696E7420783D223136362E33393939393939393939393939382220793D223131392E30222F3E0A2020202020203C2F62706D6E64693A42504D4E456467653E0A2020202020203C62706D6E64693A42504D4E456467652062706D6E456C656D656E743D227369642D43353246333836322D324332382D343037452D393739362D384143453437453332413539222069643D2242504D4E456467655F7369642D43353246333836322D324332382D343037452D393739362D384143453437453332413539223E0A20202020202020203C6F6D6764693A776179706F696E7420783D223236362E342220793D223131392E30222F3E0A20202020202020203C6F6D6764693A776179706F696E7420783D223331312E342220793D223131392E30222F3E0A2020202020203C2F62706D6E64693A42504D4E456467653E0A2020202020203C62706D6E64693A42504D4E456467652062706D6E456C656D656E743D227369642D41334641323833442D383738452D344535392D383639352D324633324132393442434338222069643D2242504D4E456467655F7369642D41334641323833442D383738452D344535392D383639352D324633324132393442434338223E0A20202020202020203C6F6D6764693A776179706F696E7420783D223535362E342220793D223131392E30222F3E0A20202020202020203C6F6D6764693A776179706F696E7420783D223630312E342220793D223131392E30222F3E0A2020202020203C2F62706D6E64693A42504D4E456467653E0A202020203C2F62706D6E64693A42504D4E506C616E653E0A20203C2F62706D6E64693A42504D4E4469616772616D3E0A3C2F646566696E6974696F6E733E, '0');
INSERT INTO `act_ge_bytearray` VALUES ('62506', '1', 'OT.OT.png', '62504', 0x89504E470D0A1A0A0000000D494844520000027F000000A908060000005AB65BE0000012914944415478DAEDDD7B8895E5BE07F08176444444507F44272A38C4A6131141B4A35D44D01F1D76547499661CB5C20B651D26D1DC5696D6B13AD185AC0823BA48D889A8E848D4CEBBB33D5956B8CBCAA3A5959A39E6EEE2694FDAE53DEF6F1D9FC5EB9A3536A933F3AEE5E7030FB3665D66C4F59DDFF37B9FF7B25A5A00000000000000000000000000000000000000000000000000000000000000000000000000000000000000000000000000000000000000000000000000000000000000000000000000000000000000000000000000000000000000000000000000000000000000000000000000000000000000000000000000000000000000000000000000000000000000000000000000000000000000000000000000000000000000000000000000000000000000000000000000000000000000000000000000000000288B2CCB7EB776EDDAE7972D5BF6F3FCF9F3B3B973E71A833CE6CD9B972D59B2E4AB7C74C8902143322443C0808A82DBD5D59575777767DBB76F3786686CD9B2255BBC78F1B77901BE54860C193264081830B1A5ADE096A6F06ECFB7C03F922143860C1902064CEC6251F0CA33F2A2FBA30C193264C8103060E2580FC5AE544537932143860C190286BCE8FEEF379BB2B5CB9FCC3E98777B65C4EDB84FA1547465488664488680262BBADBBEDE98ADFCCB94EC6FAF4CDC65C47DF1986269E2962119922119029AA8E8AEFFE0BF7A15DC34367C3047B13471CB900CC9900C01CD54743F5AF81F7D16DD784CB13471CB900CC9900C014D547457CE9DDA67D18DC7144B13B70CC9900CC910A0E81A266E199221199221A0118B6E9C55D757D18DC7144B13B70CC9900CC910D0444577CDD287FB2CBAF1986269E2962119922119029AA8E86EDDF85EB6F2F5DB7AEF6AC9EF8BC7144B13B70CC9900CC910D0444537C6BAB767F52ABA719F42A9E8CA900CC9900C01CD56747FF8215BF3DF8FF6DED592DF178F2996266E199221199221A0498A6E5C397FF5D287FA3CD6261E73757D13B70CC9900CC910D0E84537DF92DEB46641F6FE6B37F55970D388E7C4736D7D9BB865488664488680062CBABFB6956DEB5BD1952119922119029AA8F9EBCF56F6EEB6BE154F13B70CC9900CC910D04045774F0B6E1A8AA7895B86644886640868A0A26B28BA32244332244380E6CF507465488664488600CD9F61E296211992211902145DC3C46DC8900CC91094CDE2C58BFF75E6CC992F4F9F3EBDFBFAEBAFDF3172E4C85FAEB8E28AACA3A3E39771E3C6FD3875EAD44D3366CC7879CE9C397FD4FC198AAE0CC9900CC950E31A366CD83FB5B6B65E97CFF3CFE7634D3EB6C59C9F8F9E7CACCB1F7B29FF3A219EA7436A420F3FFCF02DB7DE7AEB779D9D9D59DEFC65CB962DCB366EDC98F5F4F46421BE76777767EFBCF34EF6F4D34F67F1BCC99327FF3D6F06FFACF933145D1992211992A1C6D1D6D676513EE6E68DDD0F3B9BBDFE8C85F96B3A744C4DE0C9279FFCC3942953BE9A387162A5B1FBE9A79FB2FE5AB1624576D34D376537DC70C317F9D793357F86A22B4332244332545E7903775C3E5EFD0D0D5FBDD175D96597FDB30EAA413DF2C823F78E1D3BF6E73973E6FCA6A6AFD66BAFBD968D1933E6A76659055474155D19922119329AADF96B6D6DBDA2ADADEDAB6223376CD8B0ECAEBBEECA162C58907DFEF9E7D977DF7D5799D7BFFFFEFBCADEBFA54B97660F3CF040367CF8F0DA06709B55C006347BF6EC07AEBBEEBA5F56AF5E9DED0B9F7EFA6996FFBC9FA74D9BF6EF9A3FC3C42D433224433254AAC6EF4F79C3F663B1E97BE699672A8773F5C7D75F7F5D797EBCAED804E60DE0281D5583B8EFBEFB6E8FC6AFBF6F7A7FC5CF1B376EDC4F9D9D9DE3347F8689DB7B2743322443E558F12B367EE3C78FAFACF2ED89785D1C2656D3005A012CBBA953A79E18BB68F7D58A5FBD15C051A346FD307AF4E87FD1FC19266E438664488686CECE63FCB6A446EDB6DB6EABEEDADD53B14B78FAF4E9B5BB807FAFC32AB1BC63FF3C8EF11B48710CE035D75CF33F9A3FC3C46DC8900CC9D0D0D979466F75C56F6F1BBF620358B302D8A5C32AA92953A68C993061C22F3B76ECC8065AFE7BB68F183162A4E6CF30711B3224433234248DDF45C563FCF67457EFEE7601178F01B4FBB7A4264D9AB4212EE73218DE7BEFBDECDA6BAF5DA3F9334CDC860CC9900C0DEDAA5F9CAC31109E7DF659AB7F65D6D9D9795C9C8DBB379774F9ADF2E6EFFB38DEA04C7F08F9F8A3A2ABE8CA900CC990D1CC198A4FE4482779C4EADCD6AD5B07649E8FB3806B2E03739C8EAB446EB9E5967B1E7FFCF16C30CD9A356BC78811234A73EDBFC2D2F4DCD6D6D63F28BA8AAE0CC9900C19CD98A19D1FD95679DE3DF7DC33A0737D5C07B0D0FC4DD07195C88D37DEF8B7F8C8B6C114BB98478F1EBDA46C7F3085F16ABDAD274557D19521199221A39133B4F3B37A2B8F2F5AB46840E7FAB81074E1DF3247C755227913B675D3A64D83DAFCC575FF860F1FBEA5C47F30D5ADA7E21F8EA2ABE8CA900CC990D1C819CABF5F93EEDFD7277AD48A4F0229FC3BD6EBB84A246FC276F4F4F40C6AF317BFAFBDBD7D47D9FF608A5B4FB184AEE82ABA3224433264347286F2F18FF4FDBEBABCCBEE2EFB52F8DD3D3AAE1289376528ECE587470FC95074CB3564C890214386F67C0CF65CAFE32A918E8E8EED43B1F2D7D6D6B6BD01B69696C7E71E9E73CE39BF1B8ADD2DAFBCF24AFCB164DF7EFB6DBF5F13CFDDB06143E576BCF685175EA83E165B617DBDEEA5975ECA8E3AEAA83E1FFFF0C30FB3152B56F4BA3F7E475C2AC016773933F4EEBBEF56DEA378EFE3ACBE34E2FD7CE38D3776FBDA75EBD6EDF27D9CBDB76AD5AA3E9F1FBFE7C1071FDCEDCF8CE74C9830A17A3B2E2C9F6EBFF5D65B3254C20CD57B0F1F7AE8A13E7352BCFFF5D75FDFE57577DC7147BF7E7E23E5A8D132149FBA61E58F9651A3466D198A63FEF2A6737389FF607629B64375ACCDABAFBE9A1D78E0817D3E1E4D746AF8E2C0DA287CF1113D5D5D5DD5421867729F72CA29D9638F3D56F9FE934F3EA9BE7ECD9A35D5DB2FBFFC7276ECB1C756BF4F3FA3B6E046618DA674C4881195D7C47D4F3CF144A5C98CDB5F7EF9A5A25BA20CC57B3279F2E4CAEDC8C8962D5B2ACD5FDC7FF9E597579FF7C5175F549AF833CE3823CEC6AFE625360AE26B5E27B2E79F7FBEDA48C66B162F5E5CC940CAC2D1471F9D9D7EFAE995DB312213C71F7F7CAF7F4F6432DD9E3D7B76AFDB26EE7265A85EA6624330362C76FEFFF5F9DEC563B191913257AF316BF41C355A861CF347C5D8B163E70DF6D9BECB972FEF696F6F7FA5847F306FC495CF6B8BED6017DDF5EBD75726DD69D3A6559ABFD464C58A5E7C3DF3CC33ABF7D516C4785DF1FBB8A8F6C1071F1CCD76DDC27CEAA9A7567ED6942953B2C30F3F3CBBF9E69BAB3FBB76452F358BD1749E74D249BB347F43B10258D2A25B8A0C1557FD6A57538E3CF2C84A86FA9AACE37D2D4EF2F1F5A9A79ECA3EFBECB3CAED6814EB4DB4071D745076F7DD7757BF8FECA6C633363A525EF2FF9BECB9E79EABDC8E15C86256DF7EFB6D192A51868A7B218A1B7CD178A50D837BEFBDB7D7F3E37D8CCC9C7CF2C995D71C72C82195AFC71C734CAFD5BF46CF51A365C8D9BE54E44DD8BFCD9C39F387C16CFE1E7DF4D14FCB74CD9FBEB6B087BAE8C6CA5F14CD54D4A2F0C5D7588149F7D516D1F850ED58994993764CD8BB6BFEA278D65BF92B3E16853515DCB8BD6DDBB6EA88FB62A528DDDE8F8B6EA93294B21293EA89279E989D7BEEB995FBE3BD8ADBF135B2151B1AF59ABFF47E46435F5CF92B1E1A102BCED160463318233505713B760FD73B8CA076C5263638D2AA71E4BDF65005191ADA3A141B7AC5BFF7948BB46111937AE4206EC744FF6B7B2D0E3BECB0ECC20B2FEC75A84A23E7A8D132E43A7F54C4D5BE478F1EFDDD607EC2C7D5575FBDB911AFF63DD8CD5F4CC269774714B3952B57EE52D452F317C533ED928B8278F1C517578E81492B81B1251D4D617C1FC5BBBF2B7F0B172EDC65F7725A098A5580680CE7CF9F5F1DB1FA175F6B9B091FAB3434198AA63F26DF58AD4D1B0E31F1DE7FFFFDBBACCEC463F16F8A5CA40CC52EDF58258CDB69775D349169622EBEC7B5CD7FFC8CB81DF94B1B2EB593F609279C50FDDDE9B8C3B81D8727F868AE72D5A1D8908C5DB0175C70417C325365C4DF79BC5F717FDC4EF7A7638D7F6BF3D7E8396AB40CF9840FAAAEBCF2CABFE67F4483D2FDE55B785FB6B5B52D6DC4FFA7C16EFE62F7DC25975CD2ABF94BBB76EBADFCA5E7C4C1D669A2DEDB95BFE27DC555C728FEC55D41C55DCE8AEED067288EBF8CF7258EF38BC62D26F2E20A4E34F1D124EE6EB76F6A08E37D8EDB6983A0F8FCE26108F9865DE576ACD61427F93886B4BDBDBDDA6CD6CB536DDE64A81C75A838A2416BA939C62E56EDEAEDB5481BAA31F1E7734C3523E9448D66C991CFF6F5D9BE0D2B8E0DC8B7DCBE1A8CD5BF3163C6ACCD7F5F87E6AF7F07561727E2FE347F71BC4B6C05C796FAD8B1632BF7EFE9317FF526FAF8F96997E2F9E79FBF4BF357EF24114577683214ABB5F19EC4AA6F14F7D87D3669D2A4CAFBD7B2F318BE680863EBBCF63D8EF7379AC2E28A6F4CF6D144D66B168B136FCA6B4CFEB1CA535C412AAE22D67B6DFCDBD2EF94A172357FF1DEC731C8E950927458491CC3978E01AD3DD3379AC2C8D201071C503DB92836488A2B84CD90A3066DFE2E4A8D59ACFEEDEB133FE2E7C5CF2D5C64BA43A755DEA5E0252FBEF8E2DF07B2F1CBB7C8DECF83F0D75F3BA645D1DD5EDDFD1145340A5EDC8E09BCDE6EDF784E4CE6F17DEC7E498FC5CACEEE9ABF38CBAEAFB37DFB2AD0D14CA4E21B075C6BFECA9BA198B0D3ED98AC8BCD5CBDD591D86888C762C3218EED8C5D6EE9BD8DF7397257FB1EC763710C61ED8ACD11471C91757676FEEAB15A71F6673A533D9D50121B3932548E0C451D88DF17B5213614D26ED5E2255C8AC7FAC588F734B2131B96E3C78FAF6E88C45E886808E31094A823CD92A346CC50C8E7E285A9398BF7695F5DF625E6AB891327EEB2EAD7A873FE7E21F6C70F1F3E7CEBEAD5AB0764F96FEDDAB55FB5B7B76FCEB7007EDFA8FF478359745B761E5F9776B3A40218B74F3BEDB45DCEF68D2297B6948BBB62A220C6FD871E7A68E5C0DE96DD5C03ABB6F9EBEBDF14BB5CEA5D43B0B8F56DE21EFA0CA5DDFEB132132B7FC546B0D8FCB5EC3C8B3C26E6B81DC770D57BDF8BAB2CF5360C6A576CEA35A269528E9CA486A0A57036723A89A0DE6E41192AC76EDF963A67F5C77DA9194C871A449D89BA930E5B293E37362C6AF75A34728E1AB8F93B2E1F5B5293169709DBDB06301ABF68EE0B8DDFB6469EF3F71BADADAD575C75D5555BBABBBBF76903B879F3E66FF3C6F28B465FFA1DACA21B07E9A7EBF1A555B6B415DB5238B839ADEC15CFF08C55BEDA5D73FD19D1C8C559A1BB7B4E7117612AE2D134A4DD41C56B082ABA433F71172FBE1BAB30E9DA69F15EA76BA89D75D659BD2EF61C1378ACEEC46EFD784EF198ADB80E60EC8AEB6BD24E17DBAD37D24948E9F71527F878ECBCF3CEABFCCEBE9A4B192A47F317AB717142D0D9679F5D3D31280E17A957C7624F441CBB1CA35E33D80C396AD4E62FCDF9E9E48FB402B8A7BB80E375352B7E76F736D8D6C09523478EDCBC6AD5AA6DFBA2F1FBF8E38F3FEFE8E8D89887ECCF8DFE7FE363957CA6A60C6DFFD58B8ECB900CED4F396AE4E62FCDF9C506308ED58BD5DDD8D8EFEF59BD717247F118BF18CD30E7EF972B8079C7BE75F6ECD9ABF7E6249059B36675C5AEDE085733FCBF68FE145D19922119329AA9F94B737E3EBE2E366FD1CCC5E1427121E858D54BBB8463D76E7C72471C633963C68CCA5E819A4F15D9D62C73FEFEBA02785C9C0E7ED55557AD7BF3CD37D7FD96A66FD9B2652BF2D7BD17077A36D3FE7E4557D19521199221A3D99ABFE29CBF9BCF07EECFE8728C5FF33481974620E298BDDB6FBFFDAD7C2BE0FD0DB99E589BCFE55FBED9B469D3FAAEAEAE6577DE79E7A2FC799F4500A2F36FB6337C145D4557866448868C666CFE6AE7FCE2AEE0FE347DCD38E7D3F2FF5705CF03D1B9F37301D7E5A367E79B1E5FD7C7E7F6C5C7B734F355BC155D4557866448868C666EFECCF9A0E82ABA3224433264EC87CD1FA0E82ABA322443326468FE40F36728BA3224433224436647D0FC198AAE0CC9900CC910A0F933145D19922119922140D1354CDC860CC9900C018AAE61E236644886640850740D13B72143DE3B1902145D4557860C193264085074155D193264C8902140D1557465C8902143F30728BA8AAE0CC9900C199A3F40D1557465488664C8D0FC81E6CF507465488664C8D0FC81E6CF507465488664488600CD9FA1E8CA900CC9900C019A3FC3C46DC8900CC910A0E81A266E43866448860045D730711B322443320428BA8AAE0C193264C810A0E82ABA3264C8902143C05E9A3F7FBE62579ED19317DD1F65C8902143868001B364C9924DDDDDDD0A5E09C6C68D1BFF332FBA1FC9902143860C010366C18205172E5AB4E89BCD9B37FF43E11BBA2DED28B8F3E6CDFB2C1F97CA902143860C01032AFF43FF53BEA5B73C96FAE3580F63D047FCBF7FD4C8055786644886640800000000000000000000000000000000000000000000F689FF03916A2639A7EA6B830000000049454E44AE426082, '1');
INSERT INTO `act_ge_bytearray` VALUES ('85004', '2', 'source', null, 0x7B227265736F757263654964223A223835303033222C2270726F70657274696573223A7B2261737369676E65726E756C6C223A22222C2270726F636573735F6964223A22434C222C226E616D65223A22E4BA8BE58187E794B3E8AFB7222C22646F63756D656E746174696F6E223A22E58F91E8B5B7E4BA8BE58187E794B3E8AFB7222C2270726F636573735F617574686F72223A22777162222C2270726F636573735F76657273696F6E223A22222C2270726F636573735F6E616D657370616365223A22687474703A2F2F7777772E61637469766974692E6F72672F70726F63657373646566222C22657865637574696F6E6C697374656E657273223A22222C226576656E746C697374656E657273223A22222C227369676E616C646566696E6974696F6E73223A22222C226D657373616765646566696E6974696F6E73223A22222C226465736372697074696F6E223A22E58F91E8B5B7E4BA8BE58187E794B3E8AFB7227D2C227374656E63696C223A7B226964223A2242504D4E4469616772616D227D2C226368696C64536861706573223A5B7B227265736F757263654964223A227369642D37333739313333312D303741452D343738442D383638422D453931413930464233343241222C2270726F70657274696573223A7B226F766572726964656964223A22222C226E616D65223A22222C22646F63756D656E746174696F6E223A22222C22657865637574696F6E6C697374656E657273223A22222C22696E69746961746F72223A22222C22666F726D6B6579646566696E6974696F6E223A22222C22666F726D70726F70657274696573223A22227D2C227374656E63696C223A7B226964223A2253746172744E6F6E654576656E74227D2C226368696C64536861706573223A5B5D2C226F7574676F696E67223A5B7B227265736F757263654964223A227369642D46343839383543372D413631352D344643342D383532452D383437344143434636414431227D5D2C22626F756E6473223A7B226C6F7765725269676874223A7B2278223A3132322E33393939393939393939393939382C2279223A3132357D2C2275707065724C656674223A7B2278223A39322E33393939393939393939393939382C2279223A39357D7D2C22646F636B657273223A5B5D7D2C7B227265736F757263654964223A227369642D30324341314546312D324539392D344446452D413141352D443339353842453641394135222C2270726F70657274696573223A7B2261737369676E65726E756C6C223A22222C226F766572726964656964223A22222C226E616D65223A22E4BA8BE58187E794B3E8AFB7222C22646F63756D656E746174696F6E223A22222C226173796E6368726F6E6F7573646566696E6974696F6E223A2266616C7365222C226578636C7573697665646566696E6974696F6E223A2266616C7365222C22657865637574696F6E6C697374656E657273223A22222C226D756C7469696E7374616E63655F74797065223A224E6F6E65222C226D756C7469696E7374616E63655F63617264696E616C697479223A22222C226D756C7469696E7374616E63655F636F6C6C656374696F6E223A22222C226D756C7469696E7374616E63655F7661726961626C65223A22222C226D756C7469696E7374616E63655F636F6E646974696F6E223A22222C226973666F72636F6D70656E736174696F6E223A2266616C7365222C22757365727461736B61737369676E6D656E74223A22222C22666F726D6B6579646566696E6974696F6E223A22222C2264756564617465646566696E6974696F6E223A22222C227072696F72697479646566696E6974696F6E223A22222C22666F726D70726F70657274696573223A22222C227461736B6C697374656E657273223A22227D2C227374656E63696C223A7B226964223A22557365725461736B227D2C226368696C64536861706573223A5B5D2C226F7574676F696E67223A5B7B227265736F757263654964223A227369642D39353641373841392D363032312D343434442D393335302D323932304346383931353639227D5D2C22626F756E6473223A7B226C6F7765725269676874223A7B2278223A3236372E342C2279223A3135307D2C2275707065724C656674223A7B2278223A3136372E33393939393939393939393939382C2279223A37307D7D2C22646F636B657273223A5B5D7D2C7B227265736F757263654964223A227369642D46343839383543372D413631352D344643342D383532452D383437344143434636414431222C2270726F70657274696573223A7B226F766572726964656964223A22222C226E616D65223A22222C22646F63756D656E746174696F6E223A22222C22636F6E646974696F6E73657175656E6365666C6F77223A22222C22657865637574696F6E6C697374656E657273223A22222C2264656661756C74666C6F77223A2266616C7365227D2C227374656E63696C223A7B226964223A2253657175656E6365466C6F77227D2C226368696C64536861706573223A5B5D2C226F7574676F696E67223A5B7B227265736F757263654964223A227369642D30324341314546312D324539392D344446452D413141352D443339353842453641394135227D5D2C22626F756E6473223A7B226C6F7765725269676874223A7B2278223A3136362E35353632343939393939393939382C2279223A3131307D2C2275707065724C656674223A7B2278223A3132332E30303933373439393939393939382C2279223A3131307D7D2C22646F636B657273223A5B7B2278223A31352C2279223A31357D2C7B2278223A35302C2279223A34307D5D2C22746172676574223A7B227265736F757263654964223A227369642D30324341314546312D324539392D344446452D413141352D443339353842453641394135227D7D2C7B227265736F757263654964223A227369642D31304441413543322D344234452D344133372D383835452D383242423633463830394634222C2270726F70657274696573223A7B2261737369676E65726E756C6C223A22222C226F766572726964656964223A22222C226E616D65223A22E7BB8FE79086E5AEA1E689B9222C22646F63756D656E746174696F6E223A22222C226173796E6368726F6E6F7573646566696E6974696F6E223A2266616C7365222C226578636C7573697665646566696E6974696F6E223A2266616C7365222C22657865637574696F6E6C697374656E657273223A22222C226D756C7469696E7374616E63655F74797065223A224E6F6E65222C226D756C7469696E7374616E63655F63617264696E616C697479223A22222C226D756C7469696E7374616E63655F636F6C6C656374696F6E223A22222C226D756C7469696E7374616E63655F7661726961626C65223A22222C226D756C7469696E7374616E63655F636F6E646974696F6E223A22222C226973666F72636F6D70656E736174696F6E223A2266616C7365222C22757365727461736B61737369676E6D656E74223A7B2261737369676E6D656E74223A7B2261737369676E6565223A226B656269227D7D2C22666F726D6B6579646566696E6974696F6E223A22222C2264756564617465646566696E6974696F6E223A22222C227072696F72697479646566696E6974696F6E223A22222C22666F726D70726F70657274696573223A22222C227461736B6C697374656E657273223A22227D2C227374656E63696C223A7B226964223A22557365725461736B227D2C226368696C64536861706573223A5B5D2C226F7574676F696E67223A5B7B227265736F757263654964223A227369642D45424541444343342D414633342D344337362D423137442D343433464135324631323642227D5D2C22626F756E6473223A7B226C6F7765725269676874223A7B2278223A3433302C2279223A3135307D2C2275707065724C656674223A7B2278223A3333302C2279223A37307D7D2C22646F636B657273223A5B5D7D2C7B227265736F757263654964223A227369642D39353641373841392D363032312D343434442D393335302D323932304346383931353639222C2270726F70657274696573223A7B226F766572726964656964223A22222C226E616D65223A22222C22646F63756D656E746174696F6E223A22222C22636F6E646974696F6E73657175656E6365666C6F77223A22222C22657865637574696F6E6C697374656E657273223A22222C2264656661756C74666C6F77223A2266616C7365227D2C227374656E63696C223A7B226964223A2253657175656E6365466C6F77227D2C226368696C64536861706573223A5B5D2C226F7574676F696E67223A5B7B227265736F757263654964223A227369642D31304441413543322D344234452D344133372D383835452D383242423633463830394634227D5D2C22626F756E6473223A7B226C6F7765725269676874223A7B2278223A3332392E343537383132352C2279223A3131307D2C2275707065724C656674223A7B2278223A3236372E393432313837352C2279223A3131307D7D2C22646F636B657273223A5B7B2278223A35302C2279223A34307D2C7B2278223A35302C2279223A34307D5D2C22746172676574223A7B227265736F757263654964223A227369642D31304441413543322D344234452D344133372D383835452D383242423633463830394634227D7D2C7B227265736F757263654964223A227369642D30374138314243362D343544322D343442462D414642312D304435393732363136343233222C2270726F70657274696573223A7B2261737369676E65726E756C6C223A22222C226F766572726964656964223A22222C226E616D65223A22E88081E680BBE5AEA1E689B9222C22646F63756D656E746174696F6E223A22222C226173796E6368726F6E6F7573646566696E6974696F6E223A2266616C7365222C226578636C7573697665646566696E6974696F6E223A2266616C7365222C22657865637574696F6E6C697374656E657273223A22222C226D756C7469696E7374616E63655F74797065223A224E6F6E65222C226D756C7469696E7374616E63655F63617264696E616C697479223A22222C226D756C7469696E7374616E63655F636F6C6C656374696F6E223A22222C226D756C7469696E7374616E63655F7661726961626C65223A22222C226D756C7469696E7374616E63655F636F6E646974696F6E223A22222C226973666F72636F6D70656E736174696F6E223A2266616C7365222C22757365727461736B61737369676E6D656E74223A7B2261737369676E6D656E74223A7B2261737369676E6565223A226A6F7264616E227D7D2C22666F726D6B6579646566696E6974696F6E223A22222C2264756564617465646566696E6974696F6E223A22222C227072696F72697479646566696E6974696F6E223A22222C22666F726D70726F70657274696573223A22222C227461736B6C697374656E657273223A22227D2C227374656E63696C223A7B226964223A22557365725461736B227D2C226368696C64536861706573223A5B5D2C226F7574676F696E67223A5B7B227265736F757263654964223A227369642D32453434323335432D464137452D344542312D393544392D343033413934413342363337227D5D2C22626F756E6473223A7B226C6F7765725269676874223A7B2278223A3539352C2279223A3135307D2C2275707065724C656674223A7B2278223A3439352C2279223A37307D7D2C22646F636B657273223A5B5D7D2C7B227265736F757263654964223A227369642D45424541444343342D414633342D344337362D423137442D343433464135324631323642222C2270726F70657274696573223A7B226F766572726964656964223A22222C226E616D65223A22222C22646F63756D656E746174696F6E223A22222C22636F6E646974696F6E73657175656E6365666C6F77223A22222C22657865637574696F6E6C697374656E657273223A22222C2264656661756C74666C6F77223A2266616C7365227D2C227374656E63696C223A7B226964223A2253657175656E6365466C6F77227D2C226368696C64536861706573223A5B5D2C226F7574676F696E67223A5B7B227265736F757263654964223A227369642D30374138314243362D343544322D343442462D414642312D304435393732363136343233227D5D2C22626F756E6473223A7B226C6F7765725269676874223A7B2278223A3439342E33373130393337352C2279223A3131307D2C2275707065724C656674223A7B2278223A3433302E36323839303632352C2279223A3131307D7D2C22646F636B657273223A5B7B2278223A35302C2279223A34307D2C7B2278223A35302C2279223A34307D5D2C22746172676574223A7B227265736F757263654964223A227369642D30374138314243362D343544322D343442462D414642312D304435393732363136343233227D7D2C7B227265736F757263654964223A227369642D34344137323842412D383043462D343845362D394537302D364341434238444637323643222C2270726F70657274696573223A7B2261737369676E65726E756C6C223A22222C226F766572726964656964223A22222C226E616D65223A22E680BBE8A381E5AEA1E689B9222C22646F63756D656E746174696F6E223A22222C226173796E6368726F6E6F7573646566696E6974696F6E223A2266616C7365222C226578636C7573697665646566696E6974696F6E223A2266616C7365222C22657865637574696F6E6C697374656E657273223A22222C226D756C7469696E7374616E63655F74797065223A224E6F6E65222C226D756C7469696E7374616E63655F63617264696E616C697479223A22222C226D756C7469696E7374616E63655F636F6C6C656374696F6E223A22222C226D756C7469696E7374616E63655F7661726961626C65223A22222C226D756C7469696E7374616E63655F636F6E646974696F6E223A22222C226973666F72636F6D70656E736174696F6E223A2266616C7365222C22757365727461736B61737369676E6D656E74223A7B2261737369676E6D656E74223A7B2261737369676E6565223A226164616D227D7D2C22666F726D6B6579646566696E6974696F6E223A22222C2264756564617465646566696E6974696F6E223A22222C227072696F72697479646566696E6974696F6E223A22222C22666F726D70726F70657274696573223A22222C227461736B6C697374656E657273223A22227D2C227374656E63696C223A7B226964223A22557365725461736B227D2C226368696C64536861706573223A5B5D2C226F7574676F696E67223A5B7B227265736F757263654964223A227369642D42384338383739302D464133332D344545352D423839362D334637384530433341383335227D5D2C22626F756E6473223A7B226C6F7765725269676874223A7B2278223A3736352C2279223A3135307D2C2275707065724C656674223A7B2278223A3636352C2279223A37307D7D2C22646F636B657273223A5B5D7D2C7B227265736F757263654964223A227369642D32453434323335432D464137452D344542312D393544392D343033413934413342363337222C2270726F70657274696573223A7B226F766572726964656964223A22222C226E616D65223A22222C22646F63756D656E746174696F6E223A22222C22636F6E646974696F6E73657175656E6365666C6F77223A22222C22657865637574696F6E6C697374656E657273223A22222C2264656661756C74666C6F77223A2266616C7365227D2C227374656E63696C223A7B226964223A2253657175656E6365466C6F77227D2C226368696C64536861706573223A5B5D2C226F7574676F696E67223A5B7B227265736F757263654964223A227369642D34344137323842412D383043462D343845362D394537302D364341434238444637323643227D5D2C22626F756E6473223A7B226C6F7765725269676874223A7B2278223A3636342E3835393337352C2279223A3131307D2C2275707065724C656674223A7B2278223A3539352E3134303632352C2279223A3131307D7D2C22646F636B657273223A5B7B2278223A35302C2279223A34307D2C7B2278223A35302C2279223A34307D5D2C22746172676574223A7B227265736F757263654964223A227369642D34344137323842412D383043462D343845362D394537302D364341434238444637323643227D7D2C7B227265736F757263654964223A227369642D41334544383446352D323241362D343038422D423645392D373242324244413431423845222C2270726F70657274696573223A7B226F766572726964656964223A22222C226E616D65223A22222C22646F63756D656E746174696F6E223A22222C22657865637574696F6E6C697374656E657273223A22227D2C227374656E63696C223A7B226964223A22456E644E6F6E654576656E74227D2C226368696C64536861706573223A5B5D2C226F7574676F696E67223A5B5D2C22626F756E6473223A7B226C6F7765725269676874223A7B2278223A3833382C2279223A3132347D2C2275707065724C656674223A7B2278223A3831302C2279223A39367D7D2C22646F636B657273223A5B5D7D2C7B227265736F757263654964223A227369642D42384338383739302D464133332D344545352D423839362D334637384530433341383335222C2270726F70657274696573223A7B226F766572726964656964223A22222C226E616D65223A22222C22646F63756D656E746174696F6E223A22222C22636F6E646974696F6E73657175656E6365666C6F77223A22222C22657865637574696F6E6C697374656E657273223A22222C2264656661756C74666C6F77223A2266616C7365227D2C227374656E63696C223A7B226964223A2253657175656E6365466C6F77227D2C226368696C64536861706573223A5B5D2C226F7574676F696E67223A5B7B227265736F757263654964223A227369642D41334544383446352D323241362D343038422D423645392D373242324244413431423845227D5D2C22626F756E6473223A7B226C6F7765725269676874223A7B2278223A3830392E3337352C2279223A3131307D2C2275707065724C656674223A7B2278223A3736352E3339303632352C2279223A3131307D7D2C22646F636B657273223A5B7B2278223A35302C2279223A34307D2C7B2278223A31342C2279223A31347D5D2C22746172676574223A7B227265736F757263654964223A227369642D41334544383446352D323241362D343038422D423645392D373242324244413431423845227D7D5D2C22626F756E6473223A7B226C6F7765725269676874223A7B2278223A313230302C2279223A313035307D2C2275707065724C656674223A7B2278223A302C2279223A307D7D2C227374656E63696C736574223A7B2275726C223A227374656E63696C736574732F62706D6E322E302F62706D6E322E302E6A736F6E222C226E616D657370616365223A22687474703A2F2F62336D6E2E6F72672F7374656E63696C7365742F62706D6E322E3023227D2C227373657874656E73696F6E73223A5B5D7D, null);
INSERT INTO `act_ge_bytearray` VALUES ('87501', '1', 'source-extra', null, 0x89504E470D0A1A0A0000000D4948445200000378000000C80806000000BA4C43A6000000206348524D00007A26000080840000FA00000080E8000075300000EA6000003A98000017709CBA513C0000000467414D410000B18E7CFB5193000000017352474200AECE1CE900000006624B474400FF00FF00FFA0BDA793000000097048597300000EC400000EC401952B0E1B000020004944415478DAEDDD097854D5FDC6F133492089ECC8AA948242156D0B458B9452B4CAE286BB25C8526DFF8A6BC552ABB4CAD2455B97BA572CE202411014447001AC42A11651142415D9C31642124808094CB699FF79AFDCE9302490906496E4FB799E79662699994CEEBC73EFF99D7BEEB9C600000000000000000000000000000000000000000000000000000000000000000000000000000000000000000000000000000000000000000000000000000000000000000000000000000000000000000000000000000000000000000000000000000000000000000000000000000000000000000000000000000000000000000000000000000000000000000000000000000000000000000000000000000000000000000000000000000000000000000000000000000000000000000000000000000000000000000000000000000000000000000000000000000000000000000000000000000000000000000000000000000000000000000000000000000000000000000000000000000000000000000000000000000000000000000000000000000000000000000000000000000000000000000000000000000000000000000000000000000000000000000000000000000000000000000000000000000000000000000000000000A8DF3C2C02C49AF5EBD78F3878F0E02D5EAFF7FBF6BAA9CFE763A1547745E0F198E4E4E4FCA4A4A42FEDEDA77AF6ECF9064BE5D8FC7E7FD2D6AD5BEF2C2828186E7378466161611259AC912CFA131313F7366CD870654949C9637DFBF6FD88A54226C92439053905051EEAA0356BD65C74E8D0A154BBE26A679966CD9A99264D9A98B8B838164E3569E36A37B6263F3FDFECD9B3C76FEFA7DBE59AD2A74F9F952C9DA3D9C6C9AD3939398F7BBDDE93C862ED65313333B3B8ACAC6C9DFDDE0F1F3468501A4B874C9249720A720A0A3CD411FFFDEF7FC76467673FDAB16347CF29A79CE2EC7142EDC9C8C830DBB66D2B3BE9A4936EEBD5ABD76496C8FF6CDFBEFDAD2D5BB65C69B368C86278B2989E9E7EC8EFF70FBDF0C20BE7B144C8249924A720A738B678160162A1B8CBCDCD7DA45BB76E71AD5BB766A31006EA516DD9B2659CDD405C72CB2DB7EC983265CA6A96CA370D147BB9D266D190C5B066B1415656D665C3870F5F3B75EAD40D2C15324926C929C82928F010A3962D5BD6BDA0A060B6DD28C4376DDAF4A8DFFBCA8A4DCED68F4CE657734CD68677CDFEDDAB8DDF5762929B7D8B0D4835356CD8D0B468D1226ED7AE5D17DF70C30DF3525353B3EAF3F2D0D0A2F4F4F4316AA09497C5A2823D3687734DE6BA794E260FE66E35898DDA9884C4A684A906B2681B2A89999999970E1B36EC9DFA9E45324926C929C8298E8541CF88EE80C6C5BDD9B163C7728B3BD9B966BAD9BB758929F1E639F74B0EED33D99B163917545FA3468D4CA74E9D92121313A7D5E7E5A0490174DC88861655D440D9F1F94BA62067BDD3E9E0F7959A83FB369BEDABA6186FFE2E82547359F4C5C7C73FCDD2209364929C829C82020F31E8C30F3F3CC7E7F375D658FDF26823A04B7972B77F6C4A8B0B59883540CBDF6E18BA2C5EBCB8777D5D069AF14D93025494C57DDB96959BB76FF6302F214435A443870E2D131212BAD6E72C924932494E414E418187989594947477BB76EDE22A1A6A79E818BD7B7EBFCF141FCC6121D690F6EDDB27C5C5C50DA9AFFFBFA6F3D68C6F279245F550A3E6B469D326D35E5D5BDF9703992493E414E41414788839656565E76B0AE50A8B385FE9B15FC0CF79756A8AFD1C126C8177497DFDFF75AEA66366B1AC841C8649AB56AD4EB55717D4F7E54026C92439053945451258048856454545A76A1628445EE3C68D4D696969D7FAFAFFEB44BC64313AD8CFA1BDBD6A5DDF9703992493E414E41415610F1EA296DFEF8FE7E4A751B2A2F8E673A8B71F864E204B16A32A8BF5BE73924C9249720A720A0A3CD4390D929A1F3BDCF10D5948084F16935B54F8BB84447AAF412601720A50E001C7D5A8D519CEF9EECAD3A4CDD926D1198D00D4BE961DFB9884868D8EFA797C8364D3F2DB7D5940209300390528F080E3D146A1759781E5FEAECD772E311E0FF14678346EDDCDE97028EFE7EA6C00C824404E010A3CA012CA4A0E96FBF3D2A2032C1C84398B87C821C824404E010A3CE044E83C77D99B3F30BBFFFB66B9BFDFF1F9CB666FFABF5850A875C585D966FBAA29A6207BDD51BF2BDCBBD16CFF6CB2F318804C02E414A0C003CAA1939FEEB01B85BD5B97185F5971B98FD1CFB3372D323B574F33A545F92C34D48AFD199FDB06CA8BE660EED60A1F73306F9B495FF9BCC9DDFEB1D3310190499053720AD426A64B45CCD089CDB5576EDFB6E5151676A10A72D69BAD2B9E31AD4FEF6F9A77388F85881AA15EE53D1BDE757A992B4379D5E30F64AF336DBE73A94962022090499053720AD412F6E02166ECD9F09EC9D9F261A58B3B97C6F7677E3DDFE4677EC942448D50AF72651B28C1D45BBDEDD3175880209320A7E414A0C003FCBE926A3EBF9485881A51D54E06720832099053205C18A28998D1FEAC6B9C0B106967F6FF130B01641220A74054620F1E0000000050E0010000000028F0000000000014780000000080F231C94A945ABA74E9A55F7FFDF5A89C9C9C1F65666636CFCFCF4F282A2AF2242424F89B356B56D6BA75EB9C962D5BAEECDCB9F3A383070F5ECE12030000407D336CD8B00EA5A5A557793C9EF3EDDD1EF6D2CE5E1ADB8BD75E32FD7EFF6AFBBB7FC7C7C7CF9C3E7DFA4E0A3C84DDB3CF3EFB405656D66FE7CE9DDBA45BB76EE6A28B2E32DFFAD6B78C2DE64C525292F17ABD9E03070E24ECD8B1A35D5A5ADA15FFFCE73FAF183B766C6E6262E22313264CF80B4B1000000075DDD0A143AFB25777F87CBE7EB6806B58CE4392ECA593FD5D277B7D555959D9A32929294BECFD293366CC48A5C043AD7BF9E5977B6FD9B265C1B66DDB4EB6E133DDBB7737F1F1F14727D51679BAB46EDDDAF4ECD9D38C1C39D2AC59B3A6C5AC59B31EBEE79E7B7E959C9C7CF1430F3DC419BD01000050E7D876B28AB6497EBF7FD0093CFD02FBBC0BEC6B8CB205DF4DB367CFDE4481875AF1DC73CF3DB662C58A7B2EBFFCF2B84B2EB9A4DCC2EE58540CEAB270E1C2F673E6CCF97CC284090FB0370F00000075C990214352E2E2E2FEEEF3F95AB83F53BBF9BBDFFDAE39EFBCF34C972E5D4CF3E6CD4D93264DCCC183074D5E5E9E494F4F372B57AE349F7FFEB9292929719FD6D73EEF8BA14387DE5617F7E651E045D86BAFBDF6C4C71F7F7CF79831633C5DBB76ADD66B0D1A34C89C79E699F18F3DF6D89F274E9CD878FCF8F10FB08401000050078ABBCB6D71976A8BBB78B7B0D38E918103073A23DB429D74D249CEE594534E317DFAF4718ABD77DE79C7BCF7DE7BA6ACAC4C0F69ECF7FBA7D9222FC916792FD6A565C52C9A11F4F8E38FFF41C5DDB871E3AA5DDCB9BEFDED6F1BFB7A71595959F78F1E3DFA0E963200000062BCB8D39EBBB76C41E614772ADA1E7EF8614DB0526E71571EEDD9D3E3F53CCD6FE1B2AF39D91679C329F0506D13264C386BFDFAF5BFFBD5AF7EE5A96C302B4BAF77EFBDF7C61714143C7EF3CD379FCDD2060000402CD23177F1F1F17F778BBB33CE3843EDE8238AB4AAD0F3F4FCEF7DEF7BC145DEF3B6C83B93020FD5525858F8FEE0C183E36B6ACF5D28EDC9BBEEBAEB12131212E6B0B40100001093C54A5CDC8BEE3177DA733766CC18E718BBEAD0D0CDD1A3470717891AAE3999020F27ECC1071FBCC586A8838E99AB4D7AFD468D1A751A3972E4CF59EA00000088253A15822DEE2ED26D1D73A7A2ACBAC55D709177D75D77054F6ED8B7AE0CD564929508282E2E1E6703E469D0A041ADFF2D5BDC359C346992265B7935DCFF674A4ACA031E8F276DF7EEDD0B962C5952CA278F48218B20930039454C6628309F84265439D1619915D1EB5D7EF9E566DEBC79CE7DBFDF3FCA5EC5FCAC9AECC10BB3D1A347772A2C2C6CAFD31A84C3E1F1C5A768FC7204FEDD3FDA2FCADCB66DDBEE1F3264C80C5BD45E7CFDF5D7378E95CFEAE38F3F368B162D3AE2673E9FEF88FB191919E6DD77DF35999999CE7D5D7BBDDEC0EFB76FDF5EE1EBAF58B1C2BCF5D65B15FE5EAF55505070D4CFEFBBEF3EBE48753C8BFAEC3FFBECB3A37E5E5A5A6AB2B3B3ABFC7AC5C5C515FEEED5575F755EF7585E7CF145B36EDD3AE7F69A356B2A956F542E93EDDAB5CBB3994C8DA5F5E35FFEF217939B9B7BDCC76DDDBAD564656505EECF9831C36CDEBCF9B8CF239351B9EECCB7397D2B16725AD5DC695BAFEDB16BECD8B195FA3BE4B4F6D775C3860DEB60AF7EAADBEE8C99B5E1E28B2F36413B5DFA46A8CD4C8117CB1A376E7C7B8F1E3DE2AA7AAEBBEAE8DDBB7783860D1BA644EA7FF6783C27D94B8AFD82BF67FFEF5DF68B335D5FF01B6FBC31299A3E1B156AEFBFFF7EE0A2E24E2B7EF7FEA44993745CE3118DE5850B171ABB6CCD4D37DDE43CE6D1471F751AE66FBEF9A673FFCE3BEFACF0EF69BADEA0F3B11CA555AB56E6EAABAF766E2F5FBE3CF03E56AD5AE55C2F58B0A0D21B22C45616535353CDB66DDB9C0E8569D3A605B23972E4483377EEDCC0E3F6EEDD6B3EFCF043E7A23CA8C171F7DD773B8F7DE69967CCDB6FBF6DA64F9F6EFEF6B7BF059EB373E7CE23FE5652529293F360A18F59BB766DA0D7F49E7BEE097C07F47E423B3D50658D6C26870565726A34663298CE25D5A2450B27073ACFD48F7EF4A3233AB65C9D3B777666AC733BAA94D3D34F3FFDA8C791C998587726DBCB9587739A69733A3B5A735AD9DCB9B4AE558EB53E151583EABCFDE0830FC86984D775B680BECA9D58453B465AB66C592B6F4CB36BF6ECD933F847D7C5FAC266886698D92FF7209D8C319CCE3EFBEC06CB962DBBD4DE8C86939F37B5971BEC17F606DB20F06A2361BFF073A261F8C7A5975EEAAC9CB76CD9A2037A9D95F7E1A2DC395F4AB76EDDCCADB7DE7AC47374E24C1577EA21540F90FD3F8C2DE09DE788BBCBDFF5F39FFF5CE3C99DDB2A040F1D3A14184BFEC4134F388DF9366DDA7CF3E54C48D0B4C0CEED73CF3D37F07ED460D7DF52D1F7C73FFE912F551DCBA21A00CAD16F7EF31BA781A1BC280BEAF155D17FCB2DB7041E7BF2C927EBDC974E7177EDB5D73A59524FB4F2A1C6CA8F7FFC63E7712AF85C3367CE34679D75969371D1DE423DCF7DCCD2A54B9DD7D5DF57EFB41AEEBA56A347AF79EAA9A73A9D1AA2868BFB3AA8B14C8EB0991CA14CDACF7E96BD3F371AD68FCA871AA4FABCB57744F7D7AF5FEF743EE8981877FD14DCF9A022D036DE9CDF295713274E741ACE4D9B360DAC23C9646C36D4D500B639BDCE7E16C576DDF9B65D774E8F869C562577DAA3565858E874B62A33F6BD3BEBCCC4C44467228F071F7CD05C70C105CEFA979C46665D677375BE7BBB57AF5EB5FA86F4FA9F7CF2897B577FF7310A3C545A6E6E6E07CD70194E5A91D8EF4FB7285C1C49EE17BC6DDBB607EC4662B1FD324FB62BD725AFBCF28A37126FC81D16D7BF7F7FB36BD72EE7B60AB67FFDEB5F4EF177FEF981758D33546ED3A64DCE6D6D24D400D7CFD46BF8E5975F9A0E1D3A1CD543A7FB6A7CBB0E1C3810B8AFC2CD2DEE5C7699046E6BAF60A3468D9CC6BFBB41C9C9C931EDDAB5E38B5587B268FF9E79E081079C2170FFF8C73FCC0F7EF003A7C1A1C6863A21D460701B1CA286888696E8316A3CA840543E9441B731119A41BD8E4BB9D63AC29D2E5AD34FAB075CD440D9B3678FF31C359AF4F3975F7ED9796FC1C7105F73CD3566CA9429CE63507399B4791C69AF47DAEF78BECDE4229BC929915A3F06AFB75E7AE925E7BE1ACBEA10534754682ED578D60985070C18E074542843CAE4471F7DE4F494BB9D576432E635748B3D9BD342DB505F6AEF3F13A99C562577EEA132DAD6AB30BBF0C20BBFF9E21DEEAC507E341242937090D3C8ACEBEC72ECE13EE8B4D34EABD537D1A953A7E0BB3D627DA152E085990D6B13ED0A0E27F530D98D6F73FBA59910ADCBC57E99B51BEB1AFB25BF462B46FB5E379FC8B14635E1ABAFBE7256F0EEB8F966CD9A391B88EF7FFFFB473C6ED6AC5981E24A8557C78E1DCDEDB7DFEE347ADC9FAB511ECCEDF9768BC9E03D78EE717CA21E3FF58E8F1F3FDECC9F3FDF2C5EBC387022CFE0E337FFFAD7BF3AC580364EB54985A48665457386EA4216B5F74DF9D0C67ED9B265E6D9679F35454545E6B9E79E334F3EF9A4D358B8E38E3B9C86881A2ABAAF86B586FAAAF0D7B1272AEADC3D786E8325780FDE6F7FFB5BF3D0430F0586A328E7DA33A8464E7A7ABAC9CFCF771E23CAB22E7A4D0D8DD163D440D17B733BAAF45ABFFBDDEFC2D640A94F590CD2D4FC6F8F495833A91C69A86FFBF6ED033FD39E080D07D688835FFFFAD74EBEB49EFAC31FFE105817A9D8D36895E0C2D07DBDD073BF92C93AA391CDA82AA04B0FE7343DDCDBF1CAE64EEFEBD34F3F75B6C15AEF5E76D965CE504EF777EEEDB3CF3EDBD96EABF3959C867F5DA7BADAFD456DB79D435EBF15051EAAC436C41A840E65A9F5AE11FBF7EC97459FF5F8185A54A76BF8A3869D857B59698F5D28F5D2A9372E78E3A0DE3AAD2C457BF054906925AE3D785AA9ABF1ADC24C432F5DDA481C6B0F5EE09F3FFD74E7A2A19F2A16478C18E11C03A81E26F54C8A8ACE71E3C68565E3A08DD2175F7C61622C433197C5DEBD7B3BC380D4B8B8E1861B9C9C69A3ACCFD9F5C20B2F987BEFBDD729F034C447C78AAA43407B8CB5813ADE1E3CB703410D0B5161A83DD66A8C68D8AF8E4709ED94D0E35F7BED35337CF870276F575C7145E0B97A3F9A6A3A5CEA7916C39E49156C1A861E4C0DD4471E79C4CC9933C719F626A10D6ABBCDA9F035CB3BF6884CD6499DC2BD1DAF6CEE34E241DB7B5DDC09595480E9583C776F9E8E9FDBB061C311236BC869D805C6B1D6D4A9112A12F25924C5FA978F022FDC0B3C21A1D8EBF5360C6791A75E108FC75362577C0F85F9DFADCC4AC467DF97CFBEBF23B268EF6F39F7DC734F0BF7E713DC48710F86D6CFD4E0D60AF9F5D75F771AD6EA25D48A5D0598680F9E0A3E5DF4586D1C745CD44F7FFAD31A7B6F1A1BFE8B5FFC22705FEF255C3D7F3FF9C94F9C8D97DD384C8CD1AF5ECC6471F5EAD54E61E64E62A16CE93827DDD67A43438DDCC97744D33BAB10ECD7AF9FD3D0D0F124C17BF0B4510C9E514EB4D7CFDDAB979696E6FC2DBDB66E07EFA951A3458D10FD5E05676863448F0D6703A58E64B12A992CB399F447CBFA5194031D87A46165CA988E2BD6243EA1A308EC7B7472A99C694F878E61167558848E862093319F5367FD694226EE8B444E2B9B3B754C684F9F26BCD37AB36FDFBECEA89AB66DDB3A7BF4540C2AD77FFEF39FC96964D775DA2E3BB95287786D16792AEE839BCE1478A812BB22C8B70DB056E13C6E4A5F0ABB12CB4D4D4D9D10CEFF35252565FC31360465F6A281E871F60B1C67BFC079F6FA031DA89D9898F8BEC6EEDB62C61FAEF7AAE3E7DC86B5CBDD3BA79FE977EADDD301D8DA78840E31D2DE3DADF4D55BA7BD6D1AFBFFDE7BEF39E3F783051F3F173A4433B4111E58587643A39E447D8EEA0D7555669AF29AA261281A9672DF7DF74D88C5EF5DAC64519FB586F8A8F3E0FAEBAF0F1CDB21CA9586C485EE29097EAE32A5E7AA1874876EEED8B1C369886B0F5F504753E075827BA17509EE8556A34717CDCC792CE57D27C8E28965D2E64F130CA8A3412BA378355823BD7E1435969F7FFE7927571A16AECE2D3584958DF2868877E9D2C5B9560377FFFEFD4E0358934FFCF0873F341B376E3CBA314226636DDDA95C96D94CBA5382C745434EAB923BED99BBF9E69BCDC081039DEDB2B6B12A0235B1CAEF7FFF7B67D20D1DE34C4E23B7AEF37ABD6BF5B1EAF1EABCACCD024FAF1F2487020F55620BAD3576257051380B3CFBF7BCB6F1F75984FF7535A2754E80A4C3BD7CBA680E63553BAF2727277F60370679917A733A7E4E1715665AD96AE3E04E77ACDE6A6D2874DC893BBC22947AFD821BDE2AEEFAF4E973D42C5953A74E3D6283113C44531B99501AFAA971FAF7DF7FBFD3B00A3E2FDEF1CEBF83D8CBA2F2A23DC0BAD6E7AB59D98227F609E50EC7546FB19EA3193755E4A92752438B9463353C428F5D50AF7679BDD03A864F7BA18F479D113AE6C4A5635982271F4095151FCE6572500F76546452EB1CE54B7B1B9E7EFA696788B8267CD2DE007746600D130E5E7F29C3CAAF1AC0BAD6A8073DC72D14D5E9A03D8093274F2693B19955A727F470711735DBF1AAE64E8745A8A053D170CE39E738C598B6C7E79D779E73BE594D20A475EC7FFEF39FC07A989C86775D678BC3D56E81A7CFA3A64F721E2CF873B15653E0A14A6C83FEED356BD6F4B52B90C470FD4DDBE0DB630BBC8F225DDB1EBEE88BFC86BDBC63578A0B22355B6645D41BE74E05AE15B766BB52E1E71E5317AABC9F69162F0DABD3F971AEBCF2CA23A6650EED0D0C6DDC87D2717D9A5C43BD86EA250F2E2267CF9ECD17AA8E65513DCC3A89B43A80746EB18AF6D6698FAEF6EEA98340859C1A2C6E7ED4B120DAABAC3DCECA8D1E1F4C3DDAAEE05EE850DA4BAC4E06F71C67CABBF666ABD174DB6DB7397F5FD419A23DDE21E71142E5350C6AE8445526958BE01C6ABD187A4C951A5EEA545011A8CC68EF873A27348CDCED88729FA3ECE8B8E47DFBF691C9D8CD6AD4E5B4AAB9D39E338D92D0E4401A02AF4CE9F9FFFEF7BF9DDCE804E5A3468D7286BE071760E434BCEB3ABFDFBFD41682CE39E93482E9581D9ED5153C42CA5A4A81872AD179B66CC1F5A75FFEF29789E13AD9F9A79F7E9A7CF88B1411DAE56EAF96D806E8AB87A74ECE8BE6CF483DD65A09EBDC399A6E592ADAE3EA6E44D4B87667E55231A8D9E4D463A8B1F73AF979793D7B5AE11FEF44A77ABDD071FAEA017CEAA9A74CA466198D65D19EC5AE5DBB3AC3DFDCA9B6357BA18A7BE54B0D15B7E7580D07ED35D61023B7C1A161986AA8B8C37DD42BADFC88F6406B3658755684D2304E4D0E545E46DDD93C5578BA8D18CDDCEA3678745E484DFDAD090B6AB367954C46174DBA12DC21A58E280D01D6F1A0CA8CF6788886A8693296B973E706D6791A11219A0DB62264929C56555573E7AE27751E513D57C332B5FED4F676C2840981C7E884E49AF04C136091D3F067C86EFFDE2A2B2BD34C7509EA3C57815E1B273BD7F0CC55AB566938B1E7F08FDE88F5E5ED61B5157E37DE78E3F23BEFBCB3F739E79C53EB15DE175F7CB1C716189B67CC98F1E370FF9F2929290FD88236DD7E91DF38911EBEC58B17FBD57B1629EE9EBC6351A35A7B48DC622DF83C50C7A3A11F15CD725851315995D7AF693A17E080010362729D11EB59AC4D55CD613488E52C924932494E634B456D01721A9E0C0D1D3A74B12D0EFBEBB63A91860D1B56E3EF51B357CF9B37CFBDBBDCDEFF49AC7F77D98317014545458FBDF4D24B2FF6E8D1E3E4DADE8B3769D2244D0BF47C24FE4FFB05F9532C7F4EC72BEEC49D5C408FADCCE3835575C310C9E22ED6C57A166B53AC3550C8249904398D86B600390D5B869EB317A7C0D3FC06EA30A8C9BD9E3A3673FEFCF981BD77B6187DA14EE496E885DF8C1933DEDABF7FFF576FBFFD76AD4E83386BD6ACB4FCFCFC8CDDBB77CF64A903000020D6DACCF66A896E97959539F312B8C73056978E1D7EEAA9A7CA7C3E9FBB5773795D693353E045880DE9C8B973E7FA376EDC58561BAFBF75EBD6BDF3E6CD6BE3F178FE6FC992254CB708000080587493397CEA828C8C0CF3F8E38F57BBC85371678B45FFAE5DBBDCA17405B6CD7C735D693353E045C8CC9933D38B8B8BEF78F8E18773B3B3B36BB4C8CBCACACA1F3F7E7CB1DFEF1F3363C68CAF59DA00000088D536B36DD3DE656F3AC5972676D264381A5E7922F4BC71E3C695AD5DBB36703CA22DEE6EAB4B6D660ABC087AFDF5D7671E3A74E85E6BAF0D6B414DBCE6E6CD9B778C1933A6C0168F4FDBA0A6B29401000010EB6D667B75B35BE4694FDED8B1639DF319869CA4BC427A9C2654B9FFFEFB83F7DC6986CFB175ADCDCCAC0D116683F6CA902143BC13274E7C6EF0E0C11B7FF6B39F753DD18957A64D9BB6FCFDF7DFFF8ECFE7BBCF7E115E61E9020000A02EB599EDCDE73D1E4F731D93B760C10267F295EEDDBB9B5EBD7A99D34E3BCD346FDEDC3955908661AAA8D349CC57AD5AA58BAFA8A8483BB7DC3D77DAB972575D6C3353E04549AF444A4ACA8AF9F3E74F5EBC7871039D1FC586B453659FFFC9279FAC79E18517E20E1D3AA45DCCE7DB2F00C3320100005027DBCCB6BD3BD93D7D820A3D9D305E97E3081EB9B85CC7DCD5D5439928F0A2A75722DD5E0DB0A1BDEEC9279F1C95909090D8B56BD79DFDFAF54BEED2A54B8B93AD24CBEBF5EECFCBCB3BB069D3A65DCB962DF3AE5BB7AE734949898E349D92999999CA842A000000A80F6D665BA48DB285DE0555A86996D7873633055EF485F60D7BF5C6B061C33AD8E2EDBAAFBEFA4A27283F37E82189F6A2822EDB5E96EAB187830E000000D4BB36B3CFE7BBCE167A6E9BB99DBD24D98B86736AF6CDD5F5ADCD4C8117A5A64F9FBED35E3D79F8020000008036F371318B260000000050E0010000000028F00000000000147800000000000A3C00000000A0C0030000000050E0010000000028F0000000000014780000000040810700000000A0C0030000000050E0010000000028F000000000001478000000004081078485C7E329F5F97C2C882870F87328ABB72BCAB8383F598C9A2C6EB357A5F57EE34D26C92439053905051E624D4242C2BA03070EB020A240414141B12DB8D7D4D7FF3F2929298B2C4687DCDCDC347BB5BABE2F07324926C929C82928F010734A4B4BE7E7E5E579591291B777EFDE6D7EBFFFC3FAFAFF3768D060F9FEFDFB094214C8CCCCCCB7574BEAFB72209364929C829C82020F31C7E7F3CDCEC8C8F0DAC282851161BB77EF6E68AFDEACAFFFBFD7EB7DC42E8312B21871E9FBF6EDEB5E9FB34826C92439053905051E62D6C0810357979494ACDCB973671E4B23825B85F4F42F4B4B4B370E183060457D5D06FDFAF55B691B285F6664641088084A4B4B5B6C3F878CFA9C45324926C929C82928F010D37C3EDFDDB6C0F0E5E7E717B334C2AFA0A060CFF6EDDBDBDBCFE19EFABE2CBC5EEF709BC583368B042302F2F2F2E6EDDBB76F3059249364929C829CE2D8E259048866A9A9A93923478EFC3C3B3B7B50F3E6CD131213131BB054C256DC6D5FBD7AB566CE1C3570E0C0E564313567C488112BF7EEDD7B65B366CD926C160949181B286BD7AEFD9EC7E3B99D2C924932494E414E418187183775EAD42D76E3F0E59E3D7BAEF6F97C1B6CA1D7CEAEAC5830B5A774D3A64DFFDCB061C3A9F6F6ADFDFBF75FC022F95F16870F1FFE99CDE2553683854D9B364D268BB52A3D2D2D6D767A7AFA856AA09045324926C929C8298E8F6F1762C6C2850BCF8C8B8B7B223E3EBE7BCB962DD7B769D3E6E4162D5A74B53F4B62E9548F2D9C0BF6EFDFBFCE6E7CF7E5E4E474B6F7B76B38C790BBF3B10000016949444154A04183D2583A1566F1A98484841FB46EDD7A67AB56ADDA376BD6AC9DFD190BA7FA59DCA6E9BC35E39B2605D0712364914C9249720A720A0A3CD4618B162DEAE1F178AEB5372FB09773ED8502AFFA74F2539D1F6789BDBCC981D864912C92499049724A4E0100000000000000000000000000000000000000000000000000000000000000000000000000000000000000000000000000000000000000000000000000000000000000000000000000000000000000000000000000000000000000000000000000000000000000000000000000000000000000000000000000000000000000000000000000000000000000000000000000000000000000000000000000000000000000000000000000000000000000000000000000000000000000000000000000000000000000000000000000000000000000000000000000000000000000000000000000000000000000000000000000000000000000000000000020E2FE1F0265CAB7702196720000000049454E44AE426082, null);
INSERT INTO `act_ge_bytearray` VALUES ('87503', '1', 'CL.bpmn20.xml', '87502', 0x3C3F786D6C2076657273696F6E3D27312E302720656E636F64696E673D275554462D38273F3E0A3C646566696E6974696F6E7320786D6C6E733D22687474703A2F2F7777772E6F6D672E6F72672F737065632F42504D4E2F32303130303532342F4D4F44454C2220786D6C6E733A7873693D22687474703A2F2F7777772E77332E6F72672F323030312F584D4C536368656D612D696E7374616E63652220786D6C6E733A7873643D22687474703A2F2F7777772E77332E6F72672F323030312F584D4C536368656D612220786D6C6E733A61637469766974693D22687474703A2F2F61637469766974692E6F72672F62706D6E2220786D6C6E733A62706D6E64693D22687474703A2F2F7777772E6F6D672E6F72672F737065632F42504D4E2F32303130303532342F44492220786D6C6E733A6F6D6764633D22687474703A2F2F7777772E6F6D672E6F72672F737065632F44442F32303130303532342F44432220786D6C6E733A6F6D6764693D22687474703A2F2F7777772E6F6D672E6F72672F737065632F44442F32303130303532342F44492220747970654C616E67756167653D22687474703A2F2F7777772E77332E6F72672F323030312F584D4C536368656D61222065787072657373696F6E4C616E67756167653D22687474703A2F2F7777772E77332E6F72672F313939392F585061746822207461726765744E616D6573706163653D22687474703A2F2F7777772E61637469766974692E6F72672F70726F63657373646566223E0A20203C70726F636573732069643D22434C22206E616D653D22E4BA8BE58187E794B3E8AFB72220697345786563757461626C653D2274727565223E0A202020203C646F63756D656E746174696F6E3EE58F91E8B5B7E4BA8BE58187E794B3E8AFB73C2F646F63756D656E746174696F6E3E0A202020203C657874656E73696F6E456C656D656E74733E0A2020202020203C61637469766974693A61737369676E65726E756C6C3E3C215B43444154415B5D5D3E3C2F61637469766974693A61737369676E65726E756C6C3E0A202020203C2F657874656E73696F6E456C656D656E74733E0A202020203C73746172744576656E742069643D227369642D37333739313333312D303741452D343738442D383638422D453931413930464233343241222F3E0A202020203C757365725461736B2069643D227369642D30324341314546312D324539392D344446452D413141352D44333935384245364139413522206E616D653D22E4BA8BE58187E794B3E8AFB7222F3E0A202020203C73657175656E6365466C6F772069643D227369642D46343839383543372D413631352D344643342D383532452D3834373441434346364144312220736F757263655265663D227369642D37333739313333312D303741452D343738442D383638422D45393141393046423334324122207461726765745265663D227369642D30324341314546312D324539392D344446452D413141352D443339353842453641394135222F3E0A202020203C757365725461736B2069643D227369642D31304441413543322D344234452D344133372D383835452D38324242363346383039463422206E616D653D22E7BB8FE79086E5AEA1E689B9222061637469766974693A61737369676E65653D226B656269222F3E0A202020203C73657175656E6365466C6F772069643D227369642D39353641373841392D363032312D343434442D393335302D3239323043463839313536392220736F757263655265663D227369642D30324341314546312D324539392D344446452D413141352D44333935384245364139413522207461726765745265663D227369642D31304441413543322D344234452D344133372D383835452D383242423633463830394634222F3E0A202020203C757365725461736B2069643D227369642D30374138314243362D343544322D343442462D414642312D30443539373236313634323322206E616D653D22E88081E680BBE5AEA1E689B9222061637469766974693A61737369676E65653D226A6F7264616E222F3E0A202020203C73657175656E6365466C6F772069643D227369642D45424541444343342D414633342D344337362D423137442D3434334641353246313236422220736F757263655265663D227369642D31304441413543322D344234452D344133372D383835452D38324242363346383039463422207461726765745265663D227369642D30374138314243362D343544322D343442462D414642312D304435393732363136343233222F3E0A202020203C757365725461736B2069643D227369642D34344137323842412D383043462D343845362D394537302D36434143423844463732364322206E616D653D22E680BBE8A381E5AEA1E689B9222061637469766974693A61737369676E65653D226164616D222F3E0A202020203C73657175656E6365466C6F772069643D227369642D32453434323335432D464137452D344542312D393544392D3430334139344133423633372220736F757263655265663D227369642D30374138314243362D343544322D343442462D414642312D30443539373236313634323322207461726765745265663D227369642D34344137323842412D383043462D343845362D394537302D364341434238444637323643222F3E0A202020203C656E644576656E742069643D227369642D41334544383446352D323241362D343038422D423645392D373242324244413431423845222F3E0A202020203C73657175656E6365466C6F772069643D227369642D42384338383739302D464133332D344545352D423839362D3346373845304333413833352220736F757263655265663D227369642D34344137323842412D383043462D343845362D394537302D36434143423844463732364322207461726765745265663D227369642D41334544383446352D323241362D343038422D423645392D373242324244413431423845222F3E0A20203C2F70726F636573733E0A20203C62706D6E64693A42504D4E4469616772616D2069643D2242504D4E4469616772616D5F434C223E0A202020203C62706D6E64693A42504D4E506C616E652062706D6E456C656D656E743D22434C222069643D2242504D4E506C616E655F434C223E0A2020202020203C62706D6E64693A42504D4E53686170652062706D6E456C656D656E743D227369642D37333739313333312D303741452D343738442D383638422D453931413930464233343241222069643D2242504D4E53686170655F7369642D37333739313333312D303741452D343738442D383638422D453931413930464233343241223E0A20202020202020203C6F6D6764633A426F756E6473206865696768743D2233302E30222077696474683D2233302E302220783D2239322E33393939393939393939393939382220793D2239352E30222F3E0A2020202020203C2F62706D6E64693A42504D4E53686170653E0A2020202020203C62706D6E64693A42504D4E53686170652062706D6E456C656D656E743D227369642D30324341314546312D324539392D344446452D413141352D443339353842453641394135222069643D2242504D4E53686170655F7369642D30324341314546312D324539392D344446452D413141352D443339353842453641394135223E0A20202020202020203C6F6D6764633A426F756E6473206865696768743D2238302E30222077696474683D223130302E302220783D223136372E33393939393939393939393939382220793D2237302E30222F3E0A2020202020203C2F62706D6E64693A42504D4E53686170653E0A2020202020203C62706D6E64693A42504D4E53686170652062706D6E456C656D656E743D227369642D31304441413543322D344234452D344133372D383835452D383242423633463830394634222069643D2242504D4E53686170655F7369642D31304441413543322D344234452D344133372D383835452D383242423633463830394634223E0A20202020202020203C6F6D6764633A426F756E6473206865696768743D2238302E30222077696474683D223130302E302220783D223333302E302220793D2237302E30222F3E0A2020202020203C2F62706D6E64693A42504D4E53686170653E0A2020202020203C62706D6E64693A42504D4E53686170652062706D6E456C656D656E743D227369642D30374138314243362D343544322D343442462D414642312D304435393732363136343233222069643D2242504D4E53686170655F7369642D30374138314243362D343544322D343442462D414642312D304435393732363136343233223E0A20202020202020203C6F6D6764633A426F756E6473206865696768743D2238302E30222077696474683D223130302E302220783D223439352E302220793D2237302E30222F3E0A2020202020203C2F62706D6E64693A42504D4E53686170653E0A2020202020203C62706D6E64693A42504D4E53686170652062706D6E456C656D656E743D227369642D34344137323842412D383043462D343845362D394537302D364341434238444637323643222069643D2242504D4E53686170655F7369642D34344137323842412D383043462D343845362D394537302D364341434238444637323643223E0A20202020202020203C6F6D6764633A426F756E6473206865696768743D2238302E30222077696474683D223130302E302220783D223636352E302220793D2237302E30222F3E0A2020202020203C2F62706D6E64693A42504D4E53686170653E0A2020202020203C62706D6E64693A42504D4E53686170652062706D6E456C656D656E743D227369642D41334544383446352D323241362D343038422D423645392D373242324244413431423845222069643D2242504D4E53686170655F7369642D41334544383446352D323241362D343038422D423645392D373242324244413431423845223E0A20202020202020203C6F6D6764633A426F756E6473206865696768743D2232382E30222077696474683D2232382E302220783D223831302E302220793D2239362E30222F3E0A2020202020203C2F62706D6E64693A42504D4E53686170653E0A2020202020203C62706D6E64693A42504D4E456467652062706D6E456C656D656E743D227369642D32453434323335432D464137452D344542312D393544392D343033413934413342363337222069643D2242504D4E456467655F7369642D32453434323335432D464137452D344542312D393544392D343033413934413342363337223E0A20202020202020203C6F6D6764693A776179706F696E7420783D223539352E302220793D223131302E30222F3E0A20202020202020203C6F6D6764693A776179706F696E7420783D223636352E302220793D223131302E30222F3E0A2020202020203C2F62706D6E64693A42504D4E456467653E0A2020202020203C62706D6E64693A42504D4E456467652062706D6E456C656D656E743D227369642D42384338383739302D464133332D344545352D423839362D334637384530433341383335222069643D2242504D4E456467655F7369642D42384338383739302D464133332D344545352D423839362D334637384530433341383335223E0A20202020202020203C6F6D6764693A776179706F696E7420783D223736352E302220793D223131302E30222F3E0A20202020202020203C6F6D6764693A776179706F696E7420783D223831302E302220793D223131302E30222F3E0A2020202020203C2F62706D6E64693A42504D4E456467653E0A2020202020203C62706D6E64693A42504D4E456467652062706D6E456C656D656E743D227369642D46343839383543372D413631352D344643342D383532452D383437344143434636414431222069643D2242504D4E456467655F7369642D46343839383543372D413631352D344643342D383532452D383437344143434636414431223E0A20202020202020203C6F6D6764693A776179706F696E7420783D223132322E33393939393939393939393939382220793D223131302E30222F3E0A20202020202020203C6F6D6764693A776179706F696E7420783D223136372E33393939393939393939393939382220793D223131302E30222F3E0A2020202020203C2F62706D6E64693A42504D4E456467653E0A2020202020203C62706D6E64693A42504D4E456467652062706D6E456C656D656E743D227369642D39353641373841392D363032312D343434442D393335302D323932304346383931353639222069643D2242504D4E456467655F7369642D39353641373841392D363032312D343434442D393335302D323932304346383931353639223E0A20202020202020203C6F6D6764693A776179706F696E7420783D223236372E342220793D223131302E30222F3E0A20202020202020203C6F6D6764693A776179706F696E7420783D223333302E302220793D223131302E30222F3E0A2020202020203C2F62706D6E64693A42504D4E456467653E0A2020202020203C62706D6E64693A42504D4E456467652062706D6E456C656D656E743D227369642D45424541444343342D414633342D344337362D423137442D343433464135324631323642222069643D2242504D4E456467655F7369642D45424541444343342D414633342D344337362D423137442D343433464135324631323642223E0A20202020202020203C6F6D6764693A776179706F696E7420783D223433302E302220793D223131302E30222F3E0A20202020202020203C6F6D6764693A776179706F696E7420783D223439352E302220793D223131302E30222F3E0A2020202020203C2F62706D6E64693A42504D4E456467653E0A202020203C2F62706D6E64693A42504D4E506C616E653E0A20203C2F62706D6E64693A42504D4E4469616772616D3E0A3C2F646566696E6974696F6E733E, '0');
INSERT INTO `act_ge_bytearray` VALUES ('87504', '1', 'CL.CL.png', '87502', 0x89504E470D0A1A0A0000000D4948445200000350000000A0080600000002618DB50000155E4944415478DAEDDD7B8895E5BE0770A11DFD111141FD11EDA8E010D1898820DAD12E2288E850B4A3CBA48E5AE285B40E93596E2B53EB589DE8429694115D24EC8854B425EA346AEAEC4E5356B8CBCAA3A5954EE698DD3C6D2F99EF797F0B9FC5EB72CD34533AB3D69ACF077ECC9A356B66C4F9AEDF7A9EF779DE770D1A040000000000000000000000000000000000000000000000000000000000000000000000000000000000000000000000000000000000000000000000000000000000000000000000000000000000000000000000000000000000000000000000000000000000000000000000000000000000000000000000000000000000000000000000000000000000000000000000000000000000000000000000000000000000000000000000000000000000000000000000000000000000000000000000000000000000000000000000000000000000000000000000000000000000000000000000000000F44296657F58BB76EDFCF6F6F65F162D5A94B5B6B6AA3EAE850B1766CB962DFB26AF665994455994492593722AA7400D8BA6DBD6D696757676663B76EC50FD549B376FCE962E5DFA43DE84AF904559944599543229A7720AD4A83862A5E9D64CF3DDD1DADAFA892CCA822CCAA49249399553A046C572BFA6573B9537DE9F6551C9A24C2A99945339056A54ECDDD5F06AAAF166B2A8645126954CCAA99C0275DE78FFEFFB8DD9DAE54F671F2DBCB354713BEED32C355E59944599944999945325A7A0F1166AEB771DD9CAFF9E92FDE3959BF7AAB82FBEA6616ABCB2288B3229933229A74A4E41E3DD53EB3FFADB3E4D37D5868F1668981AAF2CCAA24CCAA44CCAA99253D078537DF2C67F76D978E36B1AA6C62B8BB2289332299372AAE41434DE3DB5B2755A978D37BEA6616ABCB2288B3229933229A74A4E41E3D578355E599445FD512665524E959C02BD6BBC71B59EAE1A6F7C4DC3D47865511665522665524E959C82C6BBA7D6BCF968978D37BEA6616ABCB2288B3229933229A74A4E41E3DD535B3A3EC856BE3E75DF65FFFCBEF89A86A9F1CAA22CCAA44CCAA49C2A39058DB750EBDE9DB34FE38DFB344B8D5716655126655226E554C92968BCC5DABE3D5BF33F8FEDBBEC9FDF175FD330355E59944599944999945325A7A0F1EE79F7F2D56F3ED2E5DEE9F89A7731D77865511665522665524E959CC2C06EBCDBB7671BD72CCE3E7CEDD62E9B6EAA784C3CD6512C8D5716655126655226E5544E8101D7787FED6895A3581AAF2CCAA24CCAA44CCAA99253D078F7544F8E567577144B03D57865511665522665524EE51418308DF7B736DD541AA8C62B8BB22893322993722AA7C08069BC4AE39545651020933229A74A4E018D57E39545258B32299372AAE414D078355E5954B228933229A74A4E018D57E39545258B32A964524EE5146AC3D2A54BFF6DF6ECD92FCF9831A3F3861B6ED83962C488DD575F7D75D6DCDCBC7BFCF8F13F4F9B366DE3CC99335F5EB060C19F355EA5F1CAA22CCAA4924939550331A743870EFD635353D3F5F938797E5E6BF2DA1A63E6BCB6E5B52EFFDA4BF9C789F138CFCA06F5E8A38FDE7EC71D77FCD8D2D292E513A8ACBDBD3DEBE8E8C8B66DDB9685F8D8D9D999BDF7DE7BD9B3CF3E9BC5E3264F9EFC6D3EA1FAABC6AB345E59944599543229A76A20E474F0E0C17FC9AB35AF1D7B264C3DA937F2C7377B763688A79F7EFA4F53A64CF9E6E69B6F2E4D8E76EDDA95F5D48A152BB25B6FBD35BBF1C61BBFCA3F9EAAF12A8D5716655126954CCAA96AC49CE693A0E3F349D06BBD983455ABB62BAFBCF25F3C4BEBD8AC59B3EE1F3B76EC2F0B162CE8D5C4A9D26BAFBD968D19336657A3AC4669BC1AAF2C2A59944999945325A7495353D3D543860CF9B638191A3A746876CF3DF7648B172FCEBEFCF2CBECC71F7F2C8D8B7FFAE9A7D22EAE37DF7C337BE8A187B261C386554EA2B65A8DAA5373E7CE7DE8FAEBAFDFBD7AF5EA6C7FF8FCF3CFB3FCE7FD327DFAF4FFD07895C62B8BB228934A26E55435424EF3C9D3C5F984675771E2F4DC73CF954E6DE989EFBEFBAEF4F8F8BEE2442AFF99A33C5BEBC8030F3C70674C9E7AFA87EFA9F879E3C78FDFD5D2D2325EE3551AAF2CCAA24C2A99945355CF398D95A7E2E469C28409A5D5A6DF22BE2F4E99A998445989AA07D3A64D3B39B6DBEDAF95A76A2B51A3468DDA3E7AF4E87FD5789501822CCAA24C2A99945339ADC71CC5394FC56D7B53A74E2D6FD3FBAD627BDF8C19332AB7F39DE4595BE3F299EF9771CED38114E7445D77DD75FFABF12A030459944599543229A7725A8F39CA274F0B8B2B4FBF77F2549C4455AC44B579D6D6B02953A68C993871E2EE9D3B7766075AFE7B760C1F3E7C84C6AB0C106451166552C9A49CCA693D894B9517CF79FAADDBF6BADBCE573C27CA56BE1A3669D2A40D71A9F2BEF0C1071F64E3C68D5BA3F12A030459944599543229A7725A6713A8D634B9890B401C08CF3FFFBC55A85AD7D2D2727C5C25EFF75CAEBCB7F209D44FB17FB4969E0C79FD59E3D5786551C9A24CCAA49CAA8197D39E6468E8D0A17F4C178E8855A22D5BB61C9071725C9DAFE212E7C70FA2B6DC7EFBEDF73DF9E493595F9A3367CECEE1C387D7CC7B431596495B9B9A9AFEA4F16ABCB2A80C56655226E5540D9C9CF62443F9FDD7A7C7DD77DF7D0774AC1CEF135598404D3463A931B7DC72CB3FDADBDBFB740215DB05478F1EBDACD69E34857AB5DA51088D57E395453550275032299372AA06C204AABB0CE5F7CD4F5F5FB264C9011D2BC79BED16FE2D0BCC586A4C3E91D9B271E3C63E9D40C5FB420D1B366C730D3F69CA47218A4F1E8D57E39545650225933229A76A404CA0F6C950FEF99A74FFFEBE7844A58E8E8EE2BF63BD194B8DC927323BB76DDBD6A713A8F87D43860CD959EB4F9AE2518858CED578355E5954265032299372AA06CE04AA98A1BCFE993EDF5F972EEFEE92E685DFBDCD8CA5069B4E7FE841506BAE34DEDAAA7ACC902CCAA24C2A99945355FF39EDEBB1B2194B8D696E6EDED11F2B5083070FDE5107471D963735355D7CDE79E7FDA1BF97FE5F78E185ECC4134FDCEBBE8F3FFE78AFCFDF7DF7DDEC9C73CEC92EB8E082ECD5575FCDCE38E38CECFDF7DF8FD5BED2E7C71E7B6C973FFFA5975ECA8E3EFAE82EBF1EBF6BC58A15FBDC9FFFB7942EE3E9086B63673172147FEB382216571D4A15B978EBADB7BAFDDE75EBD6EDF5795C5D68D5AA555D3E3E7ECFC30F3FDCEDCF8CC74C9C38B17C3BDE043CDD7EE79D77647180F5C7F4B77FE49147BACC5DF1FED75F7F7DAFEFBBEBAEBB7AF4F3EB299756A06A27A7BDCDDC49279D547A1D2F3E3E2EF6D56819ADA315A87286F2DB5BAD4051326AD4A8CDFD710E543E71DB54C34F9ABD1A6E7FEC9D8EC94FD4F0E1C3B3975F7EB934B9898ADB518F3FFE78A9E16DD8B061AFC61883D9F8180D3B3ECE9D3BB734D04D5F9F3F7F7EF9F16BD6AC29DF8E9F79DC71C7953F6F6B6BABDA78A3C1BEF2CA2BE57F57DCF7D4534F95267871FBEBAFBF364068B02CA6BFFDE4C9934BB7E3C4D6CD9B37977215F75F75D555E5C77DF5D557A509F559679D1557DBCC9E78E289D26362821E1FF37E53CA609A8CC5F72C5DBAB494A594A9638E39263BF3CC33CB598F6C9D70C209FBFC7BD28022E5BCF2B6C16A6367B25A46E3204F4CF6F7FC3DBACC42EA9529C3D5068EF59E4B13A8DACA694F32F7C30F3F94BE1EAFF5D1334F3BEDB4D26B6A3C3EFA6E7C8C03A58D92D13A9840ED9321E740513676ECD8857D7D15BEE5CB976F1B3264C82B35F8A4792BDE61BAB2E1F657E38DE678EAA9A7EE33819A356B5676E8A187566DD0B122101FE30D8BD3C0B5F8F5CACF4F3FFDF4D2CF9C32654A76C4114764B7DD765B796254B9B294265CB18278CA29A7EC3581EA8F95A8069F40D54C16D3EA53E511CEA38E3A2A3BFBECB3BB1C2C443E8A03DBF8F8CC33CF645F7CF145E9764CB6AABD701F72C821D9BDF7DE5BFEFCE0830F2E4FDE3EFBECB372EEF2FF9B6CDEBC79E5DCA79F15D92F0E3264B131FB6354E5C19C1818A6C9FAFDF7DFBFCFE3231791C1D457A38FC6C7589DAF5C11A8F75C0EE009544DE5B437998BBCC4C1A9F8DA45175D549A4CC581A6E26B7A71E2A577F67D865C858FB27C22F3EFB367CFDEDE9713A8C71E7BECF35ABAA67D5747AAFABBF1C691FA98E0C440339A6F543AC25FB91D2FB6E845038CAD51F13156A8A251AF5FBF3E3BFFFCF3CB8DB37280104DB4DA0A54F16BD160D3F7C7EDAD5BB7962BEE8B958674DB00A1B1B2182FBAE945FAE4934F2E6529EE8FBF79DC8E8F2967D52650291791D9E20A5471BB681C758D495A643B2A0D84E376E4B9DAD6D2CAA3A831F94FABA0E9B9109FCB6263F6C7388853EC43296769B21F038EC8553A725FEC9331A8ACFC79871F7E7876E9A597EEB31A50CFB91C8013A89A7C1DEF69E6E200654CFEA3D7C6EB7E4C72D24A52E4A678A0E08D37DED03BFB2943DE078AB27857E5D1A347FFB86BD7AE3E9B408D1C3972533DBEAB725F37DE389F69C28409A5C1412CE547C5ED68988B162DDAEBB10F3EF860A9F1C5F925E92855D4D8B1634B158F8F01706523ED6E052A35E918AC145712E2A86F4CAEE267A68A55A8F85839903640A8EF2CC66A51BCF8C78B7BFCFD6342152FFC91B7E211D6F85AFC9B229F698B5E6CDF8BD5AAB89DB6ADC4E020BDD017B35239118F9F11B7637F7E57ABAD714E60FADDE93CACB81DCF135BF81ABB3FC651F9D8AA74C9259764E3C68D2B55F49FF8FBC7FD713BDD5FDCE6DC9B0954BDE75226EB6B025599A3580D8A09525AB18FDE1BDBF9AA1DACD23BFB76CC9C8F5F7F8E494D7EBBF4DA7620C458AEB9B97977610275BC676F0DBAE69A6BFE9E3F99FA6406950FFEBF1E3C78F09B1A6FEFB6A714B7F0C53EE76880A99146A34DCBFC690BDF85175E589A40C504299A694C8606559CA3D4D315A8E27DE91CAA3450291E152B6E0FD4781B278B690F7E6C2D89C94F64AD78E43F721A2FF2DD6DE14B93AAC84BDC4E93F3E2E3633B60CAD2C89123CBB92F0E32E2DCBCB8284A9AB055CB65656E65B131FB63B1620039A8E27C8E38D0546D309B8EB0C7A0247FED2B672E9D58DF28B994C9DA9940F52473D15FD336BF34298ACFD3F97C7120203EA65D007A67FF89F7854A139BD85D71203CFFFCF3C5D5A736CFDCDA0DC35FC68D1BF74D5FAC428D1933666DFEFB9A35DEEE8FFA47938C3DD0D52650B15AD4D2D2B2CF96B9F87CE5CA95E515A8389A14CBF8E9C212D506AD3D5981AA3C2A96B67515FF7DF179B50B4F68BCF59DC5587D8CBF6DECAD8F178AC8D3A44993CAFBF1636F7F4CAAE268596556222791E5E20A660C7063A0506DC2557C214F93AF187CC491DAE2CA437135ABDAF7C6BF2DFD4E596CEC09546469FAF4E9A5BF7B642A9D6B175B9CD339769557438B895564F3A0830E2A5F00250E121457AA1A219732591B39ED6DE6E23191DFB41D35721357974CE71A57E65AEFEC9F31739ADCC42AD4FEBE9844FCBC7CB2BBBBF046BECD9EB9B5BD2CB9ECC5175FFCF6404E9EE6CD9BF7611E86BFFFDA1E658DB7FB15A8238F3C32BBECB2CBAABED8A70954ECCD2D9EA47FD8618755BD48455757E1EB6A301103E9D484638FB60954E3673106A9E9760C508B13A26A472CD3843DB657C58A686C2529EEE38F23B195594947562B8FA246D6E360C1AFEDE38F0306E92A5569CB4B3C1764B1313319FD297E5FF4ACB46D390E18152F155D3CF7292A3212598C8346B1353A1D1C8895FC18ACCE9831A3D4DF1A259732D9FF39ED6DE6D2B948F1D8743020B64FA7D7F5B88054DA6DA277F6AF7C2CFB469AE0C4DF6B7F5DD23CFEBE37DD74D3AEE2EA53BD8E99078CD85F396CD8B02DAB57AF3E20CB506BD7AEFD269F516FCA67D22769BCBD5B01888F71C4281D298A2359C54B9057AE10158F2AC5E7B16250EDC855B12A27505DEDCB8E2D00E976F144D341159748D7781B238BE972F871443456A08A93A9E2046AD09E2D26313088DB95E7E855BB646EB5497AE551D46A93B9F4221F794B03924185AB04A623B7D5B664C96263F5C7EEDE8F2EEE4B13AAB40D35068B7130E9F2CB2FEFF20AA6DDFD8E7ACAA54CF66F4E7B9BB9C8507C4FF4C834898A839CF179EC0E49F737373777F95AAE77F6ED9839AFCD69A23375EAD4DF3D898AC9533EA92E9EF7B4B59EC7CC034A5353D3D5D75E7BEDE6CECECEFD3A89DAB469D30FF9E4ECAB7A5F86EC8F01421C5D8DA345D1D4E209FA6B838834818AED77B1FF394EA28EAFA52358C54B9C56BE516FE54526AAFD5B2A9B7F0C98D3169A98D89940355E168B6F481A4752D3FB8C4466D255A2E28227956FA81B8381581588AD9EF198E2FEFF789FA8D862D2558ED39B3B56ABF8DAA0C2C9CFC501437C2DDE80327E67571334596CCC09541C718F8B969C7BEEB9E58B97C496E4CAC7C6C1A7E88B7119FEA86A83DB46C8A54CD64E4E7B93B958798A0350710189E8ABC5F398D2042726517A676D8C99D30525D24AD46FDDCE17DF57B1F264EB5E1DCEAAAF193162C4A655AB566DDD1F93A74F3FFDF4CBFCC9DE9107EDAF1AEF81BF32552DFFFB34DE8193C5FDB1EA2A8B3229973229A77A67AD8F998B93A838272A56C3E380734FAFB617178C289EF314D50863E601BB1295CF7CB7CC9D3B77F5EFB9B0C49C3973DA62DB5E044CE3551AAF2CCAA24C2A999453D548398D31735EDF15274031918A73D1E3CD766375296DEF8B03DD1D1D1DA5F3CE66CE9C998D1831E297E2F7C5B6BD4619330FE495A8E3E3528DD75E7BEDBAB7DF7E7B5D6F264EEDEDED2BF2EFFB204E7E6BA4FD9B1AAFC62B8B4A16655226E554C969B53173C564A8B7D5E69CA7C69A485D11A1887398EEBCF3CE77F2D9F4871B72DB62AD38977FF87EE3C68DEBDBDADADAEFBEFBEE25F9E3BE8810C40CBAD1AE1CA2F16ABCB2A864512665524E959C7637662E6EEBEBC9C4A911C7CCEC11EFBE9C87A225FF23CFCF6B5D5EDBF6FCE1E3E3FABC16E435B191DF2D59E3D5786551C9A24CCAA49C2A393566068D57E39545258B32299372AAE414D078355E5954B2289332899CCA29A0F12A132819904599543229A7720A68BC4AE395455994492593722AA780C6AB345E59944599543229A74A4E41E3551AAF2CCAA2FE28933229A74A4E018D57E39545258B32299372AAE414D078355E5954B228933229A74A4E018D57E39545258B3229933229A7720A68BC4AE395455994492593722AA780C6AB345E59944599543229A7720A68BC4AE39545599449259372AAE414345EA5F1CAA292459994493955720A68BC1AAF2C2A59944999945325A780C6ABF1CAA2924599944939950F3905345E8D5716952CCAA4924939955340E3551AAF2CCAA24C2A9994533905345EA5F1CAA22CCAA4924939955339058D5769BCB2288B32A964524E959C021AAFC62B8B4A16655226E554C929A0F16ABCB2A864512665524E959C0207C2A2458B34BCDAA96D79E3FD5916952CCAA49249399553A0462D5BB66C636767A7A65703D5D1D1F15F79E3FD44166541166552C9A49CCA2950A3162F5E7CE992254BBEDFB469D33F35BFFE3B62154D77E1C2855FE475852CCAA22CCAA49249399553A086E54FF68B5B5B5B97C7B273ECDD557D5EF1FFFE89A62B8BB228934A26E5544E0100000000000000000000000000000000000000000000000000000000803EF0FF04B6F26C350AABF10000000049454E44AE426082, '1');

-- ----------------------------
-- Table structure for act_ge_property
-- ----------------------------
DROP TABLE IF EXISTS `act_ge_property`;
CREATE TABLE `act_ge_property` (
  `NAME_` varchar(64) COLLATE utf8_bin NOT NULL DEFAULT '',
  `VALUE_` varchar(300) COLLATE utf8_bin DEFAULT NULL,
  `REV_` int(11) DEFAULT NULL,
  PRIMARY KEY (`NAME_`)
) ENGINE=InnoDB DEFAULT CHARSET=utf8 COLLATE=utf8_bin;

-- ----------------------------
-- Records of act_ge_property
-- ----------------------------
INSERT INTO `act_ge_property` VALUES ('next.dbid', '155001', '63');
INSERT INTO `act_ge_property` VALUES ('schema.history', 'create(5.20.0.1)', '1');
INSERT INTO `act_ge_property` VALUES ('schema.version', '5.20.0.1', '1');

-- ----------------------------
-- Table structure for act_hi_actinst
-- ----------------------------
DROP TABLE IF EXISTS `act_hi_actinst`;
CREATE TABLE `act_hi_actinst` (
  `ID_` varchar(64) COLLATE utf8_bin NOT NULL,
  `PROC_DEF_ID_` varchar(64) COLLATE utf8_bin NOT NULL,
  `PROC_INST_ID_` varchar(64) COLLATE utf8_bin NOT NULL,
  `EXECUTION_ID_` varchar(64) COLLATE utf8_bin NOT NULL,
  `ACT_ID_` varchar(255) COLLATE utf8_bin NOT NULL,
  `TASK_ID_` varchar(64) COLLATE utf8_bin DEFAULT NULL,
  `CALL_PROC_INST_ID_` varchar(64) COLLATE utf8_bin DEFAULT NULL,
  `ACT_NAME_` varchar(255) COLLATE utf8_bin DEFAULT NULL,
  `ACT_TYPE_` varchar(255) COLLATE utf8_bin NOT NULL,
  `ASSIGNEE_` varchar(255) COLLATE utf8_bin DEFAULT NULL,
  `START_TIME_` datetime NOT NULL,
  `END_TIME_` datetime DEFAULT NULL,
  `DURATION_` bigint(20) DEFAULT NULL,
  `TENANT_ID_` varchar(255) COLLATE utf8_bin DEFAULT '',
  PRIMARY KEY (`ID_`),
  KEY `ACT_IDX_HI_ACT_INST_START` (`START_TIME_`),
  KEY `ACT_IDX_HI_ACT_INST_END` (`END_TIME_`),
  KEY `ACT_IDX_HI_ACT_INST_PROCINST` (`PROC_INST_ID_`,`ACT_ID_`),
  KEY `ACT_IDX_HI_ACT_INST_EXEC` (`EXECUTION_ID_`,`ACT_ID_`)
) ENGINE=InnoDB DEFAULT CHARSET=utf8 COLLATE=utf8_bin;

-- ----------------------------
-- Records of act_hi_actinst
-- ----------------------------
INSERT INTO `act_hi_actinst` VALUES ('100004', 'OT:1:62507', '90027', '90027', 'sid-4F563381-F1F7-466A-A40F-21B682C7AAD8', '100005', null, '', 'userTask', 'jordan', '2019-06-10 18:16:52', '2019-06-10 18:17:37', '44625', '');
INSERT INTO `act_hi_actinst` VALUES ('100007', 'OT:1:62507', '90027', '90027', 'sid-CA02E1A9-CD9D-429C-8EBE-F14AD7B47DC3', '100008', null, '', 'userTask', 'kebi', '2019-06-10 18:17:37', '2019-06-10 18:20:00', '142710', '');
INSERT INTO `act_hi_actinst` VALUES ('102502', 'OT:1:62507', '90027', '90027', 'sid-4F563381-F1F7-466A-A40F-21B682C7AAD8', '102503', null, '', 'userTask', 'jordan', '2019-06-10 18:20:00', '2019-06-10 18:20:45', '45333', '');
INSERT INTO `act_hi_actinst` VALUES ('102506', 'OT:1:62507', '90027', '90027', 'sid-CA02E1A9-CD9D-429C-8EBE-F14AD7B47DC3', '102507', null, '', 'userTask', 'kebi', '2019-06-10 18:20:45', '2019-06-10 18:21:10', '24734', '');
INSERT INTO `act_hi_actinst` VALUES ('102509', 'OT:1:62507', '90027', '90027', 'sid-4F563381-F1F7-466A-A40F-21B682C7AAD8', '102510', null, '', 'userTask', 'jordan', '2019-06-10 18:21:10', '2019-06-10 18:21:27', '17111', '');
INSERT INTO `act_hi_actinst` VALUES ('102512', 'OT:1:62507', '90027', '90027', 'endEvent', null, null, '', 'endEvent', null, '2019-06-10 18:21:27', '2019-06-10 18:21:27', '0', '');
INSERT INTO `act_hi_actinst` VALUES ('102521', 'ML:1:102519', '102520', '102520', 'sid-B08CD409-865E-4AF8-9420-5831BDC19A76', null, null, null, 'startEvent', null, '2019-06-10 18:29:28', '2019-06-10 18:29:28', '2', '');
INSERT INTO `act_hi_actinst` VALUES ('102523', 'ML:1:102519', '102520', '102520', 'sid-C2246B19-F332-4096-9C83-D0F7FA8B1E25', '102524', null, '', 'userTask', null, '2019-06-10 18:29:28', '2019-06-10 18:29:28', '-42', '');
INSERT INTO `act_hi_actinst` VALUES ('102525', 'ML:1:102519', '102520', '102520', 'sid-C56962E6-A1E8-4DFC-9203-358FEDCEE92D', '102526', null, '', 'userTask', 'kebi', '2019-06-10 18:29:28', '2019-07-29 16:40:48', '4227080076', '');
INSERT INTO `act_hi_actinst` VALUES ('105002', 'ML:1:102519', '105001', '105001', 'sid-B08CD409-865E-4AF8-9420-5831BDC19A76', null, null, null, 'startEvent', null, '2019-06-10 19:01:01', '2019-06-10 19:01:01', '17', '');
INSERT INTO `act_hi_actinst` VALUES ('105004', 'ML:1:102519', '105001', '105001', 'sid-C2246B19-F332-4096-9C83-D0F7FA8B1E25', '105005', null, '', 'userTask', null, '2019-06-10 19:01:01', '2019-06-10 19:01:01', '20', '');
INSERT INTO `act_hi_actinst` VALUES ('105006', 'ML:1:102519', '105001', '105001', 'sid-C56962E6-A1E8-4DFC-9203-358FEDCEE92D', '105007', null, '', 'userTask', 'klay', '2019-06-10 19:01:01', null, null, '');
INSERT INTO `act_hi_actinst` VALUES ('112502', 'ML:3:110007', '112501', '112501', 'sid-B08CD409-865E-4AF8-9420-5831BDC19A76', null, null, null, 'startEvent', null, '2019-07-29 13:18:48', '2019-07-29 13:18:48', '89', '');
INSERT INTO `act_hi_actinst` VALUES ('112504', 'ML:3:110007', '112501', '112501', 'sid-C2246B19-F332-4096-9C83-D0F7FA8B1E25', '112505', null, '', 'userTask', null, '2019-07-29 13:18:48', '2019-07-29 13:18:49', '805', '');
INSERT INTO `act_hi_actinst` VALUES ('112506', 'ML:3:110007', '112501', '112501', 'sid-C56962E6-A1E8-4DFC-9203-358FEDCEE92D', '112507', null, '', 'userTask', 'jordan', '2019-07-29 13:18:49', '2019-07-29 13:26:41', '472053', '');
INSERT INTO `act_hi_actinst` VALUES ('112518', 'ML:3:110007', '112501', '112501', 'sid-0B3836FE-6EA5-4B17-92F9-96EE09A16E91', null, null, null, 'endEvent', null, '2019-07-29 13:26:41', '2019-07-29 13:26:41', '0', '');
INSERT INTO `act_hi_actinst` VALUES ('112520', 'ML:3:110007', '112519', '112519', 'sid-B08CD409-865E-4AF8-9420-5831BDC19A76', null, null, null, 'startEvent', null, '2019-07-29 13:28:00', '2019-07-29 13:28:00', '1', '');
INSERT INTO `act_hi_actinst` VALUES ('112522', 'ML:3:110007', '112519', '112519', 'sid-C2246B19-F332-4096-9C83-D0F7FA8B1E25', '112523', null, '', 'userTask', null, '2019-07-29 13:28:00', '2019-07-29 13:28:00', '77', '');
INSERT INTO `act_hi_actinst` VALUES ('112524', 'ML:3:110007', '112519', '112519', 'sid-C56962E6-A1E8-4DFC-9203-358FEDCEE92D', '112525', null, '', 'userTask', 'klay', '2019-07-29 13:28:00', '2019-07-29 13:32:35', '275356', '');
INSERT INTO `act_hi_actinst` VALUES ('112535', 'ML:3:110007', '112519', '112519', 'sid-C2246B19-F332-4096-9C83-D0F7FA8B1E25', '112536', null, '', 'userTask', null, '2019-07-29 13:32:35', null, null, '');
INSERT INTO `act_hi_actinst` VALUES ('115006', 'CL:1:87505', '115005', '115005', 'sid-73791331-07AE-478D-868B-E91A90FB342A', null, null, null, 'startEvent', null, '2019-07-29 14:40:38', '2019-07-29 14:40:38', '24', '');
INSERT INTO `act_hi_actinst` VALUES ('115008', 'CL:1:87505', '115005', '115005', 'sid-02CA1EF1-2E99-4DFE-A1A5-D3958BE6A9A5', '115009', null, '', 'userTask', null, '2019-07-29 14:40:38', '2019-07-29 14:40:38', '23', '');
INSERT INTO `act_hi_actinst` VALUES ('115010', 'CL:1:87505', '115005', '115005', 'sid-10DAA5C2-4B4E-4A37-885E-82BB63F809F4', '115011', null, '', 'userTask', 'kebi', '2019-07-29 14:40:38', '2019-07-29 17:14:57', '9259317', '');
INSERT INTO `act_hi_actinst` VALUES ('115014', 'AL:2:115004', '115013', '115013', 'sid-F51443AC-8559-47D5-A58E-AD20B1CB2F63', null, null, null, 'startEvent', null, '2019-07-29 14:42:56', '2019-07-29 14:42:56', '2', '');
INSERT INTO `act_hi_actinst` VALUES ('115016', 'AL:2:115004', '115013', '115013', 'task001', '115017', null, '', 'userTask', null, '2019-07-29 14:42:56', '2019-07-29 14:42:56', '373', '');
INSERT INTO `act_hi_actinst` VALUES ('115018', 'AL:2:115004', '115013', '115013', 'task002', '115019', null, '', 'userTask', 'kebi', '2019-07-29 14:42:56', '2019-07-29 14:43:41', '45284', '');
INSERT INTO `act_hi_actinst` VALUES ('115025', 'AL:2:115004', '115013', '115013', 'sid-C2308BBD-68C1-48A8-AFC3-6393C6380FE2', null, null, null, 'endEvent', null, '2019-07-29 14:43:41', '2019-07-29 14:43:41', '0', '');
INSERT INTO `act_hi_actinst` VALUES ('117502', 'AL:2:115004', '117501', '117501', 'sid-F51443AC-8559-47D5-A58E-AD20B1CB2F63', null, null, null, 'startEvent', null, '2019-07-29 16:25:48', '2019-07-29 16:25:48', '229', '');
INSERT INTO `act_hi_actinst` VALUES ('117504', 'AL:2:115004', '117501', '117501', 'task001', '117505', null, '', 'userTask', null, '2019-07-29 16:25:48', '2019-07-29 16:25:48', '416', '');
INSERT INTO `act_hi_actinst` VALUES ('117506', 'AL:2:115004', '117501', '117501', 'task002', '117507', null, '', 'userTask', 'kebi', '2019-07-29 16:25:48', '2019-07-29 16:36:21', '632910', '');
INSERT INTO `act_hi_actinst` VALUES ('117518', 'AL:2:115004', '117501', '117501', 'sid-C2308BBD-68C1-48A8-AFC3-6393C6380FE2', null, null, null, 'endEvent', null, '2019-07-29 16:36:21', '2019-07-29 16:36:21', '0', '');
INSERT INTO `act_hi_actinst` VALUES ('117525', 'ML:1:102519', '102520', '102520', 'sid-0B3836FE-6EA5-4B17-92F9-96EE09A16E91', null, null, null, 'endEvent', null, '2019-07-29 16:40:48', '2019-07-29 16:40:48', '0', '');
INSERT INTO `act_hi_actinst` VALUES ('117527', 'AL:2:115004', '117526', '117526', 'sid-F51443AC-8559-47D5-A58E-AD20B1CB2F63', null, null, null, 'startEvent', null, '2019-07-29 16:42:14', '2019-07-29 16:42:14', '1', '');
INSERT INTO `act_hi_actinst` VALUES ('117529', 'AL:2:115004', '117526', '117526', 'task001', '117530', null, '', 'userTask', null, '2019-07-29 16:42:14', '2019-07-29 16:42:15', '650', '');
INSERT INTO `act_hi_actinst` VALUES ('117531', 'AL:2:115004', '117526', '117526', 'task002', '117532', null, '', 'userTask', 'klay', '2019-07-29 16:42:15', null, null, '');
INSERT INTO `act_hi_actinst` VALUES ('117535', 'AL:2:115004', '117534', '117534', 'sid-F51443AC-8559-47D5-A58E-AD20B1CB2F63', null, null, null, 'startEvent', null, '2019-07-29 16:44:31', '2019-07-29 16:44:31', '2', '');
INSERT INTO `act_hi_actinst` VALUES ('117537', 'AL:2:115004', '117534', '117534', 'task001', '117538', null, '', 'userTask', null, '2019-07-29 16:44:31', '2019-07-29 16:44:31', '98', '');
INSERT INTO `act_hi_actinst` VALUES ('117539', 'AL:2:115004', '117534', '117534', 'task002', '117540', null, '', 'userTask', 'kebi', '2019-07-29 16:44:31', '2019-07-29 16:59:55', '923536', '');
INSERT INTO `act_hi_actinst` VALUES ('117553', 'AL:2:115004', '117534', '117534', 'sid-C2308BBD-68C1-48A8-AFC3-6393C6380FE2', null, null, null, 'endEvent', null, '2019-07-29 16:59:55', '2019-07-29 16:59:55', '0', '');
INSERT INTO `act_hi_actinst` VALUES ('120002', 'AL:2:115004', '120001', '120001', 'sid-F51443AC-8559-47D5-A58E-AD20B1CB2F63', null, null, null, 'startEvent', null, '2019-07-29 17:09:21', '2019-07-29 17:09:21', '27', '');
INSERT INTO `act_hi_actinst` VALUES ('120004', 'AL:2:115004', '120001', '120001', 'task001', '120005', null, '', 'userTask', null, '2019-07-29 17:09:21', '2019-07-29 17:09:21', '226', '');
INSERT INTO `act_hi_actinst` VALUES ('120006', 'AL:2:115004', '120001', '120001', 'task002', '120007', null, '', 'userTask', 'kebi', '2019-07-29 17:09:21', '2019-07-29 17:10:42', '81088', '');
INSERT INTO `act_hi_actinst` VALUES ('120017', 'AL:2:115004', '120001', '120001', 'sid-C2308BBD-68C1-48A8-AFC3-6393C6380FE2', null, null, null, 'endEvent', null, '2019-07-29 17:10:42', '2019-07-29 17:10:42', '0', '');
INSERT INTO `act_hi_actinst` VALUES ('120022', 'CL:1:87505', '115005', '115005', 'sid-07A81BC6-45D2-44BF-AFB1-0D5972616423', '120023', null, '', 'userTask', 'jordan', '2019-07-29 17:14:57', null, null, '');
INSERT INTO `act_hi_actinst` VALUES ('122502', 'AL:2:115004', '122501', '122501', 'sid-F51443AC-8559-47D5-A58E-AD20B1CB2F63', null, null, null, 'startEvent', null, '2019-07-29 17:31:44', '2019-07-29 17:31:44', '37', '');
INSERT INTO `act_hi_actinst` VALUES ('122504', 'AL:2:115004', '122501', '122501', 'task001', '122505', null, '', 'userTask', null, '2019-07-29 17:31:44', '2019-07-29 17:31:45', '708', '');
INSERT INTO `act_hi_actinst` VALUES ('122506', 'AL:2:115004', '122501', '122501', 'task002', '122507', null, '', 'userTask', 'kebi', '2019-07-29 17:31:45', '2019-07-30 13:19:31', '71265673', '');
INSERT INTO `act_hi_actinst` VALUES ('127502', 'AL:2:115004', '127501', '127501', 'sid-F51443AC-8559-47D5-A58E-AD20B1CB2F63', null, null, null, 'startEvent', null, '2019-07-30 13:11:32', '2019-07-30 13:11:33', '347', '');
INSERT INTO `act_hi_actinst` VALUES ('127504', 'AL:2:115004', '127501', '127501', 'task001', '127505', null, '', 'userTask', null, '2019-07-30 13:11:33', '2019-07-30 13:11:33', '52', '');
INSERT INTO `act_hi_actinst` VALUES ('127506', 'AL:2:115004', '127501', '127501', 'task002', '127507', null, '', 'userTask', 'kebi', '2019-07-30 13:11:33', '2019-07-30 13:21:47', '614216', '');
INSERT INTO `act_hi_actinst` VALUES ('130007', 'AL:2:115004', '122501', '122501', 'sid-C2308BBD-68C1-48A8-AFC3-6393C6380FE2', null, null, null, 'endEvent', null, '2019-07-30 13:19:31', '2019-07-30 13:19:31', '1', '');
INSERT INTO `act_hi_actinst` VALUES ('130012', 'AL:2:115004', '127501', '127501', 'sid-C2308BBD-68C1-48A8-AFC3-6393C6380FE2', null, null, null, 'endEvent', null, '2019-07-30 13:21:47', '2019-07-30 13:21:47', '0', '');
INSERT INTO `act_hi_actinst` VALUES ('130014', 'AL:2:115004', '130013', '130013', 'sid-F51443AC-8559-47D5-A58E-AD20B1CB2F63', null, null, null, 'startEvent', null, '2019-07-30 13:35:39', '2019-07-30 13:35:39', '13', '');
INSERT INTO `act_hi_actinst` VALUES ('130016', 'AL:2:115004', '130013', '130013', 'task001', '130017', null, '', 'userTask', null, '2019-07-30 13:35:39', '2019-07-30 13:35:39', '452', '');
INSERT INTO `act_hi_actinst` VALUES ('130018', 'AL:2:115004', '130013', '130013', 'task002', '130019', null, '', 'userTask', 'kebi', '2019-07-30 13:35:39', '2019-07-30 13:37:10', '91412', '');
INSERT INTO `act_hi_actinst` VALUES ('130026', 'AL:2:115004', '130013', '130024', 'task001', '130027', null, '', 'userTask', null, '2019-07-30 13:37:10', null, null, '');
INSERT INTO `act_hi_actinst` VALUES ('130028', 'AL:2:115004', '130013', '130025', 'task001', '130029', null, '', 'userTask', null, '2019-07-30 13:37:10', null, null, '');
INSERT INTO `act_hi_actinst` VALUES ('130031', 'AL:2:115004', '130030', '130030', 'sid-F51443AC-8559-47D5-A58E-AD20B1CB2F63', null, null, null, 'startEvent', null, '2019-07-30 13:38:14', '2019-07-30 13:38:14', '1', '');
INSERT INTO `act_hi_actinst` VALUES ('130033', 'AL:2:115004', '130030', '130030', 'task001', '130034', null, '', 'userTask', null, '2019-07-30 13:38:14', '2019-07-30 13:38:14', '17', '');
INSERT INTO `act_hi_actinst` VALUES ('130035', 'AL:2:115004', '130030', '130030', 'task002', '130036', null, '', 'userTask', 'kebi', '2019-07-30 13:38:14', '2019-07-30 13:46:38', '503682', '');
INSERT INTO `act_hi_actinst` VALUES ('132504', 'AL:2:115004', '130030', '130030', 'sid-C2308BBD-68C1-48A8-AFC3-6393C6380FE2', null, null, null, 'endEvent', null, '2019-07-30 13:46:38', '2019-07-30 13:46:38', '1', '');
INSERT INTO `act_hi_actinst` VALUES ('135002', 'AL:2:115004', '135001', '135001', 'sid-F51443AC-8559-47D5-A58E-AD20B1CB2F63', null, null, null, 'startEvent', null, '2019-07-31 14:08:10', '2019-07-31 14:08:10', '34', '');
INSERT INTO `act_hi_actinst` VALUES ('135004', 'AL:2:115004', '135001', '135001', 'task001', '135005', null, '', 'userTask', null, '2019-07-31 14:08:10', '2019-07-31 14:08:11', '689', '');
INSERT INTO `act_hi_actinst` VALUES ('135006', 'AL:2:115004', '135001', '135001', 'task002', '135007', null, '', 'userTask', 'kebi', '2019-07-31 14:08:11', '2019-07-31 14:09:13', '62158', '');
INSERT INTO `act_hi_actinst` VALUES ('135012', 'AL:2:115004', '135001', '135001', 'task001', '135013', null, '', 'userTask', null, '2019-07-31 14:09:13', null, null, '');
INSERT INTO `act_hi_actinst` VALUES ('135015', 'AL:2:115004', '135014', '135014', 'sid-F51443AC-8559-47D5-A58E-AD20B1CB2F63', null, null, null, 'startEvent', null, '2019-07-31 14:10:59', '2019-07-31 14:10:59', '2', '');
INSERT INTO `act_hi_actinst` VALUES ('135017', 'AL:2:115004', '135014', '135014', 'task001', '135018', null, '', 'userTask', null, '2019-07-31 14:10:59', '2019-07-31 14:10:59', '337', '');
INSERT INTO `act_hi_actinst` VALUES ('135019', 'AL:2:115004', '135014', '135014', 'task002', '135020', null, '', 'userTask', 'kebi', '2019-07-31 14:10:59', '2019-07-31 14:11:29', '29995', '');
INSERT INTO `act_hi_actinst` VALUES ('135025', 'AL:2:115004', '135014', '135014', 'task001', '135026', null, '', 'userTask', null, '2019-07-31 14:11:29', '2019-07-31 15:24:51', '4401933', '');
INSERT INTO `act_hi_actinst` VALUES ('137501', 'AL:2:115004', '135014', '135014', 'task002', '137502', null, '', 'userTask', 'kebi', '2019-07-31 15:24:51', '2019-07-31 15:43:41', '1130311', '');
INSERT INTO `act_hi_actinst` VALUES ('140002', 'AL:2:115004', '135014', '135014', 'task001', '140003', null, '', 'userTask', null, '2019-07-31 15:43:41', '2019-07-31 15:44:28', '47399', '');
INSERT INTO `act_hi_actinst` VALUES ('140004', 'AL:2:115004', '135014', '135014', 'task002', '140005', null, '', 'userTask', 'kebi', '2019-07-31 15:44:28', '2019-07-31 15:44:54', '26405', '');
INSERT INTO `act_hi_actinst` VALUES ('140009', 'AL:2:115004', '135014', '135014', 'sid-C2308BBD-68C1-48A8-AFC3-6393C6380FE2', null, null, null, 'endEvent', null, '2019-07-31 15:44:54', '2019-07-31 15:44:54', '0', '');
INSERT INTO `act_hi_actinst` VALUES ('142506', 'AL:3:142504', '142505', '142505', 'sid-F51443AC-8559-47D5-A58E-AD20B1CB2F63', null, null, null, 'startEvent', null, '2019-07-31 17:31:49', '2019-07-31 17:31:49', '385', '');
INSERT INTO `act_hi_actinst` VALUES ('142508', 'AL:3:142504', '142505', '142505', 'task001', '142509', null, '', 'userTask', null, '2019-07-31 17:31:49', '2019-07-31 17:31:50', '618', '');
INSERT INTO `act_hi_actinst` VALUES ('142510', 'AL:3:142504', '142505', '142505', 'task002', '142511', null, '', 'userTask', 'kebi', '2019-07-31 17:31:50', null, null, '');
INSERT INTO `act_hi_actinst` VALUES ('52502', 'AL:1:50007', '52501', '52501', 'sid-F51443AC-8559-47D5-A58E-AD20B1CB2F63', null, null, null, 'startEvent', null, '2019-06-05 15:25:37', '2019-06-05 15:25:37', '17', '');
INSERT INTO `act_hi_actinst` VALUES ('52504', 'AL:1:50007', '52501', '52501', 'task001', '52505', null, '', 'userTask', null, '2019-06-05 15:25:37', '2019-06-05 15:25:37', '-66', '');
INSERT INTO `act_hi_actinst` VALUES ('52506', 'AL:1:50007', '52501', '52501', 'task002', '52507', null, '', 'userTask', 'kebi', '2019-06-05 15:25:37', '2019-06-05 15:26:14', '37153', '');
INSERT INTO `act_hi_actinst` VALUES ('52513', 'AL:1:50007', '52501', '52501', 'sid-C2308BBD-68C1-48A8-AFC3-6393C6380FE2', null, null, null, 'endEvent', null, '2019-06-05 15:26:14', '2019-06-05 15:26:14', '0', '');
INSERT INTO `act_hi_actinst` VALUES ('55002', 'AL:1:50007', '55001', '55001', 'sid-F51443AC-8559-47D5-A58E-AD20B1CB2F63', null, null, null, 'startEvent', null, '2019-06-05 15:49:45', '2019-06-05 15:49:45', '33', '');
INSERT INTO `act_hi_actinst` VALUES ('55004', 'AL:1:50007', '55001', '55001', 'task001', '55005', null, '', 'userTask', null, '2019-06-05 15:49:45', '2019-06-05 15:49:45', '377', '');
INSERT INTO `act_hi_actinst` VALUES ('55006', 'AL:1:50007', '55001', '55001', 'task002', '55007', null, '', 'userTask', 'kebi', '2019-06-05 15:49:45', '2019-06-05 15:50:12', '26666', '');
INSERT INTO `act_hi_actinst` VALUES ('55012', 'AL:1:50007', '55001', '55001', 'sid-C2308BBD-68C1-48A8-AFC3-6393C6380FE2', null, null, null, 'endEvent', null, '2019-06-05 15:50:12', '2019-06-05 15:50:12', '0', '');
INSERT INTO `act_hi_actinst` VALUES ('57502', 'AL:1:50007', '57501', '57501', 'sid-F51443AC-8559-47D5-A58E-AD20B1CB2F63', null, null, null, 'startEvent', null, '2019-06-05 16:00:01', '2019-06-05 16:00:01', '28', '');
INSERT INTO `act_hi_actinst` VALUES ('57504', 'AL:1:50007', '57501', '57501', 'task001', '57505', null, '', 'userTask', null, '2019-06-05 16:00:01', '2019-06-05 16:00:01', '432', '');
INSERT INTO `act_hi_actinst` VALUES ('57506', 'AL:1:50007', '57501', '57501', 'task002', '57507', null, '', 'userTask', 'kebi', '2019-06-05 16:00:01', '2019-06-05 16:00:25', '23939', '');
INSERT INTO `act_hi_actinst` VALUES ('57512', 'AL:1:50007', '57501', '57501', 'sid-C2308BBD-68C1-48A8-AFC3-6393C6380FE2', null, null, null, 'endEvent', null, '2019-06-05 16:00:25', '2019-06-05 16:00:25', '0', '');
INSERT INTO `act_hi_actinst` VALUES ('57514', 'AL:1:50007', '57513', '57513', 'sid-F51443AC-8559-47D5-A58E-AD20B1CB2F63', null, null, null, 'startEvent', null, '2019-06-05 16:07:42', '2019-06-05 16:07:42', '2', '');
INSERT INTO `act_hi_actinst` VALUES ('57516', 'AL:1:50007', '57513', '57513', 'task001', '57517', null, '', 'userTask', null, '2019-06-05 16:07:42', '2019-06-05 16:07:43', '514', '');
INSERT INTO `act_hi_actinst` VALUES ('57518', 'AL:1:50007', '57513', '57513', 'task002', '57519', null, '', 'userTask', 'kebi', '2019-06-05 16:07:43', '2019-06-05 16:22:48', '904790', '');
INSERT INTO `act_hi_actinst` VALUES ('60003', 'AL:1:50007', '57513', '57513', 'task001', '60004', null, '', 'userTask', null, '2019-06-05 16:22:48', null, null, '');
INSERT INTO `act_hi_actinst` VALUES ('62509', 'OT:1:62507', '62508', '62508', 'startEvent', null, null, '', 'startEvent', null, '2019-06-05 16:36:31', '2019-06-05 16:36:31', '16', '');
INSERT INTO `act_hi_actinst` VALUES ('62511', 'OT:1:62507', '62508', '62508', 'sid-E425A65C-57C3-42C2-8B21-443E95F9EEE4', '62512', null, '', 'userTask', null, '2019-06-05 16:36:31', '2019-06-05 16:36:31', '105', '');
INSERT INTO `act_hi_actinst` VALUES ('62513', 'OT:1:62507', '62508', '62508', 'sid-CA02E1A9-CD9D-429C-8EBE-F14AD7B47DC3', '62514', null, '', 'userTask', 'kebi', '2019-06-05 16:36:31', '2019-06-05 16:36:49', '17511', '');
INSERT INTO `act_hi_actinst` VALUES ('62519', 'OT:1:62507', '62508', '62508', 'sid-4F563381-F1F7-466A-A40F-21B682C7AAD8', '62520', null, '', 'userTask', 'jordan', '2019-06-05 16:36:49', '2019-06-05 16:39:58', '188783', '');
INSERT INTO `act_hi_actinst` VALUES ('62524', 'OT:1:62507', '62508', '62508', 'sid-CA02E1A9-CD9D-429C-8EBE-F14AD7B47DC3', '62525', null, '', 'userTask', 'kebi', '2019-06-05 16:39:58', '2019-06-05 16:41:08', '70309', '');
INSERT INTO `act_hi_actinst` VALUES ('62527', 'OT:1:62507', '62508', '62508', 'sid-4F563381-F1F7-466A-A40F-21B682C7AAD8', '62528', null, '', 'userTask', 'jordan', '2019-06-05 16:41:08', '2019-06-05 16:41:41', '32912', '');
INSERT INTO `act_hi_actinst` VALUES ('62530', 'OT:1:62507', '62508', '62508', 'endEvent', null, null, '', 'endEvent', null, '2019-06-05 16:41:41', '2019-06-05 16:41:41', '0', '');
INSERT INTO `act_hi_actinst` VALUES ('62533', 'OT:1:62507', '62531', '62531', 'startEvent', null, null, '', 'startEvent', null, '2019-06-05 16:47:07', '2019-06-05 16:47:07', '1', '');
INSERT INTO `act_hi_actinst` VALUES ('62535', 'OT:1:62507', '62531', '62531', 'sid-E425A65C-57C3-42C2-8B21-443E95F9EEE4', '62536', null, '', 'userTask', null, '2019-06-05 16:47:07', '2019-06-05 16:47:07', '216', '');
INSERT INTO `act_hi_actinst` VALUES ('62537', 'OT:1:62507', '62531', '62531', 'sid-CA02E1A9-CD9D-429C-8EBE-F14AD7B47DC3', '62538', null, '', 'userTask', 'kebi', '2019-06-05 16:47:07', '2019-06-05 16:47:55', '48402', '');
INSERT INTO `act_hi_actinst` VALUES ('62543', 'OT:1:62507', '62531', '62531', 'sid-4F563381-F1F7-466A-A40F-21B682C7AAD8', '62544', null, '', 'userTask', 'jordan', '2019-06-05 16:47:55', '2019-06-05 16:48:53', '57807', '');
INSERT INTO `act_hi_actinst` VALUES ('62547', 'OT:1:62507', '62531', '62531', 'endEvent', null, null, '', 'endEvent', null, '2019-06-05 16:48:53', '2019-06-05 16:48:53', '0', '');
INSERT INTO `act_hi_actinst` VALUES ('65002', 'OT:1:62507', '65001', '65001', 'startEvent', null, null, '', 'startEvent', null, '2019-06-05 17:28:09', '2019-06-05 17:28:09', '17', '');
INSERT INTO `act_hi_actinst` VALUES ('65004', 'OT:1:62507', '65001', '65001', 'sid-E425A65C-57C3-42C2-8B21-443E95F9EEE4', '65005', null, '', 'userTask', null, '2019-06-05 17:28:09', '2019-06-05 17:28:10', '619', '');
INSERT INTO `act_hi_actinst` VALUES ('65006', 'OT:1:62507', '65001', '65001', 'sid-CA02E1A9-CD9D-429C-8EBE-F14AD7B47DC3', '65007', null, '', 'userTask', 'kebi', '2019-06-05 17:28:10', '2019-06-05 17:29:06', '56266', '');
INSERT INTO `act_hi_actinst` VALUES ('65012', 'OT:1:62507', '65001', '65001', 'sid-4F563381-F1F7-466A-A40F-21B682C7AAD8', '65013', null, '', 'userTask', 'jordan', '2019-06-05 17:29:06', '2019-06-05 17:30:07', '60626', '');
INSERT INTO `act_hi_actinst` VALUES ('65017', 'OT:1:62507', '65001', '65001', 'endEvent', null, null, '', 'endEvent', null, '2019-06-05 17:30:07', '2019-06-05 17:30:07', '0', '');
INSERT INTO `act_hi_actinst` VALUES ('65019', 'AL:1:50007', '65018', '65018', 'sid-F51443AC-8559-47D5-A58E-AD20B1CB2F63', null, null, null, 'startEvent', null, '2019-06-05 17:36:51', '2019-06-05 17:36:51', '1', '');
INSERT INTO `act_hi_actinst` VALUES ('65021', 'AL:1:50007', '65018', '65018', 'task001', '65022', null, '', 'userTask', null, '2019-06-05 17:36:51', '2019-06-05 17:36:51', '95', '');
INSERT INTO `act_hi_actinst` VALUES ('65023', 'AL:1:50007', '65018', '65018', 'task002', '65024', null, '', 'userTask', 'kebi', '2019-06-05 17:36:51', '2019-06-10 10:38:06', '406875008', '');
INSERT INTO `act_hi_actinst` VALUES ('75002', 'OT:1:62507', '75001', '75001', 'startEvent', null, null, '', 'startEvent', null, '2019-06-10 09:18:16', '2019-06-10 09:18:16', '58', '');
INSERT INTO `act_hi_actinst` VALUES ('75004', 'OT:1:62507', '75001', '75001', 'sid-E425A65C-57C3-42C2-8B21-443E95F9EEE4', '75005', null, '', 'userTask', null, '2019-06-10 09:18:16', '2019-06-10 09:18:16', '139', '');
INSERT INTO `act_hi_actinst` VALUES ('75006', 'OT:1:62507', '75001', '75001', 'sid-CA02E1A9-CD9D-429C-8EBE-F14AD7B47DC3', '75007', null, '', 'userTask', 'kebi', '2019-06-10 09:18:16', '2019-06-10 16:53:39', '27322859', '');
INSERT INTO `act_hi_actinst` VALUES ('82504', 'AL:1:50007', '65018', '65018', 'sid-C2308BBD-68C1-48A8-AFC3-6393C6380FE2', null, null, null, 'endEvent', null, '2019-06-10 10:38:06', '2019-06-10 10:38:06', '0', '');
INSERT INTO `act_hi_actinst` VALUES ('85001', 'OT:1:62507', '75001', '75001', 'sid-E425A65C-57C3-42C2-8B21-443E95F9EEE4', '85002', null, '', 'userTask', null, '2019-06-10 16:53:39', null, null, '');
INSERT INTO `act_hi_actinst` VALUES ('87507', 'CL:1:87505', '87506', '87506', 'sid-73791331-07AE-478D-868B-E91A90FB342A', null, null, null, 'startEvent', null, '2019-06-10 17:14:16', '2019-06-10 17:14:16', '16', '');
INSERT INTO `act_hi_actinst` VALUES ('87509', 'CL:1:87505', '87506', '87506', 'sid-02CA1EF1-2E99-4DFE-A1A5-D3958BE6A9A5', '87510', null, '', 'userTask', null, '2019-06-10 17:14:16', '2019-06-10 17:14:16', '68', '');
INSERT INTO `act_hi_actinst` VALUES ('87511', 'CL:1:87505', '87506', '87506', 'sid-10DAA5C2-4B4E-4A37-885E-82BB63F809F4', '87512', null, '', 'userTask', 'kebi', '2019-06-10 17:14:16', '2019-06-10 17:16:15', '118928', '');
INSERT INTO `act_hi_actinst` VALUES ('87519', 'CL:1:87505', '87506', '87506', 'sid-07A81BC6-45D2-44BF-AFB1-0D5972616423', '87520', null, '', 'userTask', 'jordan', '2019-06-10 17:16:15', '2019-06-10 17:16:36', '21340', '');
INSERT INTO `act_hi_actinst` VALUES ('87524', 'CL:1:87505', '87506', '87506', 'sid-44A728BA-80CF-48E6-9E70-6CACB8DF726C', '87525', null, '', 'userTask', 'adam', '2019-06-10 17:16:36', '2019-06-10 17:17:06', '30348', '');
INSERT INTO `act_hi_actinst` VALUES ('87527', 'CL:1:87505', '87506', '87506', 'sid-10DAA5C2-4B4E-4A37-885E-82BB63F809F4', '87528', null, '', 'userTask', 'kebi', '2019-06-10 17:17:06', '2019-06-10 17:18:10', '63514', '');
INSERT INTO `act_hi_actinst` VALUES ('87530', 'CL:1:87505', '87506', '87506', 'sid-07A81BC6-45D2-44BF-AFB1-0D5972616423', '87531', null, '', 'userTask', 'jordan', '2019-06-10 17:18:10', '2019-06-10 17:18:41', '30910', '');
INSERT INTO `act_hi_actinst` VALUES ('87533', 'CL:1:87505', '87506', '87506', 'sid-44A728BA-80CF-48E6-9E70-6CACB8DF726C', '87534', null, '', 'userTask', 'adam', '2019-06-10 17:18:41', '2019-06-10 17:19:08', '27446', '');
INSERT INTO `act_hi_actinst` VALUES ('87535', 'CL:1:87505', '87506', '87506', 'sid-07A81BC6-45D2-44BF-AFB1-0D5972616423', '87536', null, '', 'userTask', 'jordan', '2019-06-10 17:19:08', '2019-06-10 17:19:52', '44151', '');
INSERT INTO `act_hi_actinst` VALUES ('87538', 'CL:1:87505', '87506', '87506', 'sid-44A728BA-80CF-48E6-9E70-6CACB8DF726C', '87539', null, '', 'userTask', 'adam', '2019-06-10 17:19:52', '2019-06-10 17:20:19', '26525', '');
INSERT INTO `act_hi_actinst` VALUES ('87542', 'CL:1:87505', '87506', '87506', 'sid-A3ED84F5-22A6-408B-B6E9-72B2BDA41B8E', null, null, null, 'endEvent', null, '2019-06-10 17:20:19', '2019-06-10 17:20:19', '0', '');
INSERT INTO `act_hi_actinst` VALUES ('90002', 'OT:1:62507', '90001', '90001', 'startEvent', null, null, '', 'startEvent', null, '2019-06-10 17:46:46', '2019-06-10 17:46:46', '17', '');
INSERT INTO `act_hi_actinst` VALUES ('90004', 'OT:1:62507', '90001', '90001', 'sid-E425A65C-57C3-42C2-8B21-443E95F9EEE4', '90005', null, '', 'userTask', null, '2019-06-10 17:46:46', '2019-06-10 17:46:46', '490', '');
INSERT INTO `act_hi_actinst` VALUES ('90006', 'OT:1:62507', '90001', '90001', 'sid-CA02E1A9-CD9D-429C-8EBE-F14AD7B47DC3', '90007', null, '', 'userTask', 'klay', '2019-06-10 17:46:46', '2019-06-10 17:53:44', '417503', '');
INSERT INTO `act_hi_actinst` VALUES ('90015', 'OT:1:62507', '90001', '90001', 'sid-4F563381-F1F7-466A-A40F-21B682C7AAD8', '90016', null, '', 'userTask', 'jordan', '2019-06-10 17:53:44', '2019-06-10 17:54:54', '70281', '');
INSERT INTO `act_hi_actinst` VALUES ('90018', 'OT:1:62507', '90001', '90001', 'sid-CA02E1A9-CD9D-429C-8EBE-F14AD7B47DC3', '90019', null, '', 'userTask', 'kebi', '2019-06-10 17:54:54', '2019-06-10 17:55:36', '42303', '');
INSERT INTO `act_hi_actinst` VALUES ('90022', 'OT:1:62507', '90001', '90001', 'sid-4F563381-F1F7-466A-A40F-21B682C7AAD8', '90023', null, '', 'userTask', 'jordan', '2019-06-10 17:55:36', '2019-06-10 17:56:17', '41470', '');
INSERT INTO `act_hi_actinst` VALUES ('90026', 'OT:1:62507', '90001', '90001', 'endEvent', null, null, '', 'endEvent', null, '2019-06-10 17:56:17', '2019-06-10 17:56:17', '0', '');
INSERT INTO `act_hi_actinst` VALUES ('90028', 'OT:1:62507', '90027', '90027', 'startEvent', null, null, '', 'startEvent', null, '2019-06-10 17:59:15', '2019-06-10 17:59:15', '2', '');
INSERT INTO `act_hi_actinst` VALUES ('90030', 'OT:1:62507', '90027', '90027', 'sid-E425A65C-57C3-42C2-8B21-443E95F9EEE4', '90031', null, '', 'userTask', null, '2019-06-10 17:59:15', '2019-06-10 17:59:16', '552', '');
INSERT INTO `act_hi_actinst` VALUES ('90032', 'OT:1:62507', '90027', '90027', 'sid-CA02E1A9-CD9D-429C-8EBE-F14AD7B47DC3', '90033', null, '', 'userTask', 'kebi', '2019-06-10 17:59:16', '2019-06-10 18:16:52', '1056341', '');

-- ----------------------------
-- Table structure for act_hi_attachment
-- ----------------------------
DROP TABLE IF EXISTS `act_hi_attachment`;
CREATE TABLE `act_hi_attachment` (
  `ID_` varchar(64) COLLATE utf8_bin NOT NULL,
  `REV_` int(11) DEFAULT NULL,
  `USER_ID_` varchar(255) COLLATE utf8_bin DEFAULT NULL,
  `NAME_` varchar(255) COLLATE utf8_bin DEFAULT NULL,
  `DESCRIPTION_` varchar(4000) COLLATE utf8_bin DEFAULT NULL,
  `TYPE_` varchar(255) COLLATE utf8_bin DEFAULT NULL,
  `TASK_ID_` varchar(64) COLLATE utf8_bin DEFAULT NULL,
  `PROC_INST_ID_` varchar(64) COLLATE utf8_bin DEFAULT NULL,
  `URL_` varchar(4000) COLLATE utf8_bin DEFAULT NULL,
  `CONTENT_ID_` varchar(64) COLLATE utf8_bin DEFAULT NULL,
  `TIME_` datetime DEFAULT NULL,
  PRIMARY KEY (`ID_`)
) ENGINE=InnoDB DEFAULT CHARSET=utf8 COLLATE=utf8_bin;

-- ----------------------------
-- Records of act_hi_attachment
-- ----------------------------

-- ----------------------------
-- Table structure for act_hi_comment
-- ----------------------------
DROP TABLE IF EXISTS `act_hi_comment`;
CREATE TABLE `act_hi_comment` (
  `ID_` varchar(64) COLLATE utf8_bin NOT NULL,
  `TYPE_` varchar(255) COLLATE utf8_bin DEFAULT NULL,
  `TIME_` datetime NOT NULL,
  `USER_ID_` varchar(255) COLLATE utf8_bin DEFAULT NULL,
  `TASK_ID_` varchar(64) COLLATE utf8_bin DEFAULT NULL,
  `PROC_INST_ID_` varchar(64) COLLATE utf8_bin DEFAULT NULL,
  `ACTION_` varchar(255) COLLATE utf8_bin DEFAULT NULL,
  `MESSAGE_` varchar(4000) COLLATE utf8_bin DEFAULT NULL,
  `FULL_MSG_` longblob,
  PRIMARY KEY (`ID_`)
) ENGINE=InnoDB DEFAULT CHARSET=utf8 COLLATE=utf8_bin;

-- ----------------------------
-- Records of act_hi_comment
-- ----------------------------
INSERT INTO `act_hi_comment` VALUES ('100001', 'comment', '2019-06-10 18:16:52', '[]', '90033', '90027', 'AddComment', '', 0xBFC9D2D4);
INSERT INTO `act_hi_comment` VALUES ('102501', 'comment', '2019-06-10 18:19:59', '[]', '100008', '90027', 'AddComment', '', 0xBFC9D2D4A3ACD7A2D2E2C9EDCCE5);
INSERT INTO `act_hi_comment` VALUES ('102504', 'comment', '2019-06-10 18:20:45', '[]', '102503', '90027', 'AddComment', ' ', 0xBFC6B1C820C4E3D4DABFB4BFB4);
INSERT INTO `act_hi_comment` VALUES ('102508', 'comment', '2019-06-10 18:21:10', '[]', '102507', '90027', 'AddComment', 'OK ', 0x4F4B20C3BBD3D0CECACCE2);
INSERT INTO `act_hi_comment` VALUES ('102511', 'comment', '2019-06-10 18:21:27', '[]', '102510', '90027', 'AddComment', ' ', 0xBFC9D2D42020);
INSERT INTO `act_hi_comment` VALUES ('112513', 'event', '2019-07-29 13:22:49', null, '112507', null, 'AddUserLink', 'jordan_|_assignee', null);
INSERT INTO `act_hi_comment` VALUES ('112514', 'comment', '2019-07-29 13:22:49', '[]', '112507', '112501', 'AddComment', '', 0xC0CFD7DCC4E3C5FAD7BCB0C9);
INSERT INTO `act_hi_comment` VALUES ('112515', 'comment', '2019-07-29 13:26:41', '[]', '112507', '112501', 'AddComment', '', 0xBFC9D2D4);
INSERT INTO `act_hi_comment` VALUES ('112531', 'comment', '2019-07-29 13:29:01', '[]', '112525', '112519', 'AddComment', '', 0xCEAFC5C9B8F8C7C7B5A4);
INSERT INTO `act_hi_comment` VALUES ('112532', 'comment', '2019-07-29 13:31:29', '[]', '112525', '112519', 'AddComment', '', 0xBFC9D2D4);
INSERT INTO `act_hi_comment` VALUES ('112533', 'comment', '2019-07-29 13:32:35', '[]', '112525', '112519', 'AddComment', ' ', 0xCBE3C1CB20B1F0C8A5C1CB);
INSERT INTO `act_hi_comment` VALUES ('115022', 'comment', '2019-07-29 14:43:41', '[]', '115019', '115013', 'AddComment', '', 0xBFC9D2D4);
INSERT INTO `act_hi_comment` VALUES ('117510', 'comment', '2019-07-29 16:26:42', '[]', '102526', '102520', 'AddComment', ' ', 0xBFCBC0B320C5AAD2BBCFC2);
INSERT INTO `act_hi_comment` VALUES ('117513', 'comment', '2019-07-29 16:35:14', '[]', '117507', '117501', 'AddComment', ' ', 0xBFCBC0B320C4E3C0B4);
INSERT INTO `act_hi_comment` VALUES ('117514', 'comment', '2019-07-29 16:35:45', '[]', '117507', '117501', 'AddComment', '', 0xBFC9D2D4);
INSERT INTO `act_hi_comment` VALUES ('117515', 'comment', '2019-07-29 16:36:21', '[]', '117507', '117501', 'AddComment', ' ', 0xBFC9D2D42020BAC3BAC3D0DDCFA2);
INSERT INTO `act_hi_comment` VALUES ('117519', 'comment', '2019-07-29 16:38:25', '[]', '102526', '102520', 'AddComment', '', 0xBFC9D2D4);
INSERT INTO `act_hi_comment` VALUES ('117521', 'comment', '2019-07-29 16:38:50', '[]', '102526', '102520', 'AddComment', '', 0xBFC9D2D4);
INSERT INTO `act_hi_comment` VALUES ('117522', 'comment', '2019-07-29 16:40:48', '[]', '102526', '102520', 'AddComment', '', 0xBFC9D2D4);
INSERT INTO `act_hi_comment` VALUES ('117545', 'comment', '2019-07-29 16:45:33', '[]', '117540', '117534', 'AddComment', '', 0xBFCBC0B3BFB4D2BBCFC2);
INSERT INTO `act_hi_comment` VALUES ('117547', 'comment', '2019-07-29 16:56:13', '[]', '117540', '117534', 'AddComment', 'klay', 0xBBB9CAC76B6C6179C5AAB0C9);
INSERT INTO `act_hi_comment` VALUES ('117548', 'comment', '2019-07-29 16:57:14', '[]', '117540', '117534', 'AddComment', '', 0xC7C7B5A4C0B4);
INSERT INTO `act_hi_comment` VALUES ('117549', 'comment', '2019-07-29 16:57:44', '[]', '117540', '117534', 'AddComment', '', 0xCDEAB3C9C1CB);
INSERT INTO `act_hi_comment` VALUES ('117550', 'comment', '2019-07-29 16:59:54', '[]', '117540', '117534', 'AddComment', '', 0xBFC9D2D4);
INSERT INTO `act_hi_comment` VALUES ('117555', 'comment', '2019-07-29 17:03:11', '[]', '115011', '115005', 'AddComment', '', 0xBFCBC0B3BFB4D2BBCFC2);
INSERT INTO `act_hi_comment` VALUES ('120010', 'comment', '2019-07-29 17:09:58', '[]', '120007', '120001', 'AddComment', '111', 0x313131);
INSERT INTO `act_hi_comment` VALUES ('120011', 'comment', '2019-07-29 17:10:05', '[]', '120007', '120001', 'AddComment', '1', 0x31);
INSERT INTO `act_hi_comment` VALUES ('120013', 'comment', '2019-07-29 17:10:31', '[]', '120007', '120001', 'AddComment', '', 0xCDEAB3C9);
INSERT INTO `act_hi_comment` VALUES ('120014', 'comment', '2019-07-29 17:10:42', '[]', '120007', '120001', 'AddComment', '', 0xBFC9D2D4);
INSERT INTO `act_hi_comment` VALUES ('120018', 'comment', '2019-07-29 17:14:44', '[]', '115011', '115005', 'AddComment', '', 0xCDEACAC2);
INSERT INTO `act_hi_comment` VALUES ('120019', 'comment', '2019-07-29 17:14:57', '[]', '115011', '115005', 'AddComment', '', 0xBFC9D2D4);
INSERT INTO `act_hi_comment` VALUES ('122510', 'event', '2019-07-29 17:32:46', null, '122507', null, 'AddUserLink', 'kebi_|_assignee', null);
INSERT INTO `act_hi_comment` VALUES ('122511', 'comment', '2019-07-29 17:32:46', '[]', '122507', '122501', 'AddComment', '', 0xBFC6B1C8);
INSERT INTO `act_hi_comment` VALUES ('122512', 'comment', '2019-07-29 17:33:31', '[]', '122507', '122501', 'AddComment', '', 0xBFC6B1C8);
INSERT INTO `act_hi_comment` VALUES ('122513', 'comment', '2019-07-29 17:35:15', '[]', '122507', '122501', 'AddComment', '', 0xBFC9D2D4);
INSERT INTO `act_hi_comment` VALUES ('125002', 'comment', '2019-07-30 09:33:26', '[]', '122507', '122501', 'AddComment', '', 0xC8C3BFCBC0B3C8A5B0C9);
INSERT INTO `act_hi_comment` VALUES ('130002', 'comment', '2019-07-30 13:17:28', '[]', '127507', '127501', 'AddComment', '', 0xBFCBC0B3C8A5B0ECB0C9);
INSERT INTO `act_hi_comment` VALUES ('130003', 'comment', '2019-07-30 13:18:55', '[]', '122507', '122501', 'AddComment', '', 0xBFC9D2D4);
INSERT INTO `act_hi_comment` VALUES ('130004', 'comment', '2019-07-30 13:19:31', '[]', '122507', '122501', 'AddComment', '', 0xBFC9D2D4);
INSERT INTO `act_hi_comment` VALUES ('130008', 'comment', '2019-07-30 13:21:23', '[]', '127507', '127501', 'AddComment', '', 0xBFC9D2D4);
INSERT INTO `act_hi_comment` VALUES ('130009', 'comment', '2019-07-30 13:21:47', '[]', '127507', '127501', 'AddComment', '', 0xBFC9D2D4);
INSERT INTO `act_hi_comment` VALUES ('130022', 'comment', '2019-07-30 13:37:10', '[]', '130019', '130013', 'AddComment', '', 0xCAD4CAD4);
INSERT INTO `act_hi_comment` VALUES ('132501', 'comment', '2019-07-30 13:46:38', '[]', '130036', '130030', 'AddComment', '', 0xCDACD2E2);
INSERT INTO `act_hi_comment` VALUES ('135010', 'comment', '2019-07-31 14:09:13', '[]', '135007', '135001', 'AddComment', '', 0xD3D0B5E3C3A6);
INSERT INTO `act_hi_comment` VALUES ('135023', 'comment', '2019-07-31 14:11:29', '[]', '135020', '135014', 'AddComment', '', 0xCBE3C1CBB1F0C8A5C1CB);
INSERT INTO `act_hi_comment` VALUES ('140001', 'comment', '2019-07-31 15:43:41', '[]', '137502', '135014', 'AddComment', '', 0xCBE3C1CBB0C9);
INSERT INTO `act_hi_comment` VALUES ('140007', 'comment', '2019-07-31 15:44:54', '[]', '140005', '135014', 'AddComment', '', 0xBFC9D2D4);
INSERT INTO `act_hi_comment` VALUES ('52509', 'comment', '2019-06-05 15:26:14', '[]', '52507', '52501', 'AddComment', '', 0xCDACD2E2);
INSERT INTO `act_hi_comment` VALUES ('55009', 'comment', '2019-06-05 15:50:12', null, '55007', '55001', 'AddComment', '', 0xCDACD2E2);
INSERT INTO `act_hi_comment` VALUES ('57509', 'comment', '2019-06-05 16:00:25', '[]', '57507', '57501', 'AddComment', '', 0xCDACD2E2);
INSERT INTO `act_hi_comment` VALUES ('60001', 'comment', '2019-06-05 16:22:47', '[]', '57519', '57513', 'AddComment', '', 0xB2BBD0D0);
INSERT INTO `act_hi_comment` VALUES ('62516', 'comment', '2019-06-05 16:36:48', '[]', '62514', '62508', 'AddComment', '', 0xCDACD2E2);
INSERT INTO `act_hi_comment` VALUES ('62522', 'comment', '2019-06-05 16:39:58', '[]', '62520', '62508', 'AddComment', '', 0xB9FDBDDAB1F0BCD3B0E0C1CB);
INSERT INTO `act_hi_comment` VALUES ('62526', 'comment', '2019-06-05 16:41:08', '[]', '62525', '62508', 'AddComment', '', 0xBFCDBBA7D2AAC7F3B1D8D0EBC5AACDEA);
INSERT INTO `act_hi_comment` VALUES ('62529', 'comment', '2019-06-05 16:41:41', '[]', '62528', '62508', 'AddComment', '', 0xBAC3B0C9A3ACC8FDB1B6B9A4D7CA);
INSERT INTO `act_hi_comment` VALUES ('62540', 'comment', '2019-06-05 16:47:55', '[]', '62538', '62531', 'AddComment', '', 0xCDACD2E2);
INSERT INTO `act_hi_comment` VALUES ('62546', 'comment', '2019-06-05 16:48:53', '[]', '62544', '62531', 'AddComment', '', 0xCDACD2E2);
INSERT INTO `act_hi_comment` VALUES ('65009', 'comment', '2019-06-05 17:29:06', '[]', '65007', '65001', 'AddComment', '', 0xCDACD2E2);
INSERT INTO `act_hi_comment` VALUES ('65015', 'comment', '2019-06-05 17:30:07', '[]', '65013', '65001', 'AddComment', '', 0xCDACD2E2);
INSERT INTO `act_hi_comment` VALUES ('67502', 'comment', '2019-06-06 11:34:43', '[]', '65024', '65018', 'AddComment', '', 0xCDACD2E2);
INSERT INTO `act_hi_comment` VALUES ('70001', 'comment', '2019-06-06 13:34:36', '[]', '65024', '65018', 'AddComment', '', 0xCDACD2E2);
INSERT INTO `act_hi_comment` VALUES ('77502', 'event', '2019-06-10 09:36:18', null, '75007', null, 'AddUserLink', 'klay_|_assignee', null);
INSERT INTO `act_hi_comment` VALUES ('77503', 'event', '2019-06-10 09:36:54', null, '75007', null, 'AddUserLink', 'kebi_|_assignee', null);
INSERT INTO `act_hi_comment` VALUES ('80001', 'comment', '2019-06-10 10:33:38', '[]', '65024', '65018', 'AddComment', '', 0xCDACD2E2);
INSERT INTO `act_hi_comment` VALUES ('80002', 'comment', '2019-06-10 10:33:38', '[]', '65024', '65018', 'AddComment', '', 0xCDACD2E2);
INSERT INTO `act_hi_comment` VALUES ('82501', 'comment', '2019-06-10 10:38:06', '[]', '65024', '65018', 'AddComment', '', 0xBFC9D2D4);
INSERT INTO `act_hi_comment` VALUES ('87515', 'comment', '2019-06-10 17:15:44', '[]', '87512', '87506', 'AddComment', '', 0xD2D1BEADD3D0D1E9D6A4);
INSERT INTO `act_hi_comment` VALUES ('87516', 'comment', '2019-06-10 17:16:15', '[]', '87512', '87506', 'AddComment', ' ', 0xBFC9D2D420);
INSERT INTO `act_hi_comment` VALUES ('87522', 'comment', '2019-06-10 17:16:36', '[]', '87520', '87506', 'AddComment', '', 0xBFC9D2D4);
INSERT INTO `act_hi_comment` VALUES ('87529', 'comment', '2019-06-10 17:18:09', '[]', '87528', '87506', 'AddComment', '', 0xCED2B8D0BEF5D0E8D2AAD0DDD1F8);
INSERT INTO `act_hi_comment` VALUES ('87532', 'comment', '2019-06-10 17:18:41', '[]', '87531', '87506', 'AddComment', '', 0xBFC6B1C8D2D1BEADC8B7C8CFA3ACD3A6B8C3BFC9D2D4);
INSERT INTO `act_hi_comment` VALUES ('87537', 'comment', '2019-06-10 17:19:52', '[]', '87536', '87506', 'AddComment', '', 0xCED2D2D1BEADC8B7C8CF);
INSERT INTO `act_hi_comment` VALUES ('87540', 'comment', '2019-06-10 17:20:18', '[]', '87539', '87506', 'AddComment', '', 0xBFC9D2D4);
INSERT INTO `act_hi_comment` VALUES ('90010', 'event', '2019-06-10 17:51:44', null, '90007', null, 'AddUserLink', 'klay_|_assignee', null);
INSERT INTO `act_hi_comment` VALUES ('90011', 'comment', '2019-06-10 17:52:59', '[]', '90007', '90001', 'AddComment', '', 0xD2D1D1E9D6A4A3ACD0E8D2AAD0DEB8C4);
INSERT INTO `act_hi_comment` VALUES ('90012', 'comment', '2019-06-10 17:53:43', '[]', '90007', '90001', 'AddComment', '', 0xBFC6B1C8D2B2BFB4B9FDC1CBA3ACBCCCD0F8);
INSERT INTO `act_hi_comment` VALUES ('90020', 'comment', '2019-06-10 17:55:36', '[]', '90019', '90001', 'AddComment', '', 0xBFC9D2D4);
INSERT INTO `act_hi_comment` VALUES ('90024', 'comment', '2019-06-10 17:56:17', '[]', '90023', '90001', 'AddComment', '', 0xCDACD2E2);
INSERT INTO `act_hi_comment` VALUES ('92502', 'event', '2019-06-10 18:04:33', null, '90033', null, 'AddUserLink', 'klay_|_assignee', null);
INSERT INTO `act_hi_comment` VALUES ('92503', 'comment', '2019-06-10 18:04:33', null, '90033', '90027', 'AddComment', '', 0xCED2BDABC8CECEF1D7AAB0ECB8F8BFCBC0B3C1CB);
INSERT INTO `act_hi_comment` VALUES ('95001', 'event', '2019-06-10 18:11:22', null, '90033', null, 'AddUserLink', 'kebi_|_assignee', null);
INSERT INTO `act_hi_comment` VALUES ('95002', 'comment', '2019-06-10 18:11:22', '[]', '90033', '90027', 'AddComment', '', 0xBBB9CAC7D7AAB8F8BFC6B1C8);
INSERT INTO `act_hi_comment` VALUES ('95003', 'comment', '2019-06-10 18:12:01', '[]', '90033', '90027', 'AddComment', '', 0xD3D0BADCB6E0B6ABCEF7D0E8D2AACEAFC5C9B8F8BFCBC0B3);
INSERT INTO `act_hi_comment` VALUES ('97501', 'comment', '2019-06-10 18:14:59', '[]', '90033', '90027', 'AddComment', ' ', 0xBFC9D2D420D2D1BEADB8FCD0C2B4F3B2BFB7D6);

-- ----------------------------
-- Table structure for act_hi_detail
-- ----------------------------
DROP TABLE IF EXISTS `act_hi_detail`;
CREATE TABLE `act_hi_detail` (
  `ID_` varchar(64) COLLATE utf8_bin NOT NULL,
  `TYPE_` varchar(255) COLLATE utf8_bin NOT NULL,
  `PROC_INST_ID_` varchar(64) COLLATE utf8_bin DEFAULT NULL,
  `EXECUTION_ID_` varchar(64) COLLATE utf8_bin DEFAULT NULL,
  `TASK_ID_` varchar(64) COLLATE utf8_bin DEFAULT NULL,
  `ACT_INST_ID_` varchar(64) COLLATE utf8_bin DEFAULT NULL,
  `NAME_` varchar(255) COLLATE utf8_bin NOT NULL,
  `VAR_TYPE_` varchar(255) COLLATE utf8_bin DEFAULT NULL,
  `REV_` int(11) DEFAULT NULL,
  `TIME_` datetime NOT NULL,
  `BYTEARRAY_ID_` varchar(64) COLLATE utf8_bin DEFAULT NULL,
  `DOUBLE_` double DEFAULT NULL,
  `LONG_` bigint(20) DEFAULT NULL,
  `TEXT_` varchar(4000) COLLATE utf8_bin DEFAULT NULL,
  `TEXT2_` varchar(4000) COLLATE utf8_bin DEFAULT NULL,
  PRIMARY KEY (`ID_`),
  KEY `ACT_IDX_HI_DETAIL_PROC_INST` (`PROC_INST_ID_`),
  KEY `ACT_IDX_HI_DETAIL_ACT_INST` (`ACT_INST_ID_`),
  KEY `ACT_IDX_HI_DETAIL_TIME` (`TIME_`),
  KEY `ACT_IDX_HI_DETAIL_NAME` (`NAME_`),
  KEY `ACT_IDX_HI_DETAIL_TASK_ID` (`TASK_ID_`)
) ENGINE=InnoDB DEFAULT CHARSET=utf8 COLLATE=utf8_bin;

-- ----------------------------
-- Records of act_hi_detail
-- ----------------------------

-- ----------------------------
-- Table structure for act_hi_identitylink
-- ----------------------------
DROP TABLE IF EXISTS `act_hi_identitylink`;
CREATE TABLE `act_hi_identitylink` (
  `ID_` varchar(64) COLLATE utf8_bin NOT NULL DEFAULT '',
  `GROUP_ID_` varchar(255) COLLATE utf8_bin DEFAULT NULL,
  `TYPE_` varchar(255) COLLATE utf8_bin DEFAULT NULL,
  `USER_ID_` varchar(255) COLLATE utf8_bin DEFAULT NULL,
  `TASK_ID_` varchar(64) COLLATE utf8_bin DEFAULT NULL,
  `PROC_INST_ID_` varchar(64) COLLATE utf8_bin DEFAULT NULL,
  PRIMARY KEY (`ID_`),
  KEY `ACT_IDX_HI_IDENT_LNK_USER` (`USER_ID_`),
  KEY `ACT_IDX_HI_IDENT_LNK_TASK` (`TASK_ID_`),
  KEY `ACT_IDX_HI_IDENT_LNK_PROCINST` (`PROC_INST_ID_`)
) ENGINE=InnoDB DEFAULT CHARSET=utf8 COLLATE=utf8_bin;

-- ----------------------------
-- Records of act_hi_identitylink
-- ----------------------------
INSERT INTO `act_hi_identitylink` VALUES ('100003', null, 'participant', '[]', null, '90027');
INSERT INTO `act_hi_identitylink` VALUES ('100006', null, 'participant', 'jordan', null, '90027');
INSERT INTO `act_hi_identitylink` VALUES ('102505', null, 'participant', '[]', null, '90027');
INSERT INTO `act_hi_identitylink` VALUES ('102527', null, 'candidate', 'kebi', '102526', null);
INSERT INTO `act_hi_identitylink` VALUES ('102528', null, 'participant', 'kebi', null, '102520');
INSERT INTO `act_hi_identitylink` VALUES ('102529', null, 'candidate', 'klay', '102526', null);
INSERT INTO `act_hi_identitylink` VALUES ('102530', null, 'participant', 'klay', null, '102520');
INSERT INTO `act_hi_identitylink` VALUES ('105008', null, 'candidate', 'klay', '105007', null);
INSERT INTO `act_hi_identitylink` VALUES ('105009', null, 'participant', 'klay', null, '105001');
INSERT INTO `act_hi_identitylink` VALUES ('105010', null, 'candidate', 'kebi', '105007', null);
INSERT INTO `act_hi_identitylink` VALUES ('105011', null, 'participant', 'kebi', null, '105001');
INSERT INTO `act_hi_identitylink` VALUES ('112508', null, 'candidate', 'klay', '112507', null);
INSERT INTO `act_hi_identitylink` VALUES ('112509', null, 'participant', 'klay', null, '112501');
INSERT INTO `act_hi_identitylink` VALUES ('112510', null, 'candidate', 'kebi', '112507', null);
INSERT INTO `act_hi_identitylink` VALUES ('112511', null, 'participant', 'kebi', null, '112501');
INSERT INTO `act_hi_identitylink` VALUES ('112512', null, 'participant', 'jordan', null, '112501');
INSERT INTO `act_hi_identitylink` VALUES ('112517', null, 'participant', '[]', null, '112501');
INSERT INTO `act_hi_identitylink` VALUES ('112526', null, 'candidate', 'klay', '112525', null);
INSERT INTO `act_hi_identitylink` VALUES ('112527', null, 'participant', 'klay', null, '112519');
INSERT INTO `act_hi_identitylink` VALUES ('112528', null, 'candidate', 'kebi', '112525', null);
INSERT INTO `act_hi_identitylink` VALUES ('112529', null, 'participant', 'kebi', null, '112519');
INSERT INTO `act_hi_identitylink` VALUES ('112530', null, 'participant', 'jordan', null, '112519');
INSERT INTO `act_hi_identitylink` VALUES ('112534', null, 'participant', '[]', null, '112519');
INSERT INTO `act_hi_identitylink` VALUES ('115012', null, 'participant', 'kebi', null, '115005');
INSERT INTO `act_hi_identitylink` VALUES ('115020', 'manager', 'candidate', null, '115019', null);
INSERT INTO `act_hi_identitylink` VALUES ('115021', null, 'participant', 'kebi', null, '115013');
INSERT INTO `act_hi_identitylink` VALUES ('115024', null, 'participant', '[]', null, '115013');
INSERT INTO `act_hi_identitylink` VALUES ('117508', 'manager', 'candidate', null, '117507', null);
INSERT INTO `act_hi_identitylink` VALUES ('117509', null, 'participant', 'kebi', null, '117501');
INSERT INTO `act_hi_identitylink` VALUES ('117511', null, 'participant', 'jordan', null, '102520');
INSERT INTO `act_hi_identitylink` VALUES ('117512', null, 'participant', 'klay', null, '117501');
INSERT INTO `act_hi_identitylink` VALUES ('117517', null, 'participant', '[]', null, '117501');
INSERT INTO `act_hi_identitylink` VALUES ('117524', null, 'participant', '[]', null, '102520');
INSERT INTO `act_hi_identitylink` VALUES ('117533', 'manager', 'candidate', null, '117532', null);
INSERT INTO `act_hi_identitylink` VALUES ('117541', 'manager', 'candidate', null, '117540', null);
INSERT INTO `act_hi_identitylink` VALUES ('117542', null, 'participant', 'klay', null, '117526');
INSERT INTO `act_hi_identitylink` VALUES ('117543', null, 'participant', 'kebi', null, '117534');
INSERT INTO `act_hi_identitylink` VALUES ('117544', null, 'participant', 'klay', null, '117534');
INSERT INTO `act_hi_identitylink` VALUES ('117546', null, 'participant', 'jordan', null, '117534');
INSERT INTO `act_hi_identitylink` VALUES ('117552', null, 'participant', '[]', null, '117534');
INSERT INTO `act_hi_identitylink` VALUES ('117554', null, 'participant', 'klay', null, '115005');
INSERT INTO `act_hi_identitylink` VALUES ('120008', 'manager', 'candidate', null, '120007', null);
INSERT INTO `act_hi_identitylink` VALUES ('120009', null, 'participant', 'kebi', null, '120001');
INSERT INTO `act_hi_identitylink` VALUES ('120016', null, 'participant', '[]', null, '120001');
INSERT INTO `act_hi_identitylink` VALUES ('120021', null, 'participant', '[]', null, '115005');
INSERT INTO `act_hi_identitylink` VALUES ('120024', null, 'participant', 'jordan', null, '115005');
INSERT INTO `act_hi_identitylink` VALUES ('122508', 'manager', 'candidate', null, '122507', null);
INSERT INTO `act_hi_identitylink` VALUES ('122509', null, 'participant', 'kebi', null, '122501');
INSERT INTO `act_hi_identitylink` VALUES ('125001', null, 'participant', 'klay', null, '122501');
INSERT INTO `act_hi_identitylink` VALUES ('127508', 'manager', 'candidate', null, '127507', null);
INSERT INTO `act_hi_identitylink` VALUES ('127509', null, 'participant', 'kebi', null, '127501');
INSERT INTO `act_hi_identitylink` VALUES ('130001', null, 'participant', 'klay', null, '127501');
INSERT INTO `act_hi_identitylink` VALUES ('130006', null, 'participant', '[]', null, '122501');
INSERT INTO `act_hi_identitylink` VALUES ('130011', null, 'participant', '[]', null, '127501');
INSERT INTO `act_hi_identitylink` VALUES ('130020', 'manager', 'candidate', null, '130019', null);
INSERT INTO `act_hi_identitylink` VALUES ('130021', null, 'participant', 'kebi', null, '130013');
INSERT INTO `act_hi_identitylink` VALUES ('130023', null, 'participant', '[]', null, '130013');
INSERT INTO `act_hi_identitylink` VALUES ('130037', 'manager', 'candidate', null, '130036', null);
INSERT INTO `act_hi_identitylink` VALUES ('130038', null, 'participant', 'kebi', null, '130030');
INSERT INTO `act_hi_identitylink` VALUES ('132503', null, 'participant', '[]', null, '130030');
INSERT INTO `act_hi_identitylink` VALUES ('135008', 'manager', 'candidate', null, '135007', null);
INSERT INTO `act_hi_identitylink` VALUES ('135009', null, 'participant', 'kebi', null, '135001');
INSERT INTO `act_hi_identitylink` VALUES ('135011', null, 'participant', '[]', null, '135001');
INSERT INTO `act_hi_identitylink` VALUES ('135021', 'manager', 'candidate', null, '135020', null);
INSERT INTO `act_hi_identitylink` VALUES ('135022', null, 'participant', 'kebi', null, '135014');
INSERT INTO `act_hi_identitylink` VALUES ('135024', null, 'participant', '[]', null, '135014');
INSERT INTO `act_hi_identitylink` VALUES ('137503', 'manager', 'candidate', null, '137502', null);
INSERT INTO `act_hi_identitylink` VALUES ('140006', 'manager', 'candidate', null, '140005', null);
INSERT INTO `act_hi_identitylink` VALUES ('142512', 'manager', 'candidate', null, '142511', null);
INSERT INTO `act_hi_identitylink` VALUES ('145001', null, 'participant', 'kebi', null, '142505');
INSERT INTO `act_hi_identitylink` VALUES ('52508', null, 'participant', 'kebi', null, '52501');
INSERT INTO `act_hi_identitylink` VALUES ('52512', null, 'participant', '[]', null, '52501');
INSERT INTO `act_hi_identitylink` VALUES ('55008', null, 'participant', 'kebi', null, '55001');
INSERT INTO `act_hi_identitylink` VALUES ('57508', null, 'participant', 'kebi', null, '57501');
INSERT INTO `act_hi_identitylink` VALUES ('57511', null, 'participant', '[]', null, '57501');
INSERT INTO `act_hi_identitylink` VALUES ('57520', null, 'participant', 'kebi', null, '57513');
INSERT INTO `act_hi_identitylink` VALUES ('60002', null, 'participant', '[]', null, '57513');
INSERT INTO `act_hi_identitylink` VALUES ('62515', null, 'participant', 'kebi', null, '62508');
INSERT INTO `act_hi_identitylink` VALUES ('62518', null, 'participant', '[]', null, '62508');
INSERT INTO `act_hi_identitylink` VALUES ('62521', null, 'participant', 'jordan', null, '62508');
INSERT INTO `act_hi_identitylink` VALUES ('62523', null, 'participant', '[]', null, '62508');
INSERT INTO `act_hi_identitylink` VALUES ('62532', null, 'starter', '[]', null, '62531');
INSERT INTO `act_hi_identitylink` VALUES ('62539', null, 'participant', 'kebi', null, '62531');
INSERT INTO `act_hi_identitylink` VALUES ('62542', null, 'participant', '[]', null, '62531');
INSERT INTO `act_hi_identitylink` VALUES ('62545', null, 'participant', 'jordan', null, '62531');
INSERT INTO `act_hi_identitylink` VALUES ('65008', null, 'participant', 'kebi', null, '65001');
INSERT INTO `act_hi_identitylink` VALUES ('65011', null, 'participant', '[]', null, '65001');
INSERT INTO `act_hi_identitylink` VALUES ('65014', null, 'participant', 'jordan', null, '65001');
INSERT INTO `act_hi_identitylink` VALUES ('65016', null, 'participant', '[]', null, '65001');
INSERT INTO `act_hi_identitylink` VALUES ('65025', null, 'participant', 'kebi', null, '65018');
INSERT INTO `act_hi_identitylink` VALUES ('67501', null, 'participant', 'paul', null, '65018');
INSERT INTO `act_hi_identitylink` VALUES ('72501', null, 'participant', 'james', null, '65018');
INSERT INTO `act_hi_identitylink` VALUES ('72502', null, 'participant', 'klay', null, '65018');
INSERT INTO `act_hi_identitylink` VALUES ('75008', null, 'participant', 'kebi', null, '75001');
INSERT INTO `act_hi_identitylink` VALUES ('77501', null, 'participant', 'klay', null, '75001');
INSERT INTO `act_hi_identitylink` VALUES ('82503', null, 'participant', '[]', null, '65018');
INSERT INTO `act_hi_identitylink` VALUES ('87513', null, 'participant', 'kebi', null, '87506');
INSERT INTO `act_hi_identitylink` VALUES ('87514', null, 'participant', 'klay', null, '87506');
INSERT INTO `act_hi_identitylink` VALUES ('87518', null, 'participant', '[]', null, '87506');
INSERT INTO `act_hi_identitylink` VALUES ('87521', null, 'participant', 'jordan', null, '87506');
INSERT INTO `act_hi_identitylink` VALUES ('87523', null, 'participant', '[]', null, '87506');
INSERT INTO `act_hi_identitylink` VALUES ('87526', null, 'participant', 'adam', null, '87506');
INSERT INTO `act_hi_identitylink` VALUES ('87541', null, 'participant', '[]', null, '87506');
INSERT INTO `act_hi_identitylink` VALUES ('90008', null, 'participant', 'kebi', null, '90001');
INSERT INTO `act_hi_identitylink` VALUES ('90009', null, 'participant', 'klay', null, '90001');
INSERT INTO `act_hi_identitylink` VALUES ('90014', null, 'participant', '[]', null, '90001');
INSERT INTO `act_hi_identitylink` VALUES ('90017', null, 'participant', 'jordan', null, '90001');
INSERT INTO `act_hi_identitylink` VALUES ('90021', null, 'participant', '[]', null, '90001');
INSERT INTO `act_hi_identitylink` VALUES ('90025', null, 'participant', '[]', null, '90001');
INSERT INTO `act_hi_identitylink` VALUES ('90034', null, 'participant', 'kebi', null, '90027');
INSERT INTO `act_hi_identitylink` VALUES ('92501', null, 'participant', 'klay', null, '90027');

-- ----------------------------
-- Table structure for act_hi_procinst
-- ----------------------------
DROP TABLE IF EXISTS `act_hi_procinst`;
CREATE TABLE `act_hi_procinst` (
  `ID_` varchar(64) COLLATE utf8_bin NOT NULL,
  `PROC_INST_ID_` varchar(64) COLLATE utf8_bin NOT NULL,
  `BUSINESS_KEY_` varchar(255) COLLATE utf8_bin DEFAULT NULL,
  `PROC_DEF_ID_` varchar(64) COLLATE utf8_bin NOT NULL,
  `START_TIME_` datetime NOT NULL,
  `END_TIME_` datetime DEFAULT NULL,
  `DURATION_` bigint(20) DEFAULT NULL,
  `START_USER_ID_` varchar(255) COLLATE utf8_bin DEFAULT NULL,
  `START_ACT_ID_` varchar(255) COLLATE utf8_bin DEFAULT NULL,
  `END_ACT_ID_` varchar(255) COLLATE utf8_bin DEFAULT NULL,
  `SUPER_PROCESS_INSTANCE_ID_` varchar(64) COLLATE utf8_bin DEFAULT NULL,
  `DELETE_REASON_` varchar(4000) COLLATE utf8_bin DEFAULT NULL,
  `TENANT_ID_` varchar(255) COLLATE utf8_bin DEFAULT '',
  `NAME_` varchar(255) COLLATE utf8_bin DEFAULT NULL,
  PRIMARY KEY (`ID_`),
  UNIQUE KEY `PROC_INST_ID_` (`PROC_INST_ID_`),
  KEY `ACT_IDX_HI_PRO_INST_END` (`END_TIME_`),
  KEY `ACT_IDX_HI_PRO_I_BUSKEY` (`BUSINESS_KEY_`)
) ENGINE=InnoDB DEFAULT CHARSET=utf8 COLLATE=utf8_bin;

-- ----------------------------
-- Records of act_hi_procinst
-- ----------------------------
INSERT INTO `act_hi_procinst` VALUES ('102520', '102520', null, 'ML:1:102519', '2019-06-10 18:29:28', '2019-07-29 16:40:48', '4227080078', null, 'sid-B08CD409-865E-4AF8-9420-5831BDC19A76', 'sid-0B3836FE-6EA5-4B17-92F9-96EE09A16E91', null, null, '', null);
INSERT INTO `act_hi_procinst` VALUES ('105001', '105001', null, 'ML:1:102519', '2019-06-10 19:01:01', null, null, null, 'sid-B08CD409-865E-4AF8-9420-5831BDC19A76', null, null, null, '', null);
INSERT INTO `act_hi_procinst` VALUES ('112501', '112501', null, 'ML:3:110007', '2019-07-29 13:18:48', '2019-07-29 13:26:41', '473054', null, 'sid-B08CD409-865E-4AF8-9420-5831BDC19A76', 'sid-0B3836FE-6EA5-4B17-92F9-96EE09A16E91', null, null, '', null);
INSERT INTO `act_hi_procinst` VALUES ('112519', '112519', null, 'ML:3:110007', '2019-07-29 13:28:00', null, null, null, 'sid-B08CD409-865E-4AF8-9420-5831BDC19A76', null, null, null, '', null);
INSERT INTO `act_hi_procinst` VALUES ('115005', '115005', null, 'CL:1:87505', '2019-07-29 14:40:38', null, null, null, 'sid-73791331-07AE-478D-868B-E91A90FB342A', null, null, null, '', null);
INSERT INTO `act_hi_procinst` VALUES ('115013', '115013', null, 'AL:2:115004', '2019-07-29 14:42:56', '2019-07-29 14:43:41', '45286', null, 'sid-F51443AC-8559-47D5-A58E-AD20B1CB2F63', 'sid-C2308BBD-68C1-48A8-AFC3-6393C6380FE2', null, null, '', null);
INSERT INTO `act_hi_procinst` VALUES ('117501', '117501', null, 'AL:2:115004', '2019-07-29 16:25:48', '2019-07-29 16:36:21', '632911', null, 'sid-F51443AC-8559-47D5-A58E-AD20B1CB2F63', 'sid-C2308BBD-68C1-48A8-AFC3-6393C6380FE2', null, null, '', null);
INSERT INTO `act_hi_procinst` VALUES ('117526', '117526', null, 'AL:2:115004', '2019-07-29 16:42:14', null, null, null, 'sid-F51443AC-8559-47D5-A58E-AD20B1CB2F63', null, null, null, '', null);
INSERT INTO `act_hi_procinst` VALUES ('117534', '117534', null, 'AL:2:115004', '2019-07-29 16:44:31', '2019-07-29 16:59:55', '923537', null, 'sid-F51443AC-8559-47D5-A58E-AD20B1CB2F63', 'sid-C2308BBD-68C1-48A8-AFC3-6393C6380FE2', null, null, '', null);
INSERT INTO `act_hi_procinst` VALUES ('120001', '120001', null, 'AL:2:115004', '2019-07-29 17:09:21', '2019-07-29 17:10:42', '81090', null, 'sid-F51443AC-8559-47D5-A58E-AD20B1CB2F63', 'sid-C2308BBD-68C1-48A8-AFC3-6393C6380FE2', null, null, '', null);
INSERT INTO `act_hi_procinst` VALUES ('122501', '122501', null, 'AL:2:115004', '2019-07-29 17:31:44', '2019-07-30 13:19:31', '71266675', null, 'sid-F51443AC-8559-47D5-A58E-AD20B1CB2F63', 'sid-C2308BBD-68C1-48A8-AFC3-6393C6380FE2', null, null, '', null);
INSERT INTO `act_hi_procinst` VALUES ('127501', '127501', null, 'AL:2:115004', '2019-07-30 13:11:32', '2019-07-30 13:21:47', '615217', null, 'sid-F51443AC-8559-47D5-A58E-AD20B1CB2F63', 'sid-C2308BBD-68C1-48A8-AFC3-6393C6380FE2', null, null, '', null);
INSERT INTO `act_hi_procinst` VALUES ('130013', '130013', null, 'AL:2:115004', '2019-07-30 13:35:39', null, null, null, 'sid-F51443AC-8559-47D5-A58E-AD20B1CB2F63', null, null, null, '', null);
INSERT INTO `act_hi_procinst` VALUES ('130030', '130030', null, 'AL:2:115004', '2019-07-30 13:38:14', '2019-07-30 13:46:38', '503686', null, 'sid-F51443AC-8559-47D5-A58E-AD20B1CB2F63', 'sid-C2308BBD-68C1-48A8-AFC3-6393C6380FE2', null, null, '', null);
INSERT INTO `act_hi_procinst` VALUES ('135001', '135001', null, 'AL:2:115004', '2019-07-31 14:08:10', null, null, null, 'sid-F51443AC-8559-47D5-A58E-AD20B1CB2F63', null, null, null, '', null);
INSERT INTO `act_hi_procinst` VALUES ('135014', '135014', null, 'AL:2:115004', '2019-07-31 14:10:59', '2019-07-31 15:44:54', '5635407', null, 'sid-F51443AC-8559-47D5-A58E-AD20B1CB2F63', 'sid-C2308BBD-68C1-48A8-AFC3-6393C6380FE2', null, null, '', null);
INSERT INTO `act_hi_procinst` VALUES ('142505', '142505', null, 'AL:3:142504', '2019-07-31 17:31:49', null, null, null, 'sid-F51443AC-8559-47D5-A58E-AD20B1CB2F63', null, null, null, '', null);
INSERT INTO `act_hi_procinst` VALUES ('52501', '52501', null, 'AL:1:50007', '2019-06-05 15:25:37', '2019-06-05 15:26:14', '37157', null, 'sid-F51443AC-8559-47D5-A58E-AD20B1CB2F63', 'sid-C2308BBD-68C1-48A8-AFC3-6393C6380FE2', null, null, '', null);
INSERT INTO `act_hi_procinst` VALUES ('55001', '55001', null, 'AL:1:50007', '2019-06-05 15:49:45', '2019-06-05 15:50:12', '26668', null, 'sid-F51443AC-8559-47D5-A58E-AD20B1CB2F63', 'sid-C2308BBD-68C1-48A8-AFC3-6393C6380FE2', null, null, '', null);
INSERT INTO `act_hi_procinst` VALUES ('57501', '57501', null, 'AL:1:50007', '2019-06-05 16:00:01', '2019-06-05 16:00:25', '23941', null, 'sid-F51443AC-8559-47D5-A58E-AD20B1CB2F63', 'sid-C2308BBD-68C1-48A8-AFC3-6393C6380FE2', null, null, '', null);
INSERT INTO `act_hi_procinst` VALUES ('57513', '57513', null, 'AL:1:50007', '2019-06-05 16:07:42', null, null, null, 'sid-F51443AC-8559-47D5-A58E-AD20B1CB2F63', null, null, null, '', null);
INSERT INTO `act_hi_procinst` VALUES ('62508', '62508', null, 'OT:1:62507', '2019-06-05 16:36:31', '2019-06-05 16:41:41', '309914', null, 'startEvent', 'endEvent', null, null, '', null);
INSERT INTO `act_hi_procinst` VALUES ('62531', '62531', null, 'OT:1:62507', '2019-06-05 16:47:07', '2019-06-05 16:48:53', '105808', '[]', 'startEvent', 'endEvent', null, null, '', null);
INSERT INTO `act_hi_procinst` VALUES ('65001', '65001', null, 'OT:1:62507', '2019-06-05 17:28:09', '2019-06-05 17:30:07', '117628', null, 'startEvent', 'endEvent', null, null, '', null);
INSERT INTO `act_hi_procinst` VALUES ('65018', '65018', null, 'AL:1:50007', '2019-06-05 17:36:51', '2019-06-10 10:38:06', '406875010', null, 'sid-F51443AC-8559-47D5-A58E-AD20B1CB2F63', 'sid-C2308BBD-68C1-48A8-AFC3-6393C6380FE2', null, null, '', null);
INSERT INTO `act_hi_procinst` VALUES ('75001', '75001', null, 'OT:1:62507', '2019-06-10 09:18:16', null, null, null, 'startEvent', null, null, null, '', null);
INSERT INTO `act_hi_procinst` VALUES ('87506', '87506', null, 'CL:1:87505', '2019-06-10 17:14:16', '2019-06-10 17:20:19', '362526', null, 'sid-73791331-07AE-478D-868B-E91A90FB342A', 'sid-A3ED84F5-22A6-408B-B6E9-72B2BDA41B8E', null, null, '', null);
INSERT INTO `act_hi_procinst` VALUES ('90001', '90001', null, 'OT:1:62507', '2019-06-10 17:46:46', '2019-06-10 17:56:17', '571471', null, 'startEvent', 'endEvent', null, null, '', null);
INSERT INTO `act_hi_procinst` VALUES ('90027', '90027', null, 'OT:1:62507', '2019-06-10 17:59:15', '2019-06-10 18:21:27', '1332112', null, 'startEvent', 'endEvent', null, null, '', null);

-- ----------------------------
-- Table structure for act_hi_taskinst
-- ----------------------------
DROP TABLE IF EXISTS `act_hi_taskinst`;
CREATE TABLE `act_hi_taskinst` (
  `ID_` varchar(64) COLLATE utf8_bin NOT NULL,
  `PROC_DEF_ID_` varchar(64) COLLATE utf8_bin DEFAULT NULL,
  `TASK_DEF_KEY_` varchar(255) COLLATE utf8_bin DEFAULT NULL,
  `PROC_INST_ID_` varchar(64) COLLATE utf8_bin DEFAULT NULL,
  `EXECUTION_ID_` varchar(64) COLLATE utf8_bin DEFAULT NULL,
  `NAME_` varchar(255) COLLATE utf8_bin DEFAULT NULL,
  `PARENT_TASK_ID_` varchar(64) COLLATE utf8_bin DEFAULT NULL,
  `DESCRIPTION_` varchar(4000) COLLATE utf8_bin DEFAULT NULL,
  `OWNER_` varchar(255) COLLATE utf8_bin DEFAULT NULL,
  `ASSIGNEE_` varchar(255) COLLATE utf8_bin DEFAULT NULL,
  `START_TIME_` datetime NOT NULL,
  `CLAIM_TIME_` datetime DEFAULT NULL,
  `END_TIME_` datetime DEFAULT NULL,
  `DURATION_` bigint(20) DEFAULT NULL,
  `DELETE_REASON_` varchar(4000) COLLATE utf8_bin DEFAULT NULL,
  `PRIORITY_` int(11) DEFAULT NULL,
  `DUE_DATE_` datetime DEFAULT NULL,
  `FORM_KEY_` varchar(255) COLLATE utf8_bin DEFAULT NULL,
  `CATEGORY_` varchar(255) COLLATE utf8_bin DEFAULT NULL,
  `TENANT_ID_` varchar(255) COLLATE utf8_bin DEFAULT '',
  PRIMARY KEY (`ID_`),
  KEY `ACT_IDX_HI_TASK_INST_PROCINST` (`PROC_INST_ID_`)
) ENGINE=InnoDB DEFAULT CHARSET=utf8 COLLATE=utf8_bin;

-- ----------------------------
-- Records of act_hi_taskinst
-- ----------------------------
INSERT INTO `act_hi_taskinst` VALUES ('100005', 'OT:1:62507', 'sid-4F563381-F1F7-466A-A40F-21B682C7AAD8', '90027', '90027', '', null, null, null, 'jordan', '2019-06-10 18:16:52', null, '2019-06-10 18:17:37', '44622', 'completed', '50', null, null, null, '');
INSERT INTO `act_hi_taskinst` VALUES ('100008', 'OT:1:62507', 'sid-CA02E1A9-CD9D-429C-8EBE-F14AD7B47DC3', '90027', '90027', '', null, null, null, 'kebi', '2019-06-10 18:17:37', null, '2019-06-10 18:20:00', '142692', 'completed', '50', null, null, null, '');
INSERT INTO `act_hi_taskinst` VALUES ('102503', 'OT:1:62507', 'sid-4F563381-F1F7-466A-A40F-21B682C7AAD8', '90027', '90027', '', null, null, null, 'jordan', '2019-06-10 18:20:00', null, '2019-06-10 18:20:45', '45329', 'completed', '50', null, null, null, '');
INSERT INTO `act_hi_taskinst` VALUES ('102507', 'OT:1:62507', 'sid-CA02E1A9-CD9D-429C-8EBE-F14AD7B47DC3', '90027', '90027', '', null, null, null, 'kebi', '2019-06-10 18:20:45', null, '2019-06-10 18:21:10', '24731', 'completed', '50', null, null, null, '');
INSERT INTO `act_hi_taskinst` VALUES ('102510', 'OT:1:62507', 'sid-4F563381-F1F7-466A-A40F-21B682C7AAD8', '90027', '90027', '', null, null, null, 'jordan', '2019-06-10 18:21:10', null, '2019-06-10 18:21:27', '17108', 'completed', '50', null, null, null, '');
INSERT INTO `act_hi_taskinst` VALUES ('102524', 'ML:1:102519', 'sid-C2246B19-F332-4096-9C83-D0F7FA8B1E25', '102520', '102520', '', null, null, null, null, '2019-06-10 18:29:28', null, '2019-06-10 18:29:28', '-45', 'completed', '50', null, null, null, '');
INSERT INTO `act_hi_taskinst` VALUES ('102526', 'ML:1:102519', 'sid-C56962E6-A1E8-4DFC-9203-358FEDCEE92D', '102520', '102520', '', null, null, 'kebi', 'kebi', '2019-06-10 18:29:28', '2019-06-10 18:58:55', '2019-07-29 16:40:48', '4227080074', 'completed', '50', null, null, null, '');
INSERT INTO `act_hi_taskinst` VALUES ('105005', 'ML:1:102519', 'sid-C2246B19-F332-4096-9C83-D0F7FA8B1E25', '105001', '105001', '', null, null, null, null, '2019-06-10 19:01:01', null, '2019-06-10 19:01:01', '15', 'completed', '50', null, null, null, '');
INSERT INTO `act_hi_taskinst` VALUES ('105007', 'ML:1:102519', 'sid-C56962E6-A1E8-4DFC-9203-358FEDCEE92D', '105001', '105001', '', null, null, null, 'klay', '2019-06-10 19:01:01', '2019-06-10 19:01:38', null, null, null, '50', null, null, null, '');
INSERT INTO `act_hi_taskinst` VALUES ('112505', 'ML:3:110007', 'sid-C2246B19-F332-4096-9C83-D0F7FA8B1E25', '112501', '112501', '', null, null, null, null, '2019-07-29 13:18:48', null, '2019-07-29 13:18:49', '792', 'completed', '50', null, null, null, '');
INSERT INTO `act_hi_taskinst` VALUES ('112507', 'ML:3:110007', 'sid-C56962E6-A1E8-4DFC-9203-358FEDCEE92D', '112501', '112501', '', null, null, null, 'jordan', '2019-07-29 13:18:49', '2019-07-29 13:21:56', '2019-07-29 13:26:41', '472050', 'completed', '50', null, null, null, '');
INSERT INTO `act_hi_taskinst` VALUES ('112523', 'ML:3:110007', 'sid-C2246B19-F332-4096-9C83-D0F7FA8B1E25', '112519', '112519', '', null, null, null, null, '2019-07-29 13:28:00', null, '2019-07-29 13:28:00', '75', 'completed', '50', null, null, null, '');
INSERT INTO `act_hi_taskinst` VALUES ('112525', 'ML:3:110007', 'sid-C56962E6-A1E8-4DFC-9203-358FEDCEE92D', '112519', '112519', '', null, null, 'klay', 'klay', '2019-07-29 13:28:00', '2019-07-29 13:28:32', '2019-07-29 13:32:35', '275355', 'completed', '50', null, null, null, '');
INSERT INTO `act_hi_taskinst` VALUES ('112536', 'ML:3:110007', 'sid-C2246B19-F332-4096-9C83-D0F7FA8B1E25', '112519', '112519', '', null, null, null, null, '2019-07-29 13:32:35', null, null, null, null, '50', null, null, null, '');
INSERT INTO `act_hi_taskinst` VALUES ('115009', 'CL:1:87505', 'sid-02CA1EF1-2E99-4DFE-A1A5-D3958BE6A9A5', '115005', '115005', '', null, null, null, null, '2019-07-29 14:40:38', null, '2019-07-29 14:40:38', '17', 'completed', '50', null, null, null, '');
INSERT INTO `act_hi_taskinst` VALUES ('115011', 'CL:1:87505', 'sid-10DAA5C2-4B4E-4A37-885E-82BB63F809F4', '115005', '115005', '', null, null, 'kebi', 'kebi', '2019-07-29 14:40:38', null, '2019-07-29 17:14:57', '9259315', 'completed', '50', null, null, null, '');
INSERT INTO `act_hi_taskinst` VALUES ('115017', 'AL:2:115004', 'task001', '115013', '115013', '', null, '', null, null, '2019-07-29 14:42:56', null, '2019-07-29 14:42:56', '370', 'completed', '50', null, null, null, '');
INSERT INTO `act_hi_taskinst` VALUES ('115019', 'AL:2:115004', 'task002', '115013', '115013', '', null, '', null, 'kebi', '2019-07-29 14:42:56', '2019-07-29 14:43:17', '2019-07-29 14:43:41', '45283', 'completed', '50', null, null, null, '');
INSERT INTO `act_hi_taskinst` VALUES ('117505', 'AL:2:115004', 'task001', '117501', '117501', '', null, '', null, null, '2019-07-29 16:25:48', null, '2019-07-29 16:25:48', '411', 'completed', '50', null, null, null, '');
INSERT INTO `act_hi_taskinst` VALUES ('117507', 'AL:2:115004', 'task002', '117501', '117501', '', null, '', 'kebi', 'kebi', '2019-07-29 16:25:48', '2019-07-29 16:26:22', '2019-07-29 16:36:21', '632908', 'completed', '50', null, null, null, '');
INSERT INTO `act_hi_taskinst` VALUES ('117530', 'AL:2:115004', 'task001', '117526', '117526', '', null, '', null, null, '2019-07-29 16:42:14', null, '2019-07-29 16:42:15', '647', 'completed', '50', null, null, null, '');
INSERT INTO `act_hi_taskinst` VALUES ('117532', 'AL:2:115004', 'task002', '117526', '117526', '', null, '', null, 'klay', '2019-07-29 16:42:15', '2019-07-29 16:44:48', null, null, null, '50', null, null, null, '');
INSERT INTO `act_hi_taskinst` VALUES ('117538', 'AL:2:115004', 'task001', '117534', '117534', '', null, '', null, null, '2019-07-29 16:44:31', null, '2019-07-29 16:44:31', '93', 'completed', '50', null, null, null, '');
INSERT INTO `act_hi_taskinst` VALUES ('117540', 'AL:2:115004', 'task002', '117534', '117534', '', null, '', 'kebi', 'kebi', '2019-07-29 16:44:31', '2019-07-29 16:45:04', '2019-07-29 16:59:55', '923535', 'completed', '50', null, null, null, '');
INSERT INTO `act_hi_taskinst` VALUES ('120005', 'AL:2:115004', 'task001', '120001', '120001', '', null, '', null, null, '2019-07-29 17:09:21', null, '2019-07-29 17:09:21', '213', 'completed', '50', null, null, null, '');
INSERT INTO `act_hi_taskinst` VALUES ('120007', 'AL:2:115004', 'task002', '120001', '120001', '', null, '', 'kebi', 'kebi', '2019-07-29 17:09:21', '2019-07-29 17:09:45', '2019-07-29 17:10:42', '81086', 'completed', '50', null, null, null, '');
INSERT INTO `act_hi_taskinst` VALUES ('120023', 'CL:1:87505', 'sid-07A81BC6-45D2-44BF-AFB1-0D5972616423', '115005', '115005', '', null, null, null, 'jordan', '2019-07-29 17:14:57', null, null, null, null, '50', null, null, null, '');
INSERT INTO `act_hi_taskinst` VALUES ('122505', 'AL:2:115004', 'task001', '122501', '122501', '', null, '', null, null, '2019-07-29 17:31:44', null, '2019-07-29 17:31:45', '652', 'completed', '50', null, null, null, '');
INSERT INTO `act_hi_taskinst` VALUES ('122507', 'AL:2:115004', 'task002', '122501', '122501', '', null, '', 'kebi', 'kebi', '2019-07-29 17:31:45', '2019-07-29 17:32:05', '2019-07-30 13:19:31', '71265657', 'completed', '50', null, null, null, '');
INSERT INTO `act_hi_taskinst` VALUES ('127505', 'AL:2:115004', 'task001', '127501', '127501', '', null, '', null, null, '2019-07-30 13:11:33', null, '2019-07-30 13:11:33', '0', 'completed', '50', null, null, null, '');
INSERT INTO `act_hi_taskinst` VALUES ('127507', 'AL:2:115004', 'task002', '127501', '127501', '', null, '', 'kebi', 'kebi', '2019-07-30 13:11:33', '2019-07-30 13:13:45', '2019-07-30 13:21:47', '614213', 'completed', '50', null, null, null, '');
INSERT INTO `act_hi_taskinst` VALUES ('130017', 'AL:2:115004', 'task001', '130013', '130013', '', null, '', null, null, '2019-07-30 13:35:39', null, '2019-07-30 13:35:39', '450', 'completed', '50', null, null, null, '');
INSERT INTO `act_hi_taskinst` VALUES ('130019', 'AL:2:115004', 'task002', '130013', '130013', '', null, '', null, 'kebi', '2019-07-30 13:35:39', '2019-07-30 13:35:52', '2019-07-30 13:37:10', '91389', 'completed', '50', null, null, null, '');
INSERT INTO `act_hi_taskinst` VALUES ('130027', 'AL:2:115004', 'task001', '130013', '130024', '', null, '', null, null, '2019-07-30 13:37:10', null, null, null, null, '50', null, null, null, '');
INSERT INTO `act_hi_taskinst` VALUES ('130029', 'AL:2:115004', 'task001', '130013', '130025', '', null, '', null, null, '2019-07-30 13:37:10', null, null, null, null, '50', null, null, null, '');
INSERT INTO `act_hi_taskinst` VALUES ('130034', 'AL:2:115004', 'task001', '130030', '130030', '', null, '', null, null, '2019-07-30 13:38:14', null, '2019-07-30 13:38:14', '15', 'completed', '50', null, null, null, '');
INSERT INTO `act_hi_taskinst` VALUES ('130036', 'AL:2:115004', 'task002', '130030', '130030', '', null, '', null, 'kebi', '2019-07-30 13:38:14', '2019-07-30 13:38:29', '2019-07-30 13:46:38', '503662', 'completed', '50', null, null, null, '');
INSERT INTO `act_hi_taskinst` VALUES ('135005', 'AL:2:115004', 'task001', '135001', '135001', '', null, '', null, null, '2019-07-31 14:08:10', null, '2019-07-31 14:08:11', '683', 'completed', '50', null, null, null, '');
INSERT INTO `act_hi_taskinst` VALUES ('135007', 'AL:2:115004', 'task002', '135001', '135001', '', null, '', null, 'kebi', '2019-07-31 14:08:11', '2019-07-31 14:08:57', '2019-07-31 14:09:13', '62155', 'completed', '50', null, null, null, '');
INSERT INTO `act_hi_taskinst` VALUES ('135013', 'AL:2:115004', 'task001', '135001', '135001', '', null, '', null, null, '2019-07-31 14:09:13', null, null, null, null, '50', null, null, null, '');
INSERT INTO `act_hi_taskinst` VALUES ('135018', 'AL:2:115004', 'task001', '135014', '135014', '', null, '', null, null, '2019-07-31 14:10:59', null, '2019-07-31 14:10:59', '335', 'completed', '50', null, null, null, '');
INSERT INTO `act_hi_taskinst` VALUES ('135020', 'AL:2:115004', 'task002', '135014', '135014', '', null, '', null, 'kebi', '2019-07-31 14:10:59', '2019-07-31 14:11:14', '2019-07-31 14:11:29', '29993', 'completed', '50', null, null, null, '');
INSERT INTO `act_hi_taskinst` VALUES ('135026', 'AL:2:115004', 'task001', '135014', '135014', '', null, '', null, null, '2019-07-31 14:11:29', null, '2019-07-31 15:24:51', '4401910', 'completed', '50', null, null, null, '');
INSERT INTO `act_hi_taskinst` VALUES ('137502', 'AL:2:115004', 'task002', '135014', '135014', '', null, '', null, 'kebi', '2019-07-31 15:24:51', '2019-07-31 15:25:14', '2019-07-31 15:43:41', '1130294', 'completed', '50', null, null, null, '');
INSERT INTO `act_hi_taskinst` VALUES ('140003', 'AL:2:115004', 'task001', '135014', '135014', '', null, '', null, null, '2019-07-31 15:43:41', null, '2019-07-31 15:44:28', '47395', 'completed', '50', null, null, null, '');
INSERT INTO `act_hi_taskinst` VALUES ('140005', 'AL:2:115004', 'task002', '135014', '135014', '', null, '', null, 'kebi', '2019-07-31 15:44:28', '2019-07-31 15:44:46', '2019-07-31 15:44:54', '26402', 'completed', '50', null, null, null, '');
INSERT INTO `act_hi_taskinst` VALUES ('142509', 'AL:3:142504', 'task001', '142505', '142505', '', null, '', null, null, '2019-07-31 17:31:49', null, '2019-07-31 17:31:50', '586', 'completed', '50', null, null, null, '');
INSERT INTO `act_hi_taskinst` VALUES ('142511', 'AL:3:142504', 'task002', '142505', '142505', '', null, '', null, 'kebi', '2019-07-31 17:31:50', '2019-07-31 17:37:09', null, null, null, '50', null, null, null, '');
INSERT INTO `act_hi_taskinst` VALUES ('52505', 'AL:1:50007', 'task001', '52501', '52501', '', null, '', null, null, '2019-06-05 15:25:37', null, '2019-06-05 15:25:37', '-88', 'completed', '50', null, null, null, '');
INSERT INTO `act_hi_taskinst` VALUES ('52507', 'AL:1:50007', 'task002', '52501', '52501', '', null, '', null, 'kebi', '2019-06-05 15:25:37', null, '2019-06-05 15:26:14', '37149', 'completed', '50', null, null, null, '');
INSERT INTO `act_hi_taskinst` VALUES ('55005', 'AL:1:50007', 'task001', '55001', '55001', '', null, '', null, null, '2019-06-05 15:49:45', null, '2019-06-05 15:49:45', '367', 'completed', '50', null, null, null, '');
INSERT INTO `act_hi_taskinst` VALUES ('55007', 'AL:1:50007', 'task002', '55001', '55001', '', null, '', null, 'kebi', '2019-06-05 15:49:45', null, '2019-06-05 15:50:12', '26663', 'completed', '50', null, null, null, '');
INSERT INTO `act_hi_taskinst` VALUES ('57505', 'AL:1:50007', 'task001', '57501', '57501', '', null, '', null, null, '2019-06-05 16:00:01', null, '2019-06-05 16:00:01', '424', 'completed', '50', null, null, null, '');
INSERT INTO `act_hi_taskinst` VALUES ('57507', 'AL:1:50007', 'task002', '57501', '57501', '', null, '', null, 'kebi', '2019-06-05 16:00:01', null, '2019-06-05 16:00:25', '23936', 'completed', '50', null, null, null, '');
INSERT INTO `act_hi_taskinst` VALUES ('57517', 'AL:1:50007', 'task001', '57513', '57513', '', null, '', null, null, '2019-06-05 16:07:42', null, '2019-06-05 16:07:43', '511', 'completed', '50', null, null, null, '');
INSERT INTO `act_hi_taskinst` VALUES ('57519', 'AL:1:50007', 'task002', '57513', '57513', '', null, '', null, 'kebi', '2019-06-05 16:07:43', null, '2019-06-05 16:22:48', '904767', 'completed', '50', null, null, null, '');
INSERT INTO `act_hi_taskinst` VALUES ('60004', 'AL:1:50007', 'task001', '57513', '57513', '', null, '', null, null, '2019-06-05 16:22:48', null, null, null, null, '50', null, null, null, '');
INSERT INTO `act_hi_taskinst` VALUES ('62512', 'OT:1:62507', 'sid-E425A65C-57C3-42C2-8B21-443E95F9EEE4', '62508', '62508', '', null, null, null, null, '2019-06-05 16:36:31', null, '2019-06-05 16:36:31', '95', 'completed', '50', null, null, null, '');
INSERT INTO `act_hi_taskinst` VALUES ('62514', 'OT:1:62507', 'sid-CA02E1A9-CD9D-429C-8EBE-F14AD7B47DC3', '62508', '62508', '', null, null, null, 'kebi', '2019-06-05 16:36:31', null, '2019-06-05 16:36:49', '17507', 'completed', '50', null, null, null, '');
INSERT INTO `act_hi_taskinst` VALUES ('62520', 'OT:1:62507', 'sid-4F563381-F1F7-466A-A40F-21B682C7AAD8', '62508', '62508', '', null, null, null, 'jordan', '2019-06-05 16:36:49', null, '2019-06-05 16:39:58', '188780', 'completed', '50', null, null, null, '');
INSERT INTO `act_hi_taskinst` VALUES ('62525', 'OT:1:62507', 'sid-CA02E1A9-CD9D-429C-8EBE-F14AD7B47DC3', '62508', '62508', '', null, null, null, 'kebi', '2019-06-05 16:39:58', null, '2019-06-05 16:41:08', '70303', 'completed', '50', null, null, null, '');
INSERT INTO `act_hi_taskinst` VALUES ('62528', 'OT:1:62507', 'sid-4F563381-F1F7-466A-A40F-21B682C7AAD8', '62508', '62508', '', null, null, null, 'jordan', '2019-06-05 16:41:08', null, '2019-06-05 16:41:41', '32906', 'completed', '50', null, null, null, '');
INSERT INTO `act_hi_taskinst` VALUES ('62536', 'OT:1:62507', 'sid-E425A65C-57C3-42C2-8B21-443E95F9EEE4', '62531', '62531', '', null, null, null, null, '2019-06-05 16:47:07', null, '2019-06-05 16:47:07', '216', 'completed', '50', null, null, null, '');
INSERT INTO `act_hi_taskinst` VALUES ('62538', 'OT:1:62507', 'sid-CA02E1A9-CD9D-429C-8EBE-F14AD7B47DC3', '62531', '62531', '', null, null, null, 'kebi', '2019-06-05 16:47:07', null, '2019-06-05 16:47:55', '48400', 'completed', '50', null, null, null, '');
INSERT INTO `act_hi_taskinst` VALUES ('62544', 'OT:1:62507', 'sid-4F563381-F1F7-466A-A40F-21B682C7AAD8', '62531', '62531', '', null, null, null, 'jordan', '2019-06-05 16:47:55', null, '2019-06-05 16:48:53', '57805', 'completed', '50', null, null, null, '');
INSERT INTO `act_hi_taskinst` VALUES ('65005', 'OT:1:62507', 'sid-E425A65C-57C3-42C2-8B21-443E95F9EEE4', '65001', '65001', '', null, null, null, null, '2019-06-05 17:28:09', null, '2019-06-05 17:28:10', '610', 'completed', '50', null, null, null, '');
INSERT INTO `act_hi_taskinst` VALUES ('65007', 'OT:1:62507', 'sid-CA02E1A9-CD9D-429C-8EBE-F14AD7B47DC3', '65001', '65001', '', null, null, null, 'kebi', '2019-06-05 17:28:10', null, '2019-06-05 17:29:06', '56263', 'completed', '50', null, null, null, '');
INSERT INTO `act_hi_taskinst` VALUES ('65013', 'OT:1:62507', 'sid-4F563381-F1F7-466A-A40F-21B682C7AAD8', '65001', '65001', '', null, null, null, 'jordan', '2019-06-05 17:29:06', null, '2019-06-05 17:30:07', '60625', 'completed', '50', null, null, null, '');
INSERT INTO `act_hi_taskinst` VALUES ('65022', 'AL:1:50007', 'task001', '65018', '65018', '', null, '', null, null, '2019-06-05 17:36:51', null, '2019-06-05 17:36:51', '93', 'completed', '50', null, null, null, '');
INSERT INTO `act_hi_taskinst` VALUES ('65024', 'AL:1:50007', 'task002', '65018', '65018', '', null, '', 'kebi', 'kebi', '2019-06-05 17:36:51', null, '2019-06-10 10:38:06', '406874990', 'completed', '50', null, null, null, '');
INSERT INTO `act_hi_taskinst` VALUES ('75005', 'OT:1:62507', 'sid-E425A65C-57C3-42C2-8B21-443E95F9EEE4', '75001', '75001', '', null, null, null, null, '2019-06-10 09:18:16', null, '2019-06-10 09:18:16', '132', 'completed', '50', null, null, null, '');
INSERT INTO `act_hi_taskinst` VALUES ('75007', 'OT:1:62507', 'sid-CA02E1A9-CD9D-429C-8EBE-F14AD7B47DC3', '75001', '75001', '', null, null, null, 'kebi', '2019-06-10 09:18:16', null, '2019-06-10 16:53:39', '27322815', 'completed', '50', null, null, null, '');
INSERT INTO `act_hi_taskinst` VALUES ('85002', 'OT:1:62507', 'sid-E425A65C-57C3-42C2-8B21-443E95F9EEE4', '75001', '75001', '', null, null, null, null, '2019-06-10 16:53:39', null, null, null, null, '50', null, null, null, '');
INSERT INTO `act_hi_taskinst` VALUES ('87510', 'CL:1:87505', 'sid-02CA1EF1-2E99-4DFE-A1A5-D3958BE6A9A5', '87506', '87506', '', null, null, null, null, '2019-06-10 17:14:16', null, '2019-06-10 17:14:16', '61', 'completed', '50', null, null, null, '');
INSERT INTO `act_hi_taskinst` VALUES ('87512', 'CL:1:87505', 'sid-10DAA5C2-4B4E-4A37-885E-82BB63F809F4', '87506', '87506', '', null, null, 'kebi', 'kebi', '2019-06-10 17:14:16', null, '2019-06-10 17:16:15', '118926', 'completed', '50', null, null, null, '');
INSERT INTO `act_hi_taskinst` VALUES ('87520', 'CL:1:87505', 'sid-07A81BC6-45D2-44BF-AFB1-0D5972616423', '87506', '87506', '', null, null, null, 'jordan', '2019-06-10 17:16:15', null, '2019-06-10 17:16:36', '21336', 'completed', '50', null, null, null, '');
INSERT INTO `act_hi_taskinst` VALUES ('87525', 'CL:1:87505', 'sid-44A728BA-80CF-48E6-9E70-6CACB8DF726C', '87506', '87506', '', null, null, null, 'adam', '2019-06-10 17:16:36', null, '2019-06-10 17:17:06', '30345', 'completed', '50', null, null, null, '');
INSERT INTO `act_hi_taskinst` VALUES ('87528', 'CL:1:87505', 'sid-10DAA5C2-4B4E-4A37-885E-82BB63F809F4', '87506', '87506', '', null, null, null, 'kebi', '2019-06-10 17:17:06', null, '2019-06-10 17:18:09', '63478', 'completed', '50', null, null, null, '');
INSERT INTO `act_hi_taskinst` VALUES ('87531', 'CL:1:87505', 'sid-07A81BC6-45D2-44BF-AFB1-0D5972616423', '87506', '87506', '', null, null, null, 'jordan', '2019-06-10 17:18:10', null, '2019-06-10 17:18:41', '30908', 'completed', '50', null, null, null, '');
INSERT INTO `act_hi_taskinst` VALUES ('87534', 'CL:1:87505', 'sid-44A728BA-80CF-48E6-9E70-6CACB8DF726C', '87506', '87506', '', null, null, null, 'adam', '2019-06-10 17:18:41', null, '2019-06-10 17:19:08', '27443', 'completed', '50', null, null, null, '');
INSERT INTO `act_hi_taskinst` VALUES ('87536', 'CL:1:87505', 'sid-07A81BC6-45D2-44BF-AFB1-0D5972616423', '87506', '87506', '', null, null, null, 'jordan', '2019-06-10 17:19:08', null, '2019-06-10 17:19:52', '44149', 'completed', '50', null, null, null, '');
INSERT INTO `act_hi_taskinst` VALUES ('87539', 'CL:1:87505', 'sid-44A728BA-80CF-48E6-9E70-6CACB8DF726C', '87506', '87506', '', null, null, null, 'adam', '2019-06-10 17:19:52', null, '2019-06-10 17:20:19', '26522', 'completed', '50', null, null, null, '');
INSERT INTO `act_hi_taskinst` VALUES ('90005', 'OT:1:62507', 'sid-E425A65C-57C3-42C2-8B21-443E95F9EEE4', '90001', '90001', '', null, null, null, null, '2019-06-10 17:46:46', null, '2019-06-10 17:46:46', '483', 'completed', '50', null, null, null, '');
INSERT INTO `act_hi_taskinst` VALUES ('90007', 'OT:1:62507', 'sid-CA02E1A9-CD9D-429C-8EBE-F14AD7B47DC3', '90001', '90001', '', null, null, 'klay', 'klay', '2019-06-10 17:46:46', null, '2019-06-10 17:53:44', '417500', 'completed', '50', null, null, null, '');
INSERT INTO `act_hi_taskinst` VALUES ('90016', 'OT:1:62507', 'sid-4F563381-F1F7-466A-A40F-21B682C7AAD8', '90001', '90001', '', null, null, null, 'jordan', '2019-06-10 17:53:44', null, '2019-06-10 17:54:54', '70279', 'completed', '50', null, null, null, '');
INSERT INTO `act_hi_taskinst` VALUES ('90019', 'OT:1:62507', 'sid-CA02E1A9-CD9D-429C-8EBE-F14AD7B47DC3', '90001', '90001', '', null, null, null, 'kebi', '2019-06-10 17:54:54', null, '2019-06-10 17:55:36', '42301', 'completed', '50', null, null, null, '');
INSERT INTO `act_hi_taskinst` VALUES ('90023', 'OT:1:62507', 'sid-4F563381-F1F7-466A-A40F-21B682C7AAD8', '90001', '90001', '', null, null, null, 'jordan', '2019-06-10 17:55:36', null, '2019-06-10 17:56:17', '41469', 'completed', '50', null, null, null, '');
INSERT INTO `act_hi_taskinst` VALUES ('90031', 'OT:1:62507', 'sid-E425A65C-57C3-42C2-8B21-443E95F9EEE4', '90027', '90027', '', null, null, null, null, '2019-06-10 17:59:15', null, '2019-06-10 17:59:16', '549', 'completed', '50', null, null, null, '');
INSERT INTO `act_hi_taskinst` VALUES ('90033', 'OT:1:62507', 'sid-CA02E1A9-CD9D-429C-8EBE-F14AD7B47DC3', '90027', '90027', '', null, null, 'kebi', 'kebi', '2019-06-10 17:59:16', null, '2019-06-10 18:16:52', '1056321', 'completed', '50', null, null, null, '');

-- ----------------------------
-- Table structure for act_hi_varinst
-- ----------------------------
DROP TABLE IF EXISTS `act_hi_varinst`;
CREATE TABLE `act_hi_varinst` (
  `ID_` varchar(64) COLLATE utf8_bin NOT NULL,
  `PROC_INST_ID_` varchar(64) COLLATE utf8_bin DEFAULT NULL,
  `EXECUTION_ID_` varchar(64) COLLATE utf8_bin DEFAULT NULL,
  `TASK_ID_` varchar(64) COLLATE utf8_bin DEFAULT NULL,
  `NAME_` varchar(255) COLLATE utf8_bin NOT NULL,
  `VAR_TYPE_` varchar(100) COLLATE utf8_bin DEFAULT NULL,
  `REV_` int(11) DEFAULT NULL,
  `BYTEARRAY_ID_` varchar(64) COLLATE utf8_bin DEFAULT NULL,
  `DOUBLE_` double DEFAULT NULL,
  `LONG_` bigint(20) DEFAULT NULL,
  `TEXT_` varchar(4000) COLLATE utf8_bin DEFAULT NULL,
  `TEXT2_` varchar(4000) COLLATE utf8_bin DEFAULT NULL,
  `CREATE_TIME_` datetime DEFAULT NULL,
  `LAST_UPDATED_TIME_` datetime DEFAULT NULL,
  PRIMARY KEY (`ID_`),
  KEY `ACT_IDX_HI_PROCVAR_PROC_INST` (`PROC_INST_ID_`),
  KEY `ACT_IDX_HI_PROCVAR_NAME_TYPE` (`NAME_`,`VAR_TYPE_`),
  KEY `ACT_IDX_HI_PROCVAR_TASK_ID` (`TASK_ID_`)
) ENGINE=InnoDB DEFAULT CHARSET=utf8 COLLATE=utf8_bin;

-- ----------------------------
-- Records of act_hi_varinst
-- ----------------------------
INSERT INTO `act_hi_varinst` VALUES ('100002', '90027', '90027', null, 'dasy', 'integer', '3', null, null, '1', '1', null, '2019-06-10 18:16:52', '2019-06-10 18:21:27');
INSERT INTO `act_hi_varinst` VALUES ('102522', '102520', '102520', null, 'leaveId', 'string', '1', null, null, null, '25', null, '2019-06-10 18:29:28', '2019-07-29 16:40:48');
INSERT INTO `act_hi_varinst` VALUES ('105003', '105001', '105001', null, 'leaveId', 'string', '0', null, null, null, '26', null, '2019-06-10 19:01:01', '2019-06-10 19:01:01');
INSERT INTO `act_hi_varinst` VALUES ('112503', '112501', '112501', null, 'leaveId', 'string', '1', null, null, null, '27', null, '2019-07-29 13:18:48', '2019-07-29 13:26:41');
INSERT INTO `act_hi_varinst` VALUES ('112516', '112501', '112501', null, 'dasy', 'integer', '0', null, null, '10', '10', null, '2019-07-29 13:26:41', '2019-07-29 13:26:41');
INSERT INTO `act_hi_varinst` VALUES ('112521', '112519', '112519', null, 'leaveId', 'string', '0', null, null, null, '28', null, '2019-07-29 13:28:00', '2019-07-29 13:28:00');
INSERT INTO `act_hi_varinst` VALUES ('115007', '115005', '115005', null, 'leaveId', 'string', '0', null, null, null, '29', null, '2019-07-29 14:40:38', '2019-07-29 14:40:38');
INSERT INTO `act_hi_varinst` VALUES ('115015', '115013', '115013', null, 'leaveId', 'string', '1', null, null, null, '30', null, '2019-07-29 14:42:56', '2019-07-29 14:43:41');
INSERT INTO `act_hi_varinst` VALUES ('115023', '115013', '115013', null, 'dasy', 'integer', '0', null, null, '1', '1', null, '2019-07-29 14:43:41', '2019-07-29 14:43:41');
INSERT INTO `act_hi_varinst` VALUES ('117503', '117501', '117501', null, 'leaveId', 'string', '1', null, null, null, '31', null, '2019-07-29 16:25:48', '2019-07-29 16:36:21');
INSERT INTO `act_hi_varinst` VALUES ('117516', '117501', '117501', null, 'dasy', 'integer', '0', null, null, '11', '11', null, '2019-07-29 16:36:21', '2019-07-29 16:36:21');
INSERT INTO `act_hi_varinst` VALUES ('117523', '102520', '102520', null, 'dasy', 'integer', '0', null, null, '3', '3', null, '2019-07-29 16:40:48', '2019-07-29 16:40:48');
INSERT INTO `act_hi_varinst` VALUES ('117528', '117526', '117526', null, 'leaveId', 'string', '0', null, null, null, '32', null, '2019-07-29 16:42:14', '2019-07-29 16:42:14');
INSERT INTO `act_hi_varinst` VALUES ('117536', '117534', '117534', null, 'leaveId', 'string', '1', null, null, null, '33', null, '2019-07-29 16:44:31', '2019-07-29 16:59:55');
INSERT INTO `act_hi_varinst` VALUES ('117551', '117534', '117534', null, 'dasy', 'integer', '0', null, null, '4', '4', null, '2019-07-29 16:59:55', '2019-07-29 16:59:55');
INSERT INTO `act_hi_varinst` VALUES ('120003', '120001', '120001', null, 'leaveId', 'string', '1', null, null, null, '34', null, '2019-07-29 17:09:21', '2019-07-29 17:10:42');
INSERT INTO `act_hi_varinst` VALUES ('120015', '120001', '120001', null, 'dasy', 'integer', '0', null, null, '1', '1', null, '2019-07-29 17:10:42', '2019-07-29 17:10:42');
INSERT INTO `act_hi_varinst` VALUES ('120020', '115005', '115005', null, 'dasy', 'integer', '0', null, null, '1', '1', null, '2019-07-29 17:14:57', '2019-07-29 17:14:57');
INSERT INTO `act_hi_varinst` VALUES ('122503', '122501', '122501', null, 'leaveId', 'string', '1', null, null, null, '35', null, '2019-07-29 17:31:44', '2019-07-30 13:19:31');
INSERT INTO `act_hi_varinst` VALUES ('127503', '127501', '127501', null, 'leaveId', 'string', '1', null, null, null, '36', null, '2019-07-30 13:11:32', '2019-07-30 13:21:47');
INSERT INTO `act_hi_varinst` VALUES ('130005', '122501', '122501', null, 'dasy', 'integer', '0', null, null, '1', '1', null, '2019-07-30 13:19:31', '2019-07-30 13:19:31');
INSERT INTO `act_hi_varinst` VALUES ('130010', '127501', '127501', null, 'dasy', 'integer', '0', null, null, '10', '10', null, '2019-07-30 13:21:47', '2019-07-30 13:21:47');
INSERT INTO `act_hi_varinst` VALUES ('130015', '130013', '130013', null, 'leaveId', 'string', '0', null, null, null, '37', null, '2019-07-30 13:35:39', '2019-07-30 13:35:39');
INSERT INTO `act_hi_varinst` VALUES ('130032', '130030', '130030', null, 'leaveId', 'string', '1', null, null, null, '38', null, '2019-07-30 13:38:14', '2019-07-30 13:46:38');
INSERT INTO `act_hi_varinst` VALUES ('132502', '130030', '130030', null, 'dasy', 'integer', '0', null, null, '1', '1', null, '2019-07-30 13:46:38', '2019-07-30 13:46:38');
INSERT INTO `act_hi_varinst` VALUES ('135003', '135001', '135001', null, 'leaveId', 'string', '0', null, null, null, '39', null, '2019-07-31 14:08:10', '2019-07-31 14:08:10');
INSERT INTO `act_hi_varinst` VALUES ('135016', '135014', '135014', null, 'leaveId', 'string', '1', null, null, null, '40', null, '2019-07-31 14:10:59', '2019-07-31 15:44:54');
INSERT INTO `act_hi_varinst` VALUES ('140008', '135014', '135014', null, 'dasy', 'integer', '0', null, null, '1', '1', null, '2019-07-31 15:44:54', '2019-07-31 15:44:54');
INSERT INTO `act_hi_varinst` VALUES ('142507', '142505', '142505', null, 'leaveId', 'string', '0', null, null, null, '41', null, '2019-07-31 17:31:49', '2019-07-31 17:31:49');
INSERT INTO `act_hi_varinst` VALUES ('52503', '52501', '52501', null, 'leaveId', 'string', '1', null, null, null, '12', null, '2019-06-05 15:25:37', '2019-06-05 15:26:14');
INSERT INTO `act_hi_varinst` VALUES ('52510', '52501', '52501', null, 'msg', 'string', '0', null, null, null, '', null, '2019-06-05 15:26:14', '2019-06-05 15:26:14');
INSERT INTO `act_hi_varinst` VALUES ('52511', '52501', '52501', null, 'dasy', 'integer', '0', null, null, '30', '30', null, '2019-06-05 15:26:14', '2019-06-05 15:26:14');
INSERT INTO `act_hi_varinst` VALUES ('55003', '55001', '55001', null, 'leaveId', 'string', '1', null, null, null, '13', null, '2019-06-05 15:49:45', '2019-06-05 15:50:12');
INSERT INTO `act_hi_varinst` VALUES ('55010', '55001', '55001', null, 'msg', 'string', '0', null, null, null, '', null, '2019-06-05 15:50:12', '2019-06-05 15:50:12');
INSERT INTO `act_hi_varinst` VALUES ('55011', '55001', '55001', null, 'dasy', 'integer', '0', null, null, '30', '30', null, '2019-06-05 15:50:12', '2019-06-05 15:50:12');
INSERT INTO `act_hi_varinst` VALUES ('57503', '57501', '57501', null, 'leaveId', 'string', '1', null, null, null, '14', null, '2019-06-05 16:00:01', '2019-06-05 16:00:25');
INSERT INTO `act_hi_varinst` VALUES ('57510', '57501', '57501', null, 'dasy', 'integer', '0', null, null, '30', '30', null, '2019-06-05 16:00:25', '2019-06-05 16:00:25');
INSERT INTO `act_hi_varinst` VALUES ('57515', '57513', '57513', null, 'leaveId', 'string', '0', null, null, null, '15', null, '2019-06-05 16:07:42', '2019-06-05 16:07:42');
INSERT INTO `act_hi_varinst` VALUES ('62510', '62508', '62508', null, 'leaveId', 'string', '1', null, null, null, '17', null, '2019-06-05 16:36:31', '2019-06-05 16:41:41');
INSERT INTO `act_hi_varinst` VALUES ('62517', '62508', '62508', null, 'dasy', 'integer', '2', null, null, '1', '1', null, '2019-06-05 16:36:49', '2019-06-05 16:41:41');
INSERT INTO `act_hi_varinst` VALUES ('62534', '62531', '62531', null, 'leaveId', 'string', '1', null, null, null, '16', null, '2019-06-05 16:47:07', '2019-06-05 16:48:53');
INSERT INTO `act_hi_varinst` VALUES ('62541', '62531', '62531', null, 'dasy', 'integer', '1', null, null, '1', '1', null, '2019-06-05 16:47:55', '2019-06-05 16:48:53');
INSERT INTO `act_hi_varinst` VALUES ('65003', '65001', '65001', null, 'leaveId', 'string', '1', null, null, null, '18', null, '2019-06-05 17:28:09', '2019-06-05 17:30:07');
INSERT INTO `act_hi_varinst` VALUES ('65010', '65001', '65001', null, 'dasy', 'integer', '1', null, null, '1', '1', null, '2019-06-05 17:29:06', '2019-06-05 17:30:07');
INSERT INTO `act_hi_varinst` VALUES ('65020', '65018', '65018', null, 'leaveId', 'string', '1', null, null, null, '19', null, '2019-06-05 17:36:51', '2019-06-10 10:38:06');
INSERT INTO `act_hi_varinst` VALUES ('75003', '75001', '75001', null, 'leaveId', 'string', '0', null, null, null, '20', null, '2019-06-10 09:18:16', '2019-06-10 09:18:16');
INSERT INTO `act_hi_varinst` VALUES ('82502', '65018', '65018', null, 'dasy', 'integer', '0', null, null, '11', '11', null, '2019-06-10 10:38:06', '2019-06-10 10:38:06');
INSERT INTO `act_hi_varinst` VALUES ('87508', '87506', '87506', null, 'leaveId', 'string', '1', null, null, null, '21', null, '2019-06-10 17:14:16', '2019-06-10 17:20:19');
INSERT INTO `act_hi_varinst` VALUES ('87517', '87506', '87506', null, 'dasy', 'integer', '5', null, null, '17', '17', null, '2019-06-10 17:16:15', '2019-06-10 17:20:19');
INSERT INTO `act_hi_varinst` VALUES ('90003', '90001', '90001', null, 'leaveId', 'string', '1', null, null, null, '22', null, '2019-06-10 17:46:46', '2019-06-10 17:56:17');
INSERT INTO `act_hi_varinst` VALUES ('90013', '90001', '90001', null, 'dasy', 'integer', '2', null, null, '1', '1', null, '2019-06-10 17:53:43', '2019-06-10 17:56:17');
INSERT INTO `act_hi_varinst` VALUES ('90029', '90027', '90027', null, 'leaveId', 'string', '1', null, null, null, '23', null, '2019-06-10 17:59:15', '2019-06-10 18:21:27');

-- ----------------------------
-- Table structure for act_id_group
-- ----------------------------
DROP TABLE IF EXISTS `act_id_group`;
CREATE TABLE `act_id_group` (
  `ID_` varchar(64) COLLATE utf8_bin NOT NULL DEFAULT '',
  `REV_` int(11) DEFAULT NULL,
  `NAME_` varchar(255) COLLATE utf8_bin DEFAULT NULL,
  `TYPE_` varchar(255) COLLATE utf8_bin DEFAULT NULL,
  PRIMARY KEY (`ID_`)
) ENGINE=InnoDB DEFAULT CHARSET=utf8 COLLATE=utf8_bin;

-- ----------------------------
-- Records of act_id_group
-- ----------------------------
INSERT INTO `act_id_group` VALUES ('CEO', null, '', null);
INSERT INTO `act_id_group` VALUES ('admin', null, '', null);
INSERT INTO `act_id_group` VALUES ('boss', null, '', null);
INSERT INTO `act_id_group` VALUES ('emp', null, '', null);
INSERT INTO `act_id_group` VALUES ('manager', null, '', null);

-- ----------------------------
-- Table structure for act_id_info
-- ----------------------------
DROP TABLE IF EXISTS `act_id_info`;
CREATE TABLE `act_id_info` (
  `ID_` varchar(64) COLLATE utf8_bin NOT NULL DEFAULT '',
  `REV_` int(11) DEFAULT NULL,
  `USER_ID_` varchar(64) COLLATE utf8_bin DEFAULT NULL,
  `TYPE_` varchar(64) COLLATE utf8_bin DEFAULT NULL,
  `KEY_` varchar(255) COLLATE utf8_bin DEFAULT NULL,
  `VALUE_` varchar(255) COLLATE utf8_bin DEFAULT NULL,
  `PASSWORD_` longblob,
  `PARENT_ID_` varchar(255) COLLATE utf8_bin DEFAULT NULL,
  PRIMARY KEY (`ID_`)
) ENGINE=InnoDB DEFAULT CHARSET=utf8 COLLATE=utf8_bin;

-- ----------------------------
-- Records of act_id_info
-- ----------------------------

-- ----------------------------
-- Table structure for act_id_membership
-- ----------------------------
DROP TABLE IF EXISTS `act_id_membership`;
CREATE TABLE `act_id_membership` (
  `USER_ID_` varchar(64) COLLATE utf8_bin NOT NULL DEFAULT '',
  `GROUP_ID_` varchar(64) COLLATE utf8_bin NOT NULL DEFAULT '',
  PRIMARY KEY (`USER_ID_`,`GROUP_ID_`),
  KEY `ACT_FK_MEMB_GROUP` (`GROUP_ID_`),
  CONSTRAINT `ACT_FK_MEMB_GROUP` FOREIGN KEY (`GROUP_ID_`) REFERENCES `act_id_group` (`ID_`),
  CONSTRAINT `ACT_FK_MEMB_USER` FOREIGN KEY (`USER_ID_`) REFERENCES `act_id_user` (`ID_`)
) ENGINE=InnoDB DEFAULT CHARSET=utf8 COLLATE=utf8_bin;

-- ----------------------------
-- Records of act_id_membership
-- ----------------------------
INSERT INTO `act_id_membership` VALUES ('adam', 'CEO');
INSERT INTO `act_id_membership` VALUES ('wqb', 'admin');
INSERT INTO `act_id_membership` VALUES ('Harden', 'boss');
INSERT INTO `act_id_membership` VALUES ('jordan', 'boss');
INSERT INTO `act_id_membership` VALUES ('Harden', 'emp');
INSERT INTO `act_id_membership` VALUES ('james', 'emp');
INSERT INTO `act_id_membership` VALUES ('paul', 'emp');
INSERT INTO `act_id_membership` VALUES ('kebi', 'manager');
INSERT INTO `act_id_membership` VALUES ('klay', 'manager');

-- ----------------------------
-- Table structure for act_id_user
-- ----------------------------
DROP TABLE IF EXISTS `act_id_user`;
CREATE TABLE `act_id_user` (
  `ID_` varchar(64) COLLATE utf8_bin NOT NULL DEFAULT '',
  `REV_` int(11) DEFAULT NULL,
  `FIRST_` varchar(255) COLLATE utf8_bin DEFAULT NULL,
  `LAST_` varchar(255) COLLATE utf8_bin DEFAULT NULL,
  `EMAIL_` varchar(255) COLLATE utf8_bin DEFAULT NULL,
  `PWD_` varchar(255) COLLATE utf8_bin DEFAULT NULL,
  `PICTURE_ID_` varchar(64) COLLATE utf8_bin DEFAULT NULL,
  PRIMARY KEY (`ID_`)
) ENGINE=InnoDB DEFAULT CHARSET=utf8 COLLATE=utf8_bin;

-- ----------------------------
-- Records of act_id_user
-- ----------------------------
INSERT INTO `act_id_user` VALUES ('Harden', null, '', '', '2628894322@qq.com', 'e10adc3949ba59abbe56e057f20f883e', null);
INSERT INTO `act_id_user` VALUES ('adam', null, '', '', '2628894322@qq.com', 'e10adc3949ba59abbe56e057f20f883e', null);
INSERT INTO `act_id_user` VALUES ('james', null, '', '', '2628894322@qq.com', 'e10adc3949ba59abbe56e057f20f883e', null);
INSERT INTO `act_id_user` VALUES ('jordan', null, '', '', '2628894322@qq.com', 'e10adc3949ba59abbe56e057f20f883e', null);
INSERT INTO `act_id_user` VALUES ('kebi', null, '', '', '2628894322@qq.com', 'e10adc3949ba59abbe56e057f20f883e', null);
INSERT INTO `act_id_user` VALUES ('klay', null, '', '', '2628894322@qq.com', 'e10adc3949ba59abbe56e057f20f883e', null);
INSERT INTO `act_id_user` VALUES ('paul', null, '', '', '2628894322@qq.com', 'e10adc3949ba59abbe56e057f20f883e', null);
INSERT INTO `act_id_user` VALUES ('wqb', null, '', '', '2628894322@qq.com', 'e10adc3949ba59abbe56e057f20f883e', null);

-- ----------------------------
-- Table structure for act_procdef_info
-- ----------------------------
DROP TABLE IF EXISTS `act_procdef_info`;
CREATE TABLE `act_procdef_info` (
  `ID_` varchar(64) COLLATE utf8_bin NOT NULL,
  `PROC_DEF_ID_` varchar(64) COLLATE utf8_bin NOT NULL,
  `REV_` int(11) DEFAULT NULL,
  `INFO_JSON_ID_` varchar(64) COLLATE utf8_bin DEFAULT NULL,
  PRIMARY KEY (`ID_`),
  UNIQUE KEY `ACT_UNIQ_INFO_PROCDEF` (`PROC_DEF_ID_`),
  KEY `ACT_IDX_INFO_PROCDEF` (`PROC_DEF_ID_`),
  KEY `ACT_FK_INFO_JSON_BA` (`INFO_JSON_ID_`),
  CONSTRAINT `ACT_FK_INFO_JSON_BA` FOREIGN KEY (`INFO_JSON_ID_`) REFERENCES `act_ge_bytearray` (`ID_`),
  CONSTRAINT `ACT_FK_INFO_PROCDEF` FOREIGN KEY (`PROC_DEF_ID_`) REFERENCES `act_re_procdef` (`ID_`)
) ENGINE=InnoDB DEFAULT CHARSET=utf8 COLLATE=utf8_bin;

-- ----------------------------
-- Records of act_procdef_info
-- ----------------------------

-- ----------------------------
-- Table structure for act_re_deployment
-- ----------------------------
DROP TABLE IF EXISTS `act_re_deployment`;
CREATE TABLE `act_re_deployment` (
  `ID_` varchar(64) COLLATE utf8_bin NOT NULL DEFAULT '',
  `NAME_` varchar(255) COLLATE utf8_bin DEFAULT NULL,
  `CATEGORY_` varchar(255) COLLATE utf8_bin DEFAULT NULL,
  `TENANT_ID_` varchar(255) COLLATE utf8_bin DEFAULT '',
  `DEPLOY_TIME_` timestamp NULL DEFAULT NULL,
  PRIMARY KEY (`ID_`)
) ENGINE=InnoDB DEFAULT CHARSET=utf8 COLLATE=utf8_bin;

-- ----------------------------
-- Records of act_re_deployment
-- ----------------------------
INSERT INTO `act_re_deployment` VALUES ('102516', 'ML', null, '', '2019-06-10 18:28:57');
INSERT INTO `act_re_deployment` VALUES ('107501', 'ML', null, '', '2019-06-20 14:27:27');
INSERT INTO `act_re_deployment` VALUES ('110001', 'ML', null, '', '2019-07-26 16:42:09');
INSERT INTO `act_re_deployment` VALUES ('115001', 'AL', null, '', '2019-07-29 14:40:03');
INSERT INTO `act_re_deployment` VALUES ('142501', 'AL', null, '', '2019-07-31 17:31:05');
INSERT INTO `act_re_deployment` VALUES ('50004', 'AL', null, '', '2019-06-05 15:16:25');
INSERT INTO `act_re_deployment` VALUES ('62504', 'OT', null, '', '2019-06-05 16:36:14');
INSERT INTO `act_re_deployment` VALUES ('87502', 'CL', null, '', '2019-06-10 17:11:50');

-- ----------------------------
-- Table structure for act_re_model
-- ----------------------------
DROP TABLE IF EXISTS `act_re_model`;
CREATE TABLE `act_re_model` (
  `ID_` varchar(64) COLLATE utf8_bin NOT NULL,
  `REV_` int(11) DEFAULT NULL,
  `NAME_` varchar(255) COLLATE utf8_bin DEFAULT NULL,
  `KEY_` varchar(255) COLLATE utf8_bin DEFAULT NULL,
  `CATEGORY_` varchar(255) COLLATE utf8_bin DEFAULT NULL,
  `CREATE_TIME_` timestamp NULL DEFAULT NULL,
  `LAST_UPDATE_TIME_` timestamp NULL DEFAULT NULL,
  `VERSION_` int(11) DEFAULT NULL,
  `META_INFO_` varchar(4000) COLLATE utf8_bin DEFAULT NULL,
  `DEPLOYMENT_ID_` varchar(64) COLLATE utf8_bin DEFAULT NULL,
  `EDITOR_SOURCE_VALUE_ID_` varchar(64) COLLATE utf8_bin DEFAULT NULL,
  `EDITOR_SOURCE_EXTRA_VALUE_ID_` varchar(64) COLLATE utf8_bin DEFAULT NULL,
  `TENANT_ID_` varchar(255) COLLATE utf8_bin DEFAULT '',
  PRIMARY KEY (`ID_`),
  KEY `ACT_FK_MODEL_SOURCE` (`EDITOR_SOURCE_VALUE_ID_`),
  KEY `ACT_FK_MODEL_SOURCE_EXTRA` (`EDITOR_SOURCE_EXTRA_VALUE_ID_`),
  KEY `ACT_FK_MODEL_DEPLOYMENT` (`DEPLOYMENT_ID_`),
  CONSTRAINT `ACT_FK_MODEL_DEPLOYMENT` FOREIGN KEY (`DEPLOYMENT_ID_`) REFERENCES `act_re_deployment` (`ID_`),
  CONSTRAINT `ACT_FK_MODEL_SOURCE` FOREIGN KEY (`EDITOR_SOURCE_VALUE_ID_`) REFERENCES `act_ge_bytearray` (`ID_`),
  CONSTRAINT `ACT_FK_MODEL_SOURCE_EXTRA` FOREIGN KEY (`EDITOR_SOURCE_EXTRA_VALUE_ID_`) REFERENCES `act_ge_bytearray` (`ID_`)
) ENGINE=InnoDB DEFAULT CHARSET=utf8 COLLATE=utf8_bin;

-- ----------------------------
-- Records of act_re_model
-- ----------------------------
INSERT INTO `act_re_model` VALUES ('102513', '5', '', 'ML', null, '2019-06-10 18:27:01', '2019-07-29 14:12:44', '1', '{\"name\":\"\",\"revision\":1,\"description\":\"\"}', null, '102514', '102515', '');
INSERT INTO `act_re_model` VALUES ('50001', '6', '', 'AL', null, '2019-06-05 15:12:24', '2019-07-31 17:30:57', '1', '{\"name\":\"\",\"revision\":1,\"description\":\"\"}', null, '50002', '50003', '');
INSERT INTO `act_re_model` VALUES ('62501', '5', '', 'OT', null, '2019-06-05 16:31:02', '2019-06-05 16:34:43', '1', '{\"name\":\"\",\"revision\":1,\"description\":\"\"}', null, '62502', '62503', '');
INSERT INTO `act_re_model` VALUES ('85003', '4', '', 'CL', null, '2019-06-10 16:57:13', '2019-06-10 17:11:43', '1', '{\"name\":\"\",\"revision\":1,\"description\":\"\"}', null, '85004', '87501', '');

-- ----------------------------
-- Table structure for act_re_procdef
-- ----------------------------
DROP TABLE IF EXISTS `act_re_procdef`;
CREATE TABLE `act_re_procdef` (
  `ID_` varchar(64) COLLATE utf8_bin NOT NULL,
  `REV_` int(11) DEFAULT NULL,
  `CATEGORY_` varchar(255) COLLATE utf8_bin DEFAULT NULL,
  `NAME_` varchar(255) COLLATE utf8_bin DEFAULT NULL,
  `KEY_` varchar(255) COLLATE utf8_bin NOT NULL,
  `VERSION_` int(11) NOT NULL,
  `DEPLOYMENT_ID_` varchar(64) COLLATE utf8_bin DEFAULT NULL,
  `RESOURCE_NAME_` varchar(4000) COLLATE utf8_bin DEFAULT NULL,
  `DGRM_RESOURCE_NAME_` varchar(4000) COLLATE utf8_bin DEFAULT NULL,
  `DESCRIPTION_` varchar(4000) COLLATE utf8_bin DEFAULT NULL,
  `HAS_START_FORM_KEY_` tinyint(4) DEFAULT NULL,
  `HAS_GRAPHICAL_NOTATION_` tinyint(4) DEFAULT NULL,
  `SUSPENSION_STATE_` int(11) DEFAULT NULL,
  `TENANT_ID_` varchar(255) COLLATE utf8_bin DEFAULT '',
  PRIMARY KEY (`ID_`),
  UNIQUE KEY `ACT_UNIQ_PROCDEF` (`KEY_`,`VERSION_`,`TENANT_ID_`)
) ENGINE=InnoDB DEFAULT CHARSET=utf8 COLLATE=utf8_bin;

-- ----------------------------
-- Records of act_re_procdef
-- ----------------------------
INSERT INTO `act_re_procdef` VALUES ('AL:1:50007', '3', 'http://www.activiti.org/processdef', '', 'AL', '1', '50004', 'AL.bpmn20.xml', 'AL.AL.png', '', '0', '1', '1', '');
INSERT INTO `act_re_procdef` VALUES ('AL:2:115004', '1', 'http://www.activiti.org/processdef', '', 'AL', '2', '115001', 'AL.bpmn20.xml', 'AL.AL.png', '', '0', '1', '1', '');
INSERT INTO `act_re_procdef` VALUES ('AL:3:142504', '1', 'http://www.activiti.org/processdef', '', 'AL', '3', '142501', 'AL.bpmn20.xml', 'AL.AL.png', '', '0', '1', '1', '');
INSERT INTO `act_re_procdef` VALUES ('CL:1:87505', '1', 'http://www.activiti.org/processdef', '', 'CL', '1', '87502', 'CL.bpmn20.xml', 'CL.CL.png', '', '0', '1', '1', '');
INSERT INTO `act_re_procdef` VALUES ('ML:1:102519', '1', 'http://www.activiti.org/processdef', '', 'ML', '1', '102516', 'ML.bpmn20.xml', 'ML.ML.png', null, '0', '1', '1', '');
INSERT INTO `act_re_procdef` VALUES ('ML:2:107504', '1', 'http://www.activiti.org/processdef', '', 'ML', '2', '107501', 'ML.bpmn20.xml', 'ML.ML.png', null, '0', '1', '1', '');
INSERT INTO `act_re_procdef` VALUES ('ML:3:110007', '1', 'http://www.activiti.org/processdef', '', 'ML', '3', '110001', 'ML.bpmn20.xml', 'ML.ML.png', null, '0', '1', '1', '');
INSERT INTO `act_re_procdef` VALUES ('OT:1:62507', '1', 'http://www.activiti.org/processdef', '', 'OT', '1', '62504', 'OT.bpmn20.xml', 'OT.OT.png', '', '0', '1', '1', '');

-- ----------------------------
-- Table structure for act_ru_event_subscr
-- ----------------------------
DROP TABLE IF EXISTS `act_ru_event_subscr`;
CREATE TABLE `act_ru_event_subscr` (
  `ID_` varchar(64) COLLATE utf8_bin NOT NULL,
  `REV_` int(11) DEFAULT NULL,
  `EVENT_TYPE_` varchar(255) COLLATE utf8_bin NOT NULL,
  `EVENT_NAME_` varchar(255) COLLATE utf8_bin DEFAULT NULL,
  `EXECUTION_ID_` varchar(64) COLLATE utf8_bin DEFAULT NULL,
  `PROC_INST_ID_` varchar(64) COLLATE utf8_bin DEFAULT NULL,
  `ACTIVITY_ID_` varchar(64) COLLATE utf8_bin DEFAULT NULL,
  `CONFIGURATION_` varchar(255) COLLATE utf8_bin DEFAULT NULL,
  `CREATED_` timestamp NOT NULL DEFAULT CURRENT_TIMESTAMP,
  `PROC_DEF_ID_` varchar(64) COLLATE utf8_bin DEFAULT NULL,
  `TENANT_ID_` varchar(255) COLLATE utf8_bin DEFAULT '',
  PRIMARY KEY (`ID_`),
  KEY `ACT_IDX_EVENT_SUBSCR_CONFIG_` (`CONFIGURATION_`),
  KEY `ACT_FK_EVENT_EXEC` (`EXECUTION_ID_`),
  CONSTRAINT `ACT_FK_EVENT_EXEC` FOREIGN KEY (`EXECUTION_ID_`) REFERENCES `act_ru_execution` (`ID_`)
) ENGINE=InnoDB DEFAULT CHARSET=utf8 COLLATE=utf8_bin;

-- ----------------------------
-- Records of act_ru_event_subscr
-- ----------------------------

-- ----------------------------
-- Table structure for act_ru_execution
-- ----------------------------
DROP TABLE IF EXISTS `act_ru_execution`;
CREATE TABLE `act_ru_execution` (
  `ID_` varchar(64) COLLATE utf8_bin NOT NULL DEFAULT '',
  `REV_` int(11) DEFAULT NULL,
  `PROC_INST_ID_` varchar(64) COLLATE utf8_bin DEFAULT NULL,
  `BUSINESS_KEY_` varchar(255) COLLATE utf8_bin DEFAULT NULL,
  `PARENT_ID_` varchar(64) COLLATE utf8_bin DEFAULT NULL,
  `PROC_DEF_ID_` varchar(64) COLLATE utf8_bin DEFAULT NULL,
  `SUPER_EXEC_` varchar(64) COLLATE utf8_bin DEFAULT NULL,
  `ACT_ID_` varchar(255) COLLATE utf8_bin DEFAULT NULL,
  `IS_ACTIVE_` tinyint(4) DEFAULT NULL,
  `IS_CONCURRENT_` tinyint(4) DEFAULT NULL,
  `IS_SCOPE_` tinyint(4) DEFAULT NULL,
  `IS_EVENT_SCOPE_` tinyint(4) DEFAULT NULL,
  `SUSPENSION_STATE_` int(11) DEFAULT NULL,
  `CACHED_ENT_STATE_` int(11) DEFAULT NULL,
  `TENANT_ID_` varchar(255) COLLATE utf8_bin DEFAULT '',
  `NAME_` varchar(255) COLLATE utf8_bin DEFAULT NULL,
  `LOCK_TIME_` timestamp NULL DEFAULT NULL,
  PRIMARY KEY (`ID_`),
  KEY `ACT_IDX_EXEC_BUSKEY` (`BUSINESS_KEY_`),
  KEY `ACT_FK_EXE_PROCINST` (`PROC_INST_ID_`),
  KEY `ACT_FK_EXE_PARENT` (`PARENT_ID_`),
  KEY `ACT_FK_EXE_SUPER` (`SUPER_EXEC_`),
  KEY `ACT_FK_EXE_PROCDEF` (`PROC_DEF_ID_`),
  CONSTRAINT `ACT_FK_EXE_PARENT` FOREIGN KEY (`PARENT_ID_`) REFERENCES `act_ru_execution` (`ID_`),
  CONSTRAINT `ACT_FK_EXE_PROCDEF` FOREIGN KEY (`PROC_DEF_ID_`) REFERENCES `act_re_procdef` (`ID_`),
  CONSTRAINT `ACT_FK_EXE_PROCINST` FOREIGN KEY (`PROC_INST_ID_`) REFERENCES `act_ru_execution` (`ID_`) ON DELETE CASCADE ON UPDATE CASCADE,
  CONSTRAINT `ACT_FK_EXE_SUPER` FOREIGN KEY (`SUPER_EXEC_`) REFERENCES `act_ru_execution` (`ID_`)
) ENGINE=InnoDB DEFAULT CHARSET=utf8 COLLATE=utf8_bin;

-- ----------------------------
-- Records of act_ru_execution
-- ----------------------------
INSERT INTO `act_ru_execution` VALUES ('105001', '2', '105001', null, null, 'ML:1:102519', null, 'sid-C56962E6-A1E8-4DFC-9203-358FEDCEE92D', '1', '0', '1', '0', '1', '2', '', null, null);
INSERT INTO `act_ru_execution` VALUES ('112519', '3', '112519', null, null, 'ML:3:110007', null, 'sid-C2246B19-F332-4096-9C83-D0F7FA8B1E25', '1', '0', '1', '0', '1', '2', '', null, null);
INSERT INTO `act_ru_execution` VALUES ('115005', '3', '115005', null, null, 'CL:1:87505', null, 'sid-07A81BC6-45D2-44BF-AFB1-0D5972616423', '1', '0', '1', '0', '1', '2', '', null, null);
INSERT INTO `act_ru_execution` VALUES ('117526', '2', '117526', null, null, 'AL:2:115004', null, 'task002', '1', '0', '1', '0', '1', '2', '', null, null);
INSERT INTO `act_ru_execution` VALUES ('130013', '3', '130013', null, null, 'AL:2:115004', null, 'task002', '0', '0', '1', '0', '1', '0', '', null, null);
INSERT INTO `act_ru_execution` VALUES ('130024', '1', '130013', null, '130013', 'AL:2:115004', null, 'task001', '1', '1', '0', '0', '1', '7', '', null, null);
INSERT INTO `act_ru_execution` VALUES ('130025', '1', '130013', null, '130013', 'AL:2:115004', null, 'task001', '1', '1', '0', '0', '1', '7', '', null, null);
INSERT INTO `act_ru_execution` VALUES ('135001', '3', '135001', null, null, 'AL:2:115004', null, 'task001', '1', '0', '1', '0', '1', '2', '', null, null);
INSERT INTO `act_ru_execution` VALUES ('142505', '2', '142505', null, null, 'AL:3:142504', null, 'task002', '1', '0', '1', '0', '1', '2', '', null, null);
INSERT INTO `act_ru_execution` VALUES ('57513', '3', '57513', null, null, 'AL:1:50007', null, 'task001', '1', '0', '1', '0', '1', '2', '', null, null);
INSERT INTO `act_ru_execution` VALUES ('75001', '3', '75001', null, null, 'OT:1:62507', null, 'sid-E425A65C-57C3-42C2-8B21-443E95F9EEE4', '1', '0', '1', '0', '1', '2', '', null, null);

-- ----------------------------
-- Table structure for act_ru_identitylink
-- ----------------------------
DROP TABLE IF EXISTS `act_ru_identitylink`;
CREATE TABLE `act_ru_identitylink` (
  `ID_` varchar(64) COLLATE utf8_bin NOT NULL DEFAULT '',
  `REV_` int(11) DEFAULT NULL,
  `GROUP_ID_` varchar(255) COLLATE utf8_bin DEFAULT NULL,
  `TYPE_` varchar(255) COLLATE utf8_bin DEFAULT NULL,
  `USER_ID_` varchar(255) COLLATE utf8_bin DEFAULT NULL,
  `TASK_ID_` varchar(64) COLLATE utf8_bin DEFAULT NULL,
  `PROC_INST_ID_` varchar(64) COLLATE utf8_bin DEFAULT NULL,
  `PROC_DEF_ID_` varchar(64) COLLATE utf8_bin DEFAULT NULL,
  PRIMARY KEY (`ID_`),
  KEY `ACT_IDX_IDENT_LNK_USER` (`USER_ID_`),
  KEY `ACT_IDX_IDENT_LNK_GROUP` (`GROUP_ID_`),
  KEY `ACT_IDX_ATHRZ_PROCEDEF` (`PROC_DEF_ID_`),
  KEY `ACT_FK_TSKASS_TASK` (`TASK_ID_`),
  KEY `ACT_FK_IDL_PROCINST` (`PROC_INST_ID_`),
  CONSTRAINT `ACT_FK_ATHRZ_PROCEDEF` FOREIGN KEY (`PROC_DEF_ID_`) REFERENCES `act_re_procdef` (`ID_`),
  CONSTRAINT `ACT_FK_IDL_PROCINST` FOREIGN KEY (`PROC_INST_ID_`) REFERENCES `act_ru_execution` (`ID_`),
  CONSTRAINT `ACT_FK_TSKASS_TASK` FOREIGN KEY (`TASK_ID_`) REFERENCES `act_ru_task` (`ID_`)
) ENGINE=InnoDB DEFAULT CHARSET=utf8 COLLATE=utf8_bin;

-- ----------------------------
-- Records of act_ru_identitylink
-- ----------------------------
INSERT INTO `act_ru_identitylink` VALUES ('105008', '1', null, 'candidate', 'klay', '105007', null, null);
INSERT INTO `act_ru_identitylink` VALUES ('105009', '1', null, 'participant', 'klay', null, '105001', null);
INSERT INTO `act_ru_identitylink` VALUES ('105010', '1', null, 'candidate', 'kebi', '105007', null, null);
INSERT INTO `act_ru_identitylink` VALUES ('105011', '1', null, 'participant', 'kebi', null, '105001', null);
INSERT INTO `act_ru_identitylink` VALUES ('112527', '1', null, 'participant', 'klay', null, '112519', null);
INSERT INTO `act_ru_identitylink` VALUES ('112529', '1', null, 'participant', 'kebi', null, '112519', null);
INSERT INTO `act_ru_identitylink` VALUES ('112530', '1', null, 'participant', 'jordan', null, '112519', null);
INSERT INTO `act_ru_identitylink` VALUES ('112534', '1', null, 'participant', '[]', null, '112519', null);
INSERT INTO `act_ru_identitylink` VALUES ('115012', '1', null, 'participant', 'kebi', null, '115005', null);
INSERT INTO `act_ru_identitylink` VALUES ('117533', '1', 'manager', 'candidate', null, '117532', null, null);
INSERT INTO `act_ru_identitylink` VALUES ('117542', '1', null, 'participant', 'klay', null, '117526', null);
INSERT INTO `act_ru_identitylink` VALUES ('117554', '1', null, 'participant', 'klay', null, '115005', null);
INSERT INTO `act_ru_identitylink` VALUES ('120021', '1', null, 'participant', '[]', null, '115005', null);
INSERT INTO `act_ru_identitylink` VALUES ('120024', '1', null, 'participant', 'jordan', null, '115005', null);
INSERT INTO `act_ru_identitylink` VALUES ('130021', '1', null, 'participant', 'kebi', null, '130013', null);
INSERT INTO `act_ru_identitylink` VALUES ('130023', '1', null, 'participant', '[]', null, '130013', null);
INSERT INTO `act_ru_identitylink` VALUES ('135009', '1', null, 'participant', 'kebi', null, '135001', null);
INSERT INTO `act_ru_identitylink` VALUES ('135011', '1', null, 'participant', '[]', null, '135001', null);
INSERT INTO `act_ru_identitylink` VALUES ('142512', '1', 'manager', 'candidate', null, '142511', null, null);
INSERT INTO `act_ru_identitylink` VALUES ('145001', '1', null, 'participant', 'kebi', null, '142505', null);
INSERT INTO `act_ru_identitylink` VALUES ('57520', '1', null, 'participant', 'kebi', null, '57513', null);
INSERT INTO `act_ru_identitylink` VALUES ('60002', '1', null, 'participant', '[]', null, '57513', null);
INSERT INTO `act_ru_identitylink` VALUES ('75008', '1', null, 'participant', 'kebi', null, '75001', null);
INSERT INTO `act_ru_identitylink` VALUES ('77501', '1', null, 'participant', 'klay', null, '75001', null);

-- ----------------------------
-- Table structure for act_ru_job
-- ----------------------------
DROP TABLE IF EXISTS `act_ru_job`;
CREATE TABLE `act_ru_job` (
  `ID_` varchar(64) COLLATE utf8_bin NOT NULL,
  `REV_` int(11) DEFAULT NULL,
  `TYPE_` varchar(255) COLLATE utf8_bin NOT NULL,
  `LOCK_EXP_TIME_` timestamp NULL DEFAULT NULL,
  `LOCK_OWNER_` varchar(255) COLLATE utf8_bin DEFAULT NULL,
  `EXCLUSIVE_` tinyint(1) DEFAULT NULL,
  `EXECUTION_ID_` varchar(64) COLLATE utf8_bin DEFAULT NULL,
  `PROCESS_INSTANCE_ID_` varchar(64) COLLATE utf8_bin DEFAULT NULL,
  `PROC_DEF_ID_` varchar(64) COLLATE utf8_bin DEFAULT NULL,
  `RETRIES_` int(11) DEFAULT NULL,
  `EXCEPTION_STACK_ID_` varchar(64) COLLATE utf8_bin DEFAULT NULL,
  `EXCEPTION_MSG_` varchar(4000) COLLATE utf8_bin DEFAULT NULL,
  `DUEDATE_` timestamp NULL DEFAULT NULL,
  `REPEAT_` varchar(255) COLLATE utf8_bin DEFAULT NULL,
  `HANDLER_TYPE_` varchar(255) COLLATE utf8_bin DEFAULT NULL,
  `HANDLER_CFG_` varchar(4000) COLLATE utf8_bin DEFAULT NULL,
  `TENANT_ID_` varchar(255) COLLATE utf8_bin DEFAULT '',
  PRIMARY KEY (`ID_`),
  KEY `ACT_FK_JOB_EXCEPTION` (`EXCEPTION_STACK_ID_`),
  CONSTRAINT `ACT_FK_JOB_EXCEPTION` FOREIGN KEY (`EXCEPTION_STACK_ID_`) REFERENCES `act_ge_bytearray` (`ID_`)
) ENGINE=InnoDB DEFAULT CHARSET=utf8 COLLATE=utf8_bin;

-- ----------------------------
-- Records of act_ru_job
-- ----------------------------

-- ----------------------------
-- Table structure for act_ru_task
-- ----------------------------
DROP TABLE IF EXISTS `act_ru_task`;
CREATE TABLE `act_ru_task` (
  `ID_` varchar(64) COLLATE utf8_bin NOT NULL DEFAULT '',
  `REV_` int(11) DEFAULT NULL,
  `EXECUTION_ID_` varchar(64) COLLATE utf8_bin DEFAULT NULL,
  `PROC_INST_ID_` varchar(64) COLLATE utf8_bin DEFAULT NULL,
  `PROC_DEF_ID_` varchar(64) COLLATE utf8_bin DEFAULT NULL,
  `NAME_` varchar(255) COLLATE utf8_bin DEFAULT NULL,
  `PARENT_TASK_ID_` varchar(64) COLLATE utf8_bin DEFAULT NULL,
  `DESCRIPTION_` varchar(4000) COLLATE utf8_bin DEFAULT NULL,
  `TASK_DEF_KEY_` varchar(255) COLLATE utf8_bin DEFAULT NULL,
  `OWNER_` varchar(255) COLLATE utf8_bin DEFAULT NULL,
  `ASSIGNEE_` varchar(255) COLLATE utf8_bin DEFAULT NULL,
  `DELEGATION_` varchar(64) COLLATE utf8_bin DEFAULT NULL,
  `PRIORITY_` int(11) DEFAULT NULL,
  `CREATE_TIME_` timestamp NULL DEFAULT NULL,
  `DUE_DATE_` datetime DEFAULT NULL,
  `CATEGORY_` varchar(255) COLLATE utf8_bin DEFAULT NULL,
  `SUSPENSION_STATE_` int(11) DEFAULT NULL,
  `TENANT_ID_` varchar(255) COLLATE utf8_bin DEFAULT '',
  `FORM_KEY_` varchar(255) COLLATE utf8_bin DEFAULT NULL,
  PRIMARY KEY (`ID_`),
  KEY `ACT_IDX_TASK_CREATE` (`CREATE_TIME_`),
  KEY `ACT_FK_TASK_EXE` (`EXECUTION_ID_`),
  KEY `ACT_FK_TASK_PROCINST` (`PROC_INST_ID_`),
  KEY `ACT_FK_TASK_PROCDEF` (`PROC_DEF_ID_`),
  CONSTRAINT `ACT_FK_TASK_EXE` FOREIGN KEY (`EXECUTION_ID_`) REFERENCES `act_ru_execution` (`ID_`),
  CONSTRAINT `ACT_FK_TASK_PROCDEF` FOREIGN KEY (`PROC_DEF_ID_`) REFERENCES `act_re_procdef` (`ID_`),
  CONSTRAINT `ACT_FK_TASK_PROCINST` FOREIGN KEY (`PROC_INST_ID_`) REFERENCES `act_ru_execution` (`ID_`)
) ENGINE=InnoDB DEFAULT CHARSET=utf8 COLLATE=utf8_bin;

-- ----------------------------
-- Records of act_ru_task
-- ----------------------------
INSERT INTO `act_ru_task` VALUES ('105007', '2', '105001', '105001', 'ML:1:102519', '', null, null, 'sid-C56962E6-A1E8-4DFC-9203-358FEDCEE92D', null, 'klay', null, '50', '2019-06-10 19:01:01', null, null, '1', '', null);
INSERT INTO `act_ru_task` VALUES ('112536', '1', '112519', '112519', 'ML:3:110007', '', null, null, 'sid-C2246B19-F332-4096-9C83-D0F7FA8B1E25', null, null, null, '50', '2019-07-29 13:32:35', null, null, '1', '', null);
INSERT INTO `act_ru_task` VALUES ('117532', '2', '117526', '117526', 'AL:2:115004', '', null, '', 'task002', null, 'klay', null, '50', '2019-07-29 16:42:15', null, null, '1', '', null);
INSERT INTO `act_ru_task` VALUES ('120023', '1', '115005', '115005', 'CL:1:87505', '', null, null, 'sid-07A81BC6-45D2-44BF-AFB1-0D5972616423', null, 'jordan', null, '50', '2019-07-29 17:14:57', null, null, '1', '', null);
INSERT INTO `act_ru_task` VALUES ('130027', '1', '130024', '130013', 'AL:2:115004', '', null, '', 'task001', null, null, null, '50', '2019-07-30 13:37:10', null, null, '1', '', null);
INSERT INTO `act_ru_task` VALUES ('130029', '1', '130025', '130013', 'AL:2:115004', '', null, '', 'task001', null, null, null, '50', '2019-07-30 13:37:10', null, null, '1', '', null);
INSERT INTO `act_ru_task` VALUES ('135013', '1', '135001', '135001', 'AL:2:115004', '', null, '', 'task001', null, null, null, '50', '2019-07-31 14:09:13', null, null, '1', '', null);
INSERT INTO `act_ru_task` VALUES ('142511', '2', '142505', '142505', 'AL:3:142504', '', null, '', 'task002', null, 'kebi', null, '50', '2019-07-31 17:31:50', null, null, '1', '', null);
INSERT INTO `act_ru_task` VALUES ('60004', '1', '57513', '57513', 'AL:1:50007', '', null, '', 'task001', null, null, null, '50', '2019-06-05 16:22:48', null, null, '1', '', null);
INSERT INTO `act_ru_task` VALUES ('85002', '1', '75001', '75001', 'OT:1:62507', '', null, null, 'sid-E425A65C-57C3-42C2-8B21-443E95F9EEE4', null, null, null, '50', '2019-06-10 16:53:39', null, null, '1', '', null);

-- ----------------------------
-- Table structure for act_ru_variable
-- ----------------------------
DROP TABLE IF EXISTS `act_ru_variable`;
CREATE TABLE `act_ru_variable` (
  `ID_` varchar(64) COLLATE utf8_bin NOT NULL,
  `REV_` int(11) DEFAULT NULL,
  `TYPE_` varchar(255) COLLATE utf8_bin NOT NULL,
  `NAME_` varchar(255) COLLATE utf8_bin NOT NULL,
  `EXECUTION_ID_` varchar(64) COLLATE utf8_bin DEFAULT NULL,
  `PROC_INST_ID_` varchar(64) COLLATE utf8_bin DEFAULT NULL,
  `TASK_ID_` varchar(64) COLLATE utf8_bin DEFAULT NULL,
  `BYTEARRAY_ID_` varchar(64) COLLATE utf8_bin DEFAULT NULL,
  `DOUBLE_` double DEFAULT NULL,
  `LONG_` bigint(20) DEFAULT NULL,
  `TEXT_` varchar(4000) COLLATE utf8_bin DEFAULT NULL,
  `TEXT2_` varchar(4000) COLLATE utf8_bin DEFAULT NULL,
  PRIMARY KEY (`ID_`),
  KEY `ACT_IDX_VARIABLE_TASK_ID` (`TASK_ID_`),
  KEY `ACT_FK_VAR_EXE` (`EXECUTION_ID_`),
  KEY `ACT_FK_VAR_PROCINST` (`PROC_INST_ID_`),
  KEY `ACT_FK_VAR_BYTEARRAY` (`BYTEARRAY_ID_`),
  CONSTRAINT `ACT_FK_VAR_BYTEARRAY` FOREIGN KEY (`BYTEARRAY_ID_`) REFERENCES `act_ge_bytearray` (`ID_`),
  CONSTRAINT `ACT_FK_VAR_EXE` FOREIGN KEY (`EXECUTION_ID_`) REFERENCES `act_ru_execution` (`ID_`),
  CONSTRAINT `ACT_FK_VAR_PROCINST` FOREIGN KEY (`PROC_INST_ID_`) REFERENCES `act_ru_execution` (`ID_`)
) ENGINE=InnoDB DEFAULT CHARSET=utf8 COLLATE=utf8_bin;

-- ----------------------------
-- Records of act_ru_variable
-- ----------------------------
INSERT INTO `act_ru_variable` VALUES ('105003', '1', 'string', 'leaveId', '105001', '105001', null, null, null, null, '26', null);
INSERT INTO `act_ru_variable` VALUES ('112521', '1', 'string', 'leaveId', '112519', '112519', null, null, null, null, '28', null);
INSERT INTO `act_ru_variable` VALUES ('115007', '1', 'string', 'leaveId', '115005', '115005', null, null, null, null, '29', null);
INSERT INTO `act_ru_variable` VALUES ('117528', '1', 'string', 'leaveId', '117526', '117526', null, null, null, null, '32', null);
INSERT INTO `act_ru_variable` VALUES ('120020', '1', 'integer', 'dasy', '115005', '115005', null, null, null, '1', '1', null);
INSERT INTO `act_ru_variable` VALUES ('130015', '1', 'string', 'leaveId', '130013', '130013', null, null, null, null, '37', null);
INSERT INTO `act_ru_variable` VALUES ('135003', '1', 'string', 'leaveId', '135001', '135001', null, null, null, null, '39', null);
INSERT INTO `act_ru_variable` VALUES ('142507', '1', 'string', 'leaveId', '142505', '142505', null, null, null, null, '41', null);
INSERT INTO `act_ru_variable` VALUES ('57515', '1', 'string', 'leaveId', '57513', '57513', null, null, null, null, '15', null);
INSERT INTO `act_ru_variable` VALUES ('75003', '1', 'string', 'leaveId', '75001', '75001', null, null, null, null, '20', null);

-- ----------------------------
-- Table structure for resources
-- ----------------------------
DROP TABLE IF EXISTS `resources`;
CREATE TABLE `resources` (
  `id` int(11) NOT NULL AUTO_INCREMENT,
  `name` varchar(255) DEFAULT NULL COMMENT '',
  `resUrl` varchar(255) DEFAULT NULL COMMENT 'url',
  `type` int(11) DEFAULT NULL COMMENT '   1:    2',
  `parentId` int(11) DEFAULT NULL COMMENT '',
  `sort` int(11) DEFAULT NULL COMMENT '',
  PRIMARY KEY (`id`)
) ENGINE=InnoDB AUTO_INCREMENT=33 DEFAULT CHARSET=utf8;

-- ----------------------------
-- Records of resources
-- ----------------------------
INSERT INTO `resources` VALUES ('1', '', '/system', '0', '0', '1');
INSERT INTO `resources` VALUES ('2', '', '/usersManage', '1', '1', '2');
INSERT INTO `resources` VALUES ('3', '', '/processManage', '1', '1', '3');
INSERT INTO `resources` VALUES ('4', '', '/taskManage', '1', '1', '1');
INSERT INTO `resources` VALUES ('6', '', '/userManage', '1', '2', '1');
INSERT INTO `resources` VALUES ('7', '', '/userManage/add', '2', '6', '1');
INSERT INTO `resources` VALUES ('8', '', '/userManage/update', '2', '6', '1');
INSERT INTO `resources` VALUES ('9', '', '/userManage/delete', '2', '6', '1');
INSERT INTO `resources` VALUES ('10', '', '/roleManage', '1', '2', '1');
INSERT INTO `resources` VALUES ('11', '', '/roleManage/add', '1', '10', '1');
INSERT INTO `resources` VALUES ('12', '', '/roleManage/update', '1', '10', '1');
INSERT INTO `resources` VALUES ('13', '', '/roleManage/delete', '1', '10', '1');
INSERT INTO `resources` VALUES ('14', '', '/roleManage/permission', '1', '10', '1');
INSERT INTO `resources` VALUES ('15', '', '/userManage/permission', '2', '6', '1');
INSERT INTO `resources` VALUES ('16', '', '/resourcesManage', '1', '2', '1');
INSERT INTO `resources` VALUES ('17', '', '/resourcesManage/add', '1', '16', '1');
INSERT INTO `resources` VALUES ('18', '', '/resourcesManage/update', '1', '16', '1');
INSERT INTO `resources` VALUES ('19', '', '/resourcesManage/delete', '1', '16', '1');
INSERT INTO `resources` VALUES ('20', '', '/processManage/processDesign', '1', '3', '1');
INSERT INTO `resources` VALUES ('21', '', '/processManage/deployManage', '1', '3', '1');
INSERT INTO `resources` VALUES ('22', '', '/processManage/processDefinitionManage', '1', '3', '1');
INSERT INTO `resources` VALUES ('23', '', '/taskManage/claimTaskManage', '1', '4', '1');
INSERT INTO `resources` VALUES ('24', '', '/taskManage/daibanManage', '1', '4', '1');
INSERT INTO `resources` VALUES ('25', '', '/taskManage/yibanManage', '1', '4', '1');
INSERT INTO `resources` VALUES ('26', '', '/taskManage/lishiManage', '1', '4', '1');
INSERT INTO `resources` VALUES ('27', '', '/taskManage/deTaskManage', '1', '4', '1');
INSERT INTO `resources` VALUES ('28', '', '/taskManage/assignTaskManage', '1', '4', '1');
INSERT INTO `resources` VALUES ('29', '', '/busManage', '1', '1', '1');
INSERT INTO `resources` VALUES ('30', '', '/busManage/leaveManage', '1', '29', '1');
INSERT INTO `resources` VALUES ('31', '', '/codeManage', '1', '1', '1');
INSERT INTO `resources` VALUES ('32', '', '/codeManage/codeGenerate', '1', '31', '1');

-- ----------------------------
-- Table structure for role_resources
-- ----------------------------
DROP TABLE IF EXISTS `role_resources`;
CREATE TABLE `role_resources` (
  `rid` varchar(10) DEFAULT NULL COMMENT 'ID',
  `pid` varchar(20) DEFAULT NULL COMMENT 'ID'
) ENGINE=InnoDB DEFAULT CHARSET=utf8;

-- ----------------------------
-- Records of role_resources
-- ----------------------------
INSERT INTO `role_resources` VALUES ('CEO', '4');
INSERT INTO `role_resources` VALUES ('CEO', '23');
INSERT INTO `role_resources` VALUES ('CEO', '24');
INSERT INTO `role_resources` VALUES ('CEO', '25');
INSERT INTO `role_resources` VALUES ('CEO', '26');
INSERT INTO `role_resources` VALUES ('CEO', '27');
INSERT INTO `role_resources` VALUES ('CEO', '28');
INSERT INTO `role_resources` VALUES ('emp', '2');
INSERT INTO `role_resources` VALUES ('emp', '6');
INSERT INTO `role_resources` VALUES ('emp', '3');
INSERT INTO `role_resources` VALUES ('manager', '4');
INSERT INTO `role_resources` VALUES ('manager', '23');
INSERT INTO `role_resources` VALUES ('manager', '24');
INSERT INTO `role_resources` VALUES ('manager', '25');
INSERT INTO `role_resources` VALUES ('manager', '26');
INSERT INTO `role_resources` VALUES ('manager', '27');
INSERT INTO `role_resources` VALUES ('manager', '28');
INSERT INTO `role_resources` VALUES ('manager', '3');
INSERT INTO `role_resources` VALUES ('manager', '20');
INSERT INTO `role_resources` VALUES ('manager', '21');
INSERT INTO `role_resources` VALUES ('manager', '22');
INSERT INTO `role_resources` VALUES ('admin', '4');
INSERT INTO `role_resources` VALUES ('admin', '23');
INSERT INTO `role_resources` VALUES ('admin', '24');
INSERT INTO `role_resources` VALUES ('admin', '25');
INSERT INTO `role_resources` VALUES ('admin', '26');
INSERT INTO `role_resources` VALUES ('admin', '27');
INSERT INTO `role_resources` VALUES ('admin', '28');
INSERT INTO `role_resources` VALUES ('admin', '29');
INSERT INTO `role_resources` VALUES ('admin', '30');
INSERT INTO `role_resources` VALUES ('admin', '31');
INSERT INTO `role_resources` VALUES ('admin', '32');
INSERT INTO `role_resources` VALUES ('admin', '2');
INSERT INTO `role_resources` VALUES ('admin', '6');
INSERT INTO `role_resources` VALUES ('admin', '7');
INSERT INTO `role_resources` VALUES ('admin', '8');
INSERT INTO `role_resources` VALUES ('admin', '9');
INSERT INTO `role_resources` VALUES ('admin', '15');
INSERT INTO `role_resources` VALUES ('admin', '10');
INSERT INTO `role_resources` VALUES ('admin', '11');
INSERT INTO `role_resources` VALUES ('admin', '12');
INSERT INTO `role_resources` VALUES ('admin', '13');
INSERT INTO `role_resources` VALUES ('admin', '14');
INSERT INTO `role_resources` VALUES ('admin', '16');
INSERT INTO `role_resources` VALUES ('admin', '17');
INSERT INTO `role_resources` VALUES ('admin', '18');
INSERT INTO `role_resources` VALUES ('admin', '19');
INSERT INTO `role_resources` VALUES ('admin', '3');
INSERT INTO `role_resources` VALUES ('admin', '20');
INSERT INTO `role_resources` VALUES ('admin', '21');
INSERT INTO `role_resources` VALUES ('admin', '22');

-- ----------------------------
-- Table structure for t_leave
-- ----------------------------
DROP TABLE IF EXISTS `t_leave`;
CREATE TABLE `t_leave` (
  `id` int(11) NOT NULL AUTO_INCREMENT,
  `userId` varchar(64) DEFAULT NULL,
  `leaveDate` datetime DEFAULT NULL,
  `leaveDays` int(11) DEFAULT NULL,
  `leaveReason` text,
  `state` varchar(20) DEFAULT NULL,
  `processInstanceId` varchar(50) DEFAULT NULL,
  `leaveType` varchar(20) NOT NULL,
  PRIMARY KEY (`id`)
) ENGINE=InnoDB AUTO_INCREMENT=42 DEFAULT CHARSET=utf8;

-- ----------------------------
-- Records of t_leave
-- ----------------------------
INSERT INTO `t_leave` VALUES ('12', 'james', '2019-06-05 15:23:22', '30', '', '', '52501', 'AL');
INSERT INTO `t_leave` VALUES ('13', 'james', '2019-06-05 15:49:42', '30', '', '', '55001', 'AL');
INSERT INTO `t_leave` VALUES ('14', 'james', '2019-06-05 15:59:59', '30', '', '', '57501', 'AL');
INSERT INTO `t_leave` VALUES ('15', 'james', '2019-06-05 16:07:38', '30', '', '', '57513', 'AL');
INSERT INTO `t_leave` VALUES ('16', 'james', '2019-06-05 16:33:31', '1', '', '', '62531', 'OT');
INSERT INTO `t_leave` VALUES ('17', 'james', '2019-06-05 16:35:11', '1', '', '', '62508', 'OT');
INSERT INTO `t_leave` VALUES ('18', 'james', '2019-06-05 17:27:46', '1', '', '', '65001', 'OT');
INSERT INTO `t_leave` VALUES ('19', 'james', '2019-06-05 17:36:23', '11', '', '', '65018', 'AL');
INSERT INTO `t_leave` VALUES ('20', 'james', '2019-06-10 09:18:13', '1', '', '', '75001', 'OT');
INSERT INTO `t_leave` VALUES ('21', 'james', '2019-06-10 17:14:13', '17', '', '', '87506', 'CL');
INSERT INTO `t_leave` VALUES ('22', 'james', '2019-06-10 17:46:44', '1', 'sql', '', '90001', 'OT');
INSERT INTO `t_leave` VALUES ('23', 'james', '2019-06-10 17:59:13', '1', '', '', '90027', 'OT');
INSERT INTO `t_leave` VALUES ('24', 'james', '2019-06-10 18:19:39', '1', '', '', null, 'OT');
INSERT INTO `t_leave` VALUES ('25', 'james', '2019-06-10 18:29:25', '3', '', '', '102520', 'ML');
INSERT INTO `t_leave` VALUES ('26', 'james', '2019-06-10 19:00:59', '1', '', '', '105001', 'ML');
INSERT INTO `t_leave` VALUES ('27', 'james', '2019-07-29 13:18:46', '10', '', '', '112501', 'ML');
INSERT INTO `t_leave` VALUES ('28', 'james', '2019-07-29 13:27:57', '1', '', '', '112519', 'ML');
INSERT INTO `t_leave` VALUES ('29', 'james', '2019-07-29 14:40:35', '1', '', '', '115005', 'CL');
INSERT INTO `t_leave` VALUES ('30', 'james', '2019-07-29 14:42:53', '1', '', '', '115013', 'AL');
INSERT INTO `t_leave` VALUES ('31', 'james', '2019-07-29 16:25:42', '11', '', '', '117501', 'AL');
INSERT INTO `t_leave` VALUES ('32', 'james', '2019-07-29 16:42:12', '17', '', '', '117526', 'AL');
INSERT INTO `t_leave` VALUES ('33', 'james', '2019-07-29 16:44:29', '4', '', '', '117534', 'AL');
INSERT INTO `t_leave` VALUES ('34', 'james', '2019-07-29 17:08:39', '1', '', '', '120001', 'AL');
INSERT INTO `t_leave` VALUES ('35', 'james', '2019-07-29 17:31:42', '1', '', '', '122501', 'AL');
INSERT INTO `t_leave` VALUES ('36', 'james', '2019-07-30 13:11:30', '10', '', '', '127501', 'AL');
INSERT INTO `t_leave` VALUES ('37', 'james', '2019-07-30 13:35:37', '8', '', '', '130013', 'AL');
INSERT INTO `t_leave` VALUES ('38', 'james', '2019-07-30 13:38:12', '1', '', '', '130030', 'AL');
INSERT INTO `t_leave` VALUES ('39', 'james', '2019-07-31 14:07:19', '1', '', '', '135001', 'AL');
INSERT INTO `t_leave` VALUES ('40', 'james', '2019-07-31 15:44:28', '1', '', '', '135014', 'AL');
INSERT INTO `t_leave` VALUES ('41', 'james', '2019-07-31 17:31:43', '1', '', '', '142505', 'AL');
